Country Name,Country Code,Region,Sub-Region,Series Name,Series Code,2005 [YR2005],2006 [YR2006],2007 [YR2007],2008 [YR2008],2009 [YR2009],2010 [YR2010],2011 [YR2011],2012 [YR2012],2013 [YR2013],2014 [YR2014],2015 [YR2015],2016 [YR2016],2017 [YR2017],2018 [YR2018],2019 [YR2019],2020 [YR2020],2021 [YR2021],2022 [YR2022],2023 [YR2023],2024 [YR2024]
Afghanistan,AFG,Asia,Southern Asia,"Total reserves (includes gold, current US$)",FI.RES.TOTL.CD,..,..,..,3042274496,4265888740,5162440807,6344641960,7152304398,7288702711,7528549880,6976966154,7281910524,8097280956,8206682106,8497655795,9748946327,..,..,..,..
Afghanistan,AFG,Asia,Southern Asia,Total reserves minus gold (current US$),FI.RES.XGLD.CD,..,..,..,2430835946,3501370864,4174367358,5268341390,5982504171,6441933256,6680725917,6231780913,6476337159,7185835046,7305675820,7426979266,8419488004,..,..,..,..
Afghanistan,AFG,Asia,Southern Asia,GDP growth (annual %),NY.GDP.MKTP.KD.ZG,11.22971483,5.357403247,13.82631955,3.92498382,21.39052839,14.36244147,0.426354777,12.75228709,5.600744659,2.724543362,1.451314661,2.260314203,2.647003203,1.189228129,3.911603416,-2.351100672,-20.73883937,-6.240171992,2.266943736,..
Afghanistan,AFG,Asia,Southern Asia,GDP per capita (constant 2015 US$),NY.GDP.PCAP.KD,363.6401414,367.7583117,410.7577289,417.6472826,488.8306525,542.8710305,525.4269828,568.9290215,580.6038333,575.1462458,565.5697304,563.8723367,562.7695741,553.1251517,557.8615332,527.8345545,408.6258552,377.6656271,378.0663031,..
Afghanistan,AFG,Asia,Southern Asia,GDP (constant 2015 US$),NY.GDP.MKTP.KD,8874480196,9349921886,10642671963,11060395116,13426272073,15354612542,15420077666,17386490239,18360263163,18860496494,19134221645,19566715174,20084646751,20323499020,21118473702,20621957125,16345202563,15325233810,15672648238,..
Afghanistan,AFG,Asia,Southern Asia,Current account balance (% of GDP),BN.CAB.XOKA.GD.ZS,..,..,..,-2.357990447,2.236019419,-3.643313882,-12.61953821,-25.8706815,-25.29005856,-15.77241983,-21.91265734,-14.95019519,-18.95596123,-21.58527412,-20.17046439,-15.71830279,..,..,..,..
Afghanistan,AFG,Asia,Southern Asia,Access to electricity (% of population),EG.ELC.ACCS.ZS,28.7,33.5,38.4,42.4,48.3,42.7,43.2,69.1,68,89.5,71.5,97.7,97.7,93.4,97.7,97.7,97.7,85.3,85.3,..
Afghanistan,AFG,Asia,Southern Asia,External balance on goods and services (% of GDP),NE.RSB.GNFS.ZS,..,..,..,..,..,..,..,..,..,..,..,..,..,..,..,-25.86826027,-22.72741078,-36.12538481,-33.87908891,..
Afghanistan,AFG,Asia,Southern Asia,GDP per capita (current US$),NY.GDP.PCAP.CD,254.1842491,274.2185536,376.223152,381.733238,452.0537055,560.6215055,606.6946763,651.4171345,637.0870991,625.0549418,565.5697304,522.0822156,525.4697709,491.3372214,496.6025043,510.7870634,356.4962141,357.2611528,413.7578947,..
Afghanistan,AFG,Asia,Southern Asia,GDP per capita growth (annual %),NY.GDP.PCAP.KD.ZG,7.383377282,1.132485055,11.69230329,1.677279156,17.04389632,11.05503055,-3.213295006,8.279368993,2.052068261,-0.939984756,-1.665057447,-0.300121027,-0.195569548,-1.713742693,0.856294729,-5.382514642,-22.58448187,-7.576668912,0.106092801,..
Afghanistan,AFG,Asia,Southern Asia,GDP (current US$),NY.GDP.MKTP.CD,6203256539,6971758282,9747886187,10109297048,12416152732,15856668556,17805098206,19907329778,20146416758,20497128556,19134221645,18116572395,18753456498,18053222687,18799444490,19955929052,14259995441,14497243872,17152234637,..
Albania,ALB,Europe,Southern Europe,"Total reserves (includes gold, current US$)",FI.RES.TOTL.CD,1439592137,1812802560,2161936583,2363791897,2368942443,2540673823,2471402725,2599863597,2773278107,2665215805,3138517990,3108607052,3588583657,3893560031,3763661059,4817386149,5634561134,5266463584,6455445543,6515581528
Albania,ALB,Europe,Southern Europe,Total reserves minus gold (current US$),FI.RES.XGLD.CD,1404087725,1768802845,2104224659,2319777467,2313907809,2469547484,2393924086,2515654271,2712322498,2604184282,3084875026,3050641047,3523758657,3829477531,3626591059,4647187149,5470752134,5085228584,6228581543,6228580528
Albania,ALB,Europe,Southern Europe,GDP growth (annual %),NY.GDP.MKTP.KD.ZG,5.130821931,6.01898124,6.500092612,6.907062307,2.690751524,2.973154427,2.463516839,0.98412988,1.707228318,2.240226954,2.227704075,3.908935514,3.283175933,3.671419281,2.062577902,-3.313756369,8.969576191,4.826696119,3.936616892,3.961719112
Albania,ALB,Europe,Southern Europe,GDP per capita (constant 2015 US$),NY.GDP.PCAP.KD,2712.869838,2894.360326,3105.879676,3345.981618,3459.246956,3579.824132,3677.894579,3720.228765,3790.680163,3883.632628,3981.726623,4143.989883,4283.982627,4452.237147,4563.467363,4437.653469,4880.723462,5178.884315,5444.930001,5726.025705
Albania,ALB,Europe,Southern Europe,GDP (constant 2015 US$),NY.GDP.MKTP.KD,8169772251,8661509310,9224515437,9861658465,10127011191,10428102872,10685000943,10790155230,10974367815,11220218561,11470171827,11918533447,12309839869,12761785703,13025007475,12593390460,13722964212,14385329994,14951625324,15543966722
Albania,ALB,Europe,Southern Europe,Current account balance (% of GDP),BN.CAB.XOKA.GD.ZS,-6.921388004,-7.331863746,-10.35188842,-15.18395817,-15.01723851,-11.21576437,-12.85036597,-10.26125689,-9.259141666,-10.72014966,-8.542375077,-7.5101169,-7.408493297,-6.607664811,-7.820643555,-8.625048971,-7.595908158,-5.872435928,-1.196321718,-2.377338046
Albania,ALB,Europe,Southern Europe,Access to electricity (% of population),EG.ELC.ACCS.ZS,99.4,99.4,99.4,100,99.6,99.6,99.7,99.9,99.9,100,100,99.9,99.9,100,100,100,100,100,100,..
Albania,ALB,Europe,Southern Europe,External balance on goods and services (% of GDP),NE.RSB.GNFS.ZS,-24.23072898,-23.18472508,-25.65026107,-26.08322344,-24.03210864,-20.31267363,-22.59005093,-18.74681644,-18.01181455,-18.88451533,-17.14080274,-16.67486411,-14.78379021,-13.46605129,-13.50988396,-14.43918535,-13.32427706,-10.30389346,-5.163520891,-6.851635375
Albania,ALB,Europe,Southern Europe,GDP per capita (current US$),NY.GDP.PCAP.CD,2741.721365,3057.77257,3743.055299,4498.504868,4213.650076,4149.144699,4465.709143,4222.347099,4420.23462,4602.230514,3981.726623,4168.375445,4614.047969,5365.488802,5460.430509,5370.7775,6413.282808,6846.426694,8575.171346,10011.62799
Albania,ALB,Europe,Southern Europe,GDP per capita growth (annual %),NY.GDP.PCAP.KD.ZG,5.67025028,6.689981397,7.307982629,7.730561614,3.385115395,3.485648086,2.739532557,1.151044013,1.89373834,2.452131572,2.525830935,4.075198423,3.378211536,3.927525709,2.498299447,-2.756980235,9.98433058,6.108947895,5.137123553,5.162521915
Albania,ALB,Europe,Southern Europe,GDP (current US$),NY.GDP.MKTP.CD,8256658250,9150528132,11116937870,13258506375,12335540656,12086545641,12973755875,12246499748,12796985886,13296322588,11470171827,11988668785,13258268436,15379508330,15585111614,15241455556,18032009220,19017244117,23547180412,27177735528
Algeria,DZA,Africa,Northern Africa,"Total reserves (includes gold, current US$)",FI.RES.TOTL.CD,59167068864,81462730475,1.14972E+11,1.48099E+11,1.55112E+11,1.70461E+11,1.91369E+11,2.00587E+11,2.01437E+11,1.86351E+11,1.50595E+11,1.20788E+11,1.04853E+11,87382910154,71795950715,59434389110,56211005199,71852290094,81216738412,83007108429
Algeria,DZA,Africa,Northern Africa,Total reserves minus gold (current US$),FI.RES.XGLD.CD,56303086193,77913736745,1.10318E+11,1.43243E+11,1.49041E+11,1.62614E+11,1.82822E+11,1.91297E+11,1.94712E+11,1.79618E+11,1.44677E+11,1.14391E+11,97614427695,80227698868,63297610715,48882051110,46054847199,61739377094,69708546412,68448330429
Algeria,DZA,Africa,Northern Africa,GDP growth (annual %),NY.GDP.MKTP.KD.ZG,5.4,2.899999999,3.100000001,2.499999999,1.2,4.800000001,2.999999999,2.4,2.600000001,4.099999999,3.200000001,3.9,1.499999999,1.400000001,0.899999999,-4.999999999,3.799999999,3.600000001,4.1,3.299999999
Algeria,DZA,Africa,Northern Africa,GDP per capita (constant 2015 US$),NY.GDP.PCAP.KD,4223.602521,4279.615471,4339.250558,4367.56538,4336.100541,4456.610274,4501.354301,4518.43979,4543.23444,4634.101492,4685.059027,4768.731401,4742.900755,4717.003589,4672.664087,4363.685338,4456.746876,4544.466881,4660.405457,4747.346248
Algeria,DZA,Africa,Northern Africa,GDP (constant 2015 US$),NY.GDP.MKTP.KD,1.3984E+11,1.43896E+11,1.48356E+11,1.52065E+11,1.5389E+11,1.61277E+11,1.66115E+11,1.70102E+11,1.74525E+11,1.8168E+11,1.87494E+11,1.94806E+11,1.97728E+11,2.00496E+11,2.02301E+11,1.92186E+11,1.99489E+11,2.0667E+11,2.15144E+11,2.22244E+11
Algeria,DZA,Africa,Northern Africa,Current account balance (% of GDP),BN.CAB.XOKA.GD.ZS,19.78577209,23.49853694,21.30334579,18.82336351,0.28716938,6.873619293,8.094953006,5.323711069,0.517147116,-3.877215884,-14.42054464,-14.49628776,-11.62176837,-8.689412962,-8.763735988,-11.03090954,-2.423263881,8.62079898,2.609945151,-1.044599945
Algeria,DZA,Africa,Northern Africa,Access to electricity (% of population),EG.ELC.ACCS.ZS,98.6,98.7,98.7,99.3,98.8,98.9,99,98.8,99.2,99.3,99.4,99.4,99.5,99.6,99.5,99.7,99.8,100,100,..
Algeria,DZA,Africa,Northern Africa,External balance on goods and services (% of GDP),NE.RSB.GNFS.ZS,21.90210558,25.61297657,21.89483794,20.26587136,0.887257818,6.485243237,9.756082858,8.007944669,2.447721701,-1.684569226,-12.14833923,-12.78755685,-9.153457137,-5.5899562,-5.690958709,-9.319354339,0.051675321,10.41558135,3.556158546,..
Algeria,DZA,Africa,Northern Africa,GDP per capita (current US$),NY.GDP.PCAP.CD,3233.133396,3660.661047,4167.451699,5180.918815,4235.429905,4912.785855,5916.313644,6033.648847,5979.60139,6094.693923,4685.059027,4424.98529,4554.66754,4577.210292,4468.453419,3743.541952,4160.559267,4961.552577,5364.02795,5631.179991
Algeria,DZA,Africa,Northern Africa,GDP per capita growth (annual %),NY.GDP.PCAP.KD.ZG,3.868902142,1.326188949,1.393468337,0.652527944,-0.720420575,2.779219082,1.003992371,0.379563284,0.54874363,2.00005201,1.099620619,1.785940647,-0.541667024,-0.54601958,-0.939992962,-6.612475097,2.132636327,1.968251881,2.551203019,1.865519889
Algeria,DZA,Africa,Northern Africa,GDP (current US$),NY.GDP.MKTP.CD,1.07047E+11,1.23084E+11,1.42483E+11,1.80384E+11,1.50317E+11,1.77785E+11,2.18332E+11,2.27144E+11,2.29701E+11,2.38943E+11,1.87494E+11,1.80764E+11,1.89881E+11,1.94554E+11,1.9346E+11,1.64873E+11,1.86231E+11,2.25638E+11,2.47626E+11,2.6362E+11
American Samoa,ASM,Oceania,Polynesia,"Total reserves (includes gold, current US$)",FI.RES.TOTL.CD,..,..,..,..,..,..,..,..,..,..,..,..,..,..,..,..,..,..,..,..
American Samoa,ASM,Oceania,Polynesia,Total reserves minus gold (current US$),FI.RES.XGLD.CD,..,..,..,..,..,..,..,..,..,..,..,..,..,..,..,..,..,..,..,..
American Samoa,ASM,Oceania,Polynesia,GDP growth (annual %),NY.GDP.MKTP.KD.ZG,-0.408163265,-4.098360656,1.851851852,-2.657342657,-4.166666667,0.299850075,0,-4.334828102,-2.5,1.762820513,3.149606299,-1.679389313,-6.98757764,2.671118531,-0.487804878,4.411764706,-0.782472613,1.735015773,..,..
American Samoa,ASM,Oceania,Polynesia,GDP per capita (constant 2015 US$),NY.GDP.PCAP.KD,13284.27911,12794.7565,13092.31114,12809.46331,12342.05754,12446.30863,12521.80951,12068.26674,11871.79372,12203.08947,12727.41027,12665.28299,11930.77712,12412.60241,12524.01603,13194.27474,13233.57848,13709.09749,..,..
American Samoa,ASM,Oceania,Polynesia,GDP (constant 2015 US$),NY.GDP.MKTP.KD,752116030.5,721291603.1,734648855,715126717.6,685329771,687384732.8,687384732.8,657587786.3,641148091.6,652450381.7,673000000,661697709.9,615461068.7,631900763.4,628818320.6,656560305.3,651422900.8,662725190.8,..,..
American Samoa,ASM,Oceania,Polynesia,Current account balance (% of GDP),BN.CAB.XOKA.GD.ZS,..,..,..,..,..,..,..,..,..,..,..,..,..,..,..,..,..,..,..,..
American Samoa,ASM,Oceania,Polynesia,Access to electricity (% of population),EG.ELC.ACCS.ZS,..,..,..,..,..,..,..,..,..,..,..,..,..,..,..,..,..,..,..,..
American Samoa,ASM,Oceania,Polynesia,External balance on goods and services (% of GDP),NE.RSB.GNFS.ZS,-24,-29.00608519,-23.16602317,-20.89285714,-4.296296296,-30.89005236,-40,-25.46875,-30.2507837,-41.36858476,-35.21545319,-31.29657228,-43.1372549,-35.36776213,-33.23029366,-35.9223301,-48.26666667,-30.76923077,..,..
American Samoa,ASM,Oceania,Polynesia,GDP per capita (current US$),NY.GDP.PCAP.CD,8831.26976,8745.166211,9231.372409,10030.80891,12156.02939,10375.17201,10383.45933,11745.48992,11813.5022,12026.33449,12727.41027,12843.33429,11863.68395,12552.05469,12886.13595,14489.25866,15236.16049,18017.45894,..,..
American Samoa,ASM,Oceania,Polynesia,GDP per capita growth (annual %),NY.GDP.PCAP.KD.ZG,-0.05459527,-3.684976855,2.32559828,-2.160411774,-3.648909859,0.844681592,0.606612624,-3.622022585,-1.628013554,2.790612438,4.296623367,-0.488137584,-5.799364048,4.038507121,0.897584681,5.351787426,0.29788482,3.593276063,..,..
American Samoa,ASM,Oceania,Polynesia,GDP (current US$),NY.GDP.MKTP.CD,500000000,493000000,518000000,560000000,675000000,573000000,570000000,640000000,638000000,643000000,673000000,671000000,612000000,639000000,647000000,721000000,750000000,871000000,..,..
Andorra,AND,Europe,Southern Europe,"Total reserves (includes gold, current US$)",FI.RES.TOTL.CD,..,..,..,..,..,..,..,..,..,..,..,..,..,..,..,..,..,..,..,..
Andorra,AND,Europe,Southern Europe,Total reserves minus gold (current US$),FI.RES.XGLD.CD,..,..,..,..,..,..,..,..,..,..,..,..,..,..,..,..,..,..,..,..
Andorra,AND,Europe,Southern Europe,GDP growth (annual %),NY.GDP.MKTP.KD.ZG,5.397795985,4.808688699,1.553188141,-5.559186369,-5.302846543,-1.974958,-0.008069753,-4.974443719,-3.547596515,2.504465521,1.434140395,3.70967807,0.34607189,1.58876549,2.015547638,-11.18393994,8.28677879,9.564612256,2.58355481,3.371820326
Andorra,AND,Europe,Southern Europe,GDP per capita (constant 2015 US$),NY.GDP.PCAP.KD,40528.17486,41322.05292,40789.15897,37775.12614,35604.38401,36277.26444,37637.48683,36206.97843,35684.16943,37300.62442,38654.93472,40085.0206,39361.06226,39242.1449,39346.27503,34536.64992,36929.01915,39780.39661,40227.23353,41034.5074
Andorra,AND,Europe,Southern Europe,GDP (constant 2015 US$),NY.GDP.MKTP.KD,3137731826,3288615582,3339693969,3154034157,2986780566,2927792904,2927556638,2781926981,2683235436,2750436143,2789881259,2893376872,2903390036,2949518095,3008967037,2672445971,2893905657,3170696512,3252613194,3362285467
Andorra,AND,Europe,Southern Europe,Current account balance (% of GDP),BN.CAB.XOKA.GD.ZS,..,..,..,..,..,..,..,..,..,..,..,..,..,..,18.01047048,15.52643085,15.02180094,11.64344513,14.22132281,16.06266645
Andorra,AND,Europe,Southern Europe,Access to electricity (% of population),EG.ELC.ACCS.ZS,100,100,100,100,100,100,100,100,100,100,100,100,100,100,100,100,100,100,100,..
Andorra,AND,Europe,Southern Europe,External balance on goods and services (% of GDP),NE.RSB.GNFS.ZS,..,..,..,..,..,..,..,..,..,..,..,..,..,..,..,..,..,..,..,..
Andorra,AND,Europe,Southern Europe,GDP per capita (current US$),NY.GDP.PCAP.CD,40829.80188,43467.21099,48336.22833,49132.51571,43975.01837,42746.83095,46657.15612,41500.54358,42470.31612,44369.65969,38654.93472,40129.8192,40672.99433,42819.77458,41257.80458,37361.09007,42425.69968,42414.05901,46812.44845,49303.67339
Andorra,AND,Europe,Southern Europe,GDP per capita growth (annual %),NY.GDP.PCAP.KD.ZG,1.183027687,1.958830028,-1.289611512,-7.389298788,-5.746485459,1.889880843,3.749517536,-3.800754298,-1.443945404,4.529893817,3.630797937,3.699620468,-1.806057033,-0.302119304,0.265352821,-12.22383849,6.927044852,7.721238001,1.123259079,2.006784451
Andorra,AND,Europe,Southern Europe,GDP (current US$),NY.GDP.MKTP.CD,3161084091,3459337987,3957625367,4102319399,3688976341,3449925739,3629133574,3188652765,3193512950,3271685597,2789881259,2896610480,3000162081,3218419897,3155149348,2891001149,3324647529,3380612573,3785067332,4039844390
Angola,AGO,Africa,Middle Africa,"Total reserves (includes gold, current US$)",FI.RES.TOTL.CD,3196850749,8149079646,11196800894,17869411576,13664098154,19678661657,27039761554,31161778889,31500815462,27032344084,23790543425,23672191989,17455327771,15410405365,16334853784,13781988140,14468113826,13654715740,13942114199,14242892505
Angola,AGO,Africa,Middle Africa,Total reserves minus gold (current US$),FI.RES.XGLD.CD,3196850749,8149079646,11196800894,17869411576,13664098154,19678661657,27039761554,31161778889,31500815462,27032344084,23790543425,23672191989,17455327771,15410405365,16334853784,13781988140,14468113826,13654715740,13942114199,14242892505
Angola,AGO,Africa,Middle Africa,GDP growth (annual %),NY.GDP.MKTP.KD.ZG,15.02999999,11.55,14.01000001,11.16999999,0.860000002,4.398375938,3.472053148,8.542107076,4.954613031,4.82255927,0.943571561,-2.580049644,-0.147212941,-1.316361689,-0.702272958,-5.638214717,1.199210521,3.044726524,1.07809952,4.423904529
Angola,AGO,Africa,Middle Africa,GDP per capita (constant 2015 US$),NY.GDP.PCAP.KD,2526.410579,2716.253026,2983.041873,3193.287723,3100.609274,3114.696086,3099.94229,3236.574945,3268.638907,3300.73511,3213.902611,3020.983328,2911.600842,2775.746423,2664.43851,2433.376373,2385.448818,2382.02264,2334.661043,2364.846591
Angola,AGO,Africa,Middle Africa,GDP (constant 2015 US$),NY.GDP.MKTP.KD,48737393240,54366562158,61983317521,68906854084,69499453031,72556300250,75075493557,81488522604,85525963564,89650503848,90496420507,88161567931,88031782694,86872966033,86262880685,81399194251,82375341953,84883445838,85798573860,89594220855
Angola,AGO,Africa,Middle Africa,Current account balance (% of GDP),BN.CAB.XOKA.GD.ZS,13.89709888,20.4078078,16.21239749,8.125542605,-10.76938373,8.957042175,11.70468355,10.80895744,6.154696197,-2.756200429,-11.35165551,-5.84742399,-0.858821844,9.317233974,7.246181247,1.797710856,12.62978006,11.26715328,4.930763827,7.848367119
Angola,AGO,Africa,Middle Africa,Access to electricity (% of population),EG.ELC.ACCS.ZS,29.4,30.5,37.5,38.5,33.8,35,34.6,37.3,38.4,32,42,41.8,42.9,45.3,45.6,47,48.2,48.5,51.1,..
Angola,AGO,Africa,Middle Africa,External balance on goods and services (% of GDP),NE.RSB.GNFS.ZS,24.46157341,32.31056768,27.75149885,23.58534915,-4.931543544,18.96259646,21.3573887,20.08016393,14.68223882,10.05713614,-3.379320188,2.878812827,5.751381778,15.29456633,23.75197199,10.68705255,21.02605335,19.09221369,14.6631392,13.46956685
Angola,AGO,Africa,Middle Africa,GDP per capita (current US$),NY.GDP.PCAP.CD,1916.468422,2617.05196,3141.04598,4103.0669,3136.64547,3597.342932,4615.910598,5086.027401,5057.747878,5005.999741,3213.902611,1807.952941,2437.259712,2538.591391,2189.855714,1449.922867,1925.874661,2929.694455,2309.53413,2122.08369
Angola,AGO,Africa,Middle Africa,GDP per capita growth (annual %),NY.GDP.PCAP.KD.ZG,10.91124363,7.514314915,9.821943828,7.048035489,-2.902289336,0.454324006,-0.473683326,4.407587059,0.990675719,0.981943968,-2.630701832,-6.002648683,-3.620757682,-4.665969917,-4.010017337,-8.672076174,-1.969590687,-0.143628268,-1.988293313,1.292930656
Angola,AGO,Africa,Middle Africa,GDP (current US$),NY.GDP.MKTP.CD,36970900884,52381025141,65266415494,88538665085,70307196182,83799474070,1.1179E+11,1.28053E+11,1.32339E+11,1.35967E+11,90496420507,52761617226,73690154991,79450688259,70897962732,48501561204,66505129988,1.044E+11,84875162197,80396942242
Antigua and Barbuda,ATG,Americas,Caribbean,"Total reserves (includes gold, current US$)",FI.RES.TOTL.CD,127320746.2,142632588.8,143848808.5,138022502.6,127860399.4,136600155.3,147868733.6,162045102,202580587,297046137.5,355728253.4,330090979.3,313645370.8,328659747.5,279133212.7,221808945.9,367511735.7,396505745.5,364367020.2,358440631.7
Antigua and Barbuda,ATG,Americas,Caribbean,Total reserves minus gold (current US$),FI.RES.XGLD.CD,127320746.2,142632588.8,143848808.5,138022502.6,127860399.4,136600155.3,147868733.6,162045102,202580587,297046137.5,355728253.4,330090979.3,313645370.8,328659747.5,279133212.7,221808945.9,367511735.7,396505745.5,364367020.2,358440631.7
Antigua and Barbuda,ATG,Americas,Caribbean,GDP growth (annual %),NY.GDP.MKTP.KD.ZG,6.473689418,12.70814749,9.315182723,-0.014006598,-11.96287947,-7.840506837,-1.958742622,3.373142739,-0.60098233,2.198291887,1.421619976,4.120367544,2.71272658,6.712004872,3.172221937,-18.86877652,8.172863112,9.107806234,2.427363001,4.32752145
Antigua and Barbuda,ATG,Americas,Caribbean,GDP per capita (constant 2015 US$),NY.GDP.PCAP.KD,17301.21343,19259.64865,20770.26897,20464.78631,17746.70086,16135.39738,15633.90911,15989.39002,15748.1952,15967.285,16077.63408,16635.89523,16992.93275,18042.15964,18525.25889,14950.89424,16084.72144,17456.87222,17789.40581,18468.99517
Antigua and Barbuda,ATG,Americas,Caribbean,GDP (constant 2015 US$),NY.GDP.MKTP.KD,1377366903,1552404720,1697014056,1696776362,1493793051,1376672105,1349706642,1395234173,1386849062,1417336053,1437485185,1496714858,1537316640,1640501408,1692541753,1373179832,1485407940,1620696017,1660036193,1731874615
Antigua and Barbuda,ATG,Americas,Caribbean,Current account balance (% of GDP),BN.CAB.XOKA.GD.ZS,-10.00075414,-19.84322066,-28.75217843,-21.64006198,-13.05216188,-10.87391415,-5.073039164,-8.110267814,-8.780627875,-0.037896531,2.033936234,-2.387610697,-7.696855985,-13.99376605,-6.505284345,-15.56638673,-17.78151174,-15.6262417,-13.51327144,-8.15195417
Antigua and Barbuda,ATG,Americas,Caribbean,Access to electricity (% of population),EG.ELC.ACCS.ZS,92.2,100,100,100,98.5,98.7,94.6,100,100,100,100,100,100,100,100,100,100,100,100,..
Antigua and Barbuda,ATG,Americas,Caribbean,External balance on goods and services (% of GDP),NE.RSB.GNFS.ZS,..,..,..,..,..,..,..,..,..,7.475332504,11.33744374,8.022267916,1.16768136,-5.714056436,0.791605973,-10.51760236,-7.152533439,-8.255997841,..,..
Antigua and Barbuda,ATG,Americas,Caribbean,GDP per capita (current US$),NY.GDP.PCAP.CD,14368.57088,16173.81363,18204.5124,18786.67431,16472.24785,15217.39508,14911.72751,15639.80781,15051.51136,15532.10621,16077.63408,16556.85518,16965.72883,18273.42707,18896.37218,15369.60823,17348.6007,20105.19891,21494.5474,23725.79037
Antigua and Barbuda,ATG,Americas,Caribbean,GDP per capita growth (annual %),NY.GDP.PCAP.KD.ZG,5.280706903,11.31964083,7.843446933,-1.470768949,-13.28176806,-9.07945361,-3.108000747,2.273781331,-1.508467911,1.391205732,0.691094825,3.47228425,2.146187576,6.174489769,2.677613194,-19.29454628,7.583674814,8.530771197,1.904886418,3.820191439
Antigua and Barbuda,ATG,Americas,Caribbean,GDP (current US$),NY.GDP.MKTP.CD,1143896296,1303674074,1487381481,1557640741,1386518519,1298348148,1287359259,1364729630,1325496296,1378707407,1437485185,1489603704,1534855556,1661529630,1726448148,1411637037,1602125926,1866566667,2005785185,2224814815
Argentina,ARG,Americas,South America,"Total reserves (includes gold, current US$)",FI.RES.TOTL.CD,28081718502,32022297113,46149456856,46385380207,48006988635,52207549724,46265800526,43223270864,30533919651,31410813270,25520565580,38414518492,55314409205,66221501691,44880566052,39403734630,39653498611,44795335172,23080560550,29559610351
Argentina,ARG,Americas,South America,Total reserves minus gold (current US$),FI.RES.XGLD.CD,27178838502,30903465113,44682056856,44854620207,46092988635,49733869724,43226830958,39920301983,28143038631,29016954814,23416510885,36323299977,53030809532,63963922085,42192526747,35649970286,36448369072,41197886699,18986771972,24380645449
Argentina,ARG,Americas,South America,GDP growth (annual %),NY.GDP.MKTP.KD.ZG,8.85165992,8.0471515,9.007650875,4.057233103,-5.918525076,10.12539816,6.003951693,-1.026420454,2.405323781,-2.512615321,2.731159828,-2.080327844,2.818502978,-2.617396463,-2.000861003,-9.900484814,10.44181199,5.269879674,-1.611001621,-1.719105147
Argentina,ARG,Americas,South America,GDP per capita (constant 2015 US$),NY.GDP.PCAP.KD,11099.75092,11870.27916,12811.90212,13197.35703,12285.37847,13387.15537,14040.61891,13754.42542,13946.09508,13456.13192,13679.6265,13265.88606,13520.11298,13058.32854,12706.39781,11393.0506,12549.28117,13182.7934,12933.24973,12667.03137
Argentina,ARG,Americas,South America,GDP (constant 2015 US$),NY.GDP.MKTP.KD,4.35297E+11,4.70326E+11,5.12691E+11,5.33492E+11,5.01917E+11,5.52738E+11,5.85924E+11,5.7991E+11,5.93859E+11,5.78938E+11,5.94749E+11,5.82377E+11,5.98791E+11,5.83118E+11,5.71451E+11,5.14874E+11,5.68637E+11,5.98603E+11,5.8896E+11,5.78835E+11
Argentina,ARG,Americas,South America,Current account balance (% of GDP),BN.CAB.XOKA.GD.ZS,2.653631422,2.794495643,2.103616039,1.499401416,2.178566962,-0.3831187,-1.007280841,-0.391595124,-2.377495666,-1.74400212,-2.962926665,-2.709221684,-4.839959218,-5.160552572,-0.779998448,0.696935361,1.361544222,-0.626443919,-3.211893773,0.900309384
Argentina,ARG,Americas,South America,Access to electricity (% of population),EG.ELC.ACCS.ZS,96.7,97,97.2,97.5,97.8,98.8,99,99.1,99.3,100,99.7,99.9,100,100,100,100,100,100,100,..
Argentina,ARG,Americas,South America,External balance on goods and services (% of GDP),NE.RSB.GNFS.ZS,5.940482497,5.619909336,4.380330004,3.719127386,5.064843207,2.896633547,1.692263291,1.949176552,-0.099582225,0.404163534,-1.074921988,-1.039697511,-2.649034418,-1.889164455,3.21914171,3.007130067,3.054728771,0.948320883,-1.142020568,2.509066043
Argentina,ARG,Americas,South America,GDP per capita (current US$),NY.GDP.PCAP.CD,5067.653423,5869.38029,7185.251551,8944.110266,8150.23527,10260.13131,12704.28318,12949.71749,12963.67577,12233.14441,13679.6265,12699.96231,14532.50093,11752.79989,9955.974787,8535.59938,10738.01792,13935.68111,14187.48273,13858.20398
Argentina,ARG,Americas,South America,GDP per capita growth (annual %),NY.GDP.PCAP.KD.ZG,7.738981076,6.941851601,7.932610113,3.008568926,-6.910312115,8.968196729,4.881272528,-2.038325309,1.393512661,-3.51326421,1.660912538,-3.024500956,1.916396081,-3.415536839,-2.695067235,-10.33610969,10.14855999,5.048195323,-1.892949797,-2.058402754
Argentina,ARG,Americas,South America,GDP (current US$),NY.GDP.MKTP.CD,1.98737E+11,2.32557E+11,2.87531E+11,3.61558E+11,3.32976E+11,4.23627E+11,5.30158E+11,5.45982E+11,5.52025E+11,5.2632E+11,5.94749E+11,5.57532E+11,6.43628E+11,5.2482E+11,4.47755E+11,3.85741E+11,4.86564E+11,6.3279E+11,6.46075E+11,6.33267E+11
Armenia,ARM,Asia,Western Asia,"Total reserves (includes gold, current US$)",FI.RES.TOTL.CD,669480407.7,1071917964,1659090453,1406800823,2003623408,1865824297,1932471999,1799374399,2251610255,1489443371,1775293494,2204113991,2314113951,2259321869,2849645182,2615530571,3229848045,4111690218,3607482711,3685220143
Armenia,ARM,Asia,Western Asia,Total reserves minus gold (current US$),FI.RES.XGLD.CD,669480407.7,1071917964,1659090453,1406800823,2003623408,1865824297,1932471999,1799374399,2251610255,1489443371,1775293494,2204113991,2314113951,2259321869,2849645182,2615530571,3229848045,4111690218,3607482711,3685220143
Armenia,ARM,Asia,Western Asia,GDP growth (annual %),NY.GDP.MKTP.KD.ZG,13.9,13.2,13.7,6.9,-14.1,2.2,4.699999999,7.200000001,3.3,3.600000001,3.199999999,0.2,7.500000002,5.2,7.599999999,-7.199999999,5.800000001,12.6,8.3,5.9
Armenia,ARM,Asia,Western Asia,GDP per capita (constant 2015 US$),NY.GDP.PCAP.KD,2240.092732,2551.435464,2919.373494,3141.331935,2716.974363,2796.081434,2943.836871,3159.758608,3266.29883,3393.092523,3512.393503,3533.885036,3815.374743,4027.83393,4343.458396,4032.090435,4264.799615,4791.004817,5197.23509,5378.318
Armenia,ARM,Asia,Western Asia,GDP (constant 2015 US$),NY.GDP.MKTP.KD,7048227772,7978593838,9071661194,9697605817,8330243396,8513508751,8913643662,9555426006,9870755064,10226102247,10553337518,10574444193,11367527508,11958638938,12867495498,11941035822,12633615900,14225451503,15406163978,16315127652
Armenia,ARM,Asia,Western Asia,Current account balance (% of GDP),BN.CAB.XOKA.GD.ZS,-2.528324146,-2.395372897,-7.356601338,-14.22464794,-16.48371164,-13.6219483,-10.44032819,-9.962331642,-7.316246571,-7.767866332,-2.661807056,-0.956577969,-1.26072402,-7.228123024,-7.05686573,-3.997773907,-3.396294187,0.737867281,-2.781794377,-4.632273142
Armenia,ARM,Asia,Western Asia,Access to electricity (% of population),EG.ELC.ACCS.ZS,99.8,99.1,99.2,99.2,99.3,99.8,99.5,99.5,99.4,99.7,100,99.8,99.7,99.9,100,100,100,100,100,..
Armenia,ARM,Asia,Western Asia,External balance on goods and services (% of GDP),NE.RSB.GNFS.ZS,-15.51334268,-16.73817511,-20.59633312,-26.01086881,-27.93243425,-25.14614534,-24.38919713,-20.83805299,-20.84807788,-18.65810365,-12.23129192,-8.589407738,-10.77028523,-13.68731896,-13.4125514,-9.958833709,-7.857008843,-0.96081734,-0.810471614,0.554006921
Armenia,ARM,Asia,Western Asia,GDP per capita (current US$),NY.GDP.PCAP.CD,1557.484589,2041.652671,2962.702346,3777.668593,2820.592655,3041.344507,3349.553098,3511.563997,3680.166922,3852.118006,3512.393503,3524.424769,3869.053739,4196.005623,4597.228874,4268.680933,4685.179971,6571.974455,8125.273958,8500.605225
Armenia,ARM,Asia,Western Asia,GDP per capita growth (annual %),NY.GDP.PCAP.KD.ZG,14.56970188,13.8986537,14.42082449,7.602947751,-13.50884214,2.911586968,5.284375308,7.334704541,3.371783587,3.881876701,3.515995473,0.611877151,7.965446065,5.568501179,7.836084387,-7.168664527,5.771427608,12.33833356,8.479020342,3.484216252
Armenia,ARM,Asia,Western Asia,GDP (current US$),NY.GDP.MKTP.CD,4900469511,6384452067,9206301270,11662040714,8647937081,9260285756,10142111825,10619320683,11121464437,11609513247,10553337518,10546136236,11527458709,12457940695,13619290539,12641698583,13878908629,19513506553,24085749592,25786585950
Aruba,ABW,Americas,Caribbean,"Total reserves (includes gold, current US$)",FI.RES.TOTL.CD,324813400,401389600,455457100,691873900,686970110,708713690,689775980,768622300,653170670,680351000,815800560,922550890,907111452.5,980247680,982300000,1212578720,1512960280,1543940590,1468151730,..
Aruba,ABW,Americas,Caribbean,Total reserves minus gold (current US$),FI.RES.XGLD.CD,273513400,337819600,372082100,604898900,578220110,568163690,536675980,602222300,532720670,559751000,709800560,807960890,777461452.5,852082680,830000000,1023468720,1330950280,1362705590,1261911730,..
Aruba,ABW,Americas,Caribbean,GDP growth (annual %),NY.GDP.MKTP.KD.ZG,-0.383137672,1.127411464,3.089544385,1.835755172,-11.67774137,-2.733456793,3.369237184,-1.040799884,6.431482604,-1.586575138,-0.623625902,1.71962498,7.048533386,2.3970862,-2.232442027,-26.21182021,24.13262736,8.517918105,4.263719415,..
Aruba,ABW,Americas,Caribbean,GDP per capita (constant 2015 US$),NY.GDP.PCAP.KD,31249.27804,31038.88987,31759.8232,32097.04022,28157.14899,27324.55543,28037.86979,27341.22743,28668.72042,27914.84334,27458.22533,27719.50073,29671.13583,30334.11622,29576.80971,21947.99533,27469.00562,29917.12803,31178.47368,..
Aruba,ABW,Americas,Caribbean,GDP (constant 2015 US$),NY.GDP.MKTP.KD,3051023261,3085420847,3180746294,3239137008,2860878966,2782678075,2876433100,2846495188,3029567030,2981500673,2962907263,3013858156,3226290954,3303627930,3229876351,2383266969,2958411905,3210407009,3347289756,..
Aruba,ABW,Americas,Caribbean,Current account balance (% of GDP),BN.CAB.XOKA.GD.ZS,4.447572928,12.57421133,9.645360358,0.003930034,6.722391272,-18.75253732,-9.877655997,3.473451275,-11.81320642,-4.658576876,3.994141686,4.731777741,1.11979545,-0.591367073,2.497109655,-12.75075414,2.705530365,7.030547162,5.330807273,..
Aruba,ABW,Americas,Caribbean,Access to electricity (% of population),EG.ELC.ACCS.ZS,100,100,100,100,100,93.4,100,100,100,100,100,100,100,100,100,100,100,99.9,100,..
Aruba,ABW,Americas,Caribbean,External balance on goods and services (% of GDP),NE.RSB.GNFS.ZS,-8.899683768,-11.85432143,-9.849784414,-8.051559693,-11.719449,-15.0282825,-14.93576135,-10.4381056,-8.794657056,-6.331064747,-0.127837599,1.401106633,1.293084137,-0.70800444,1.12561035,-18.15205848,-5.535489846,2.256389049,6.889289943,..
Aruba,ABW,Americas,Caribbean,GDP per capita (current US$),NY.GDP.PCAP.CD,24171.83713,24845.65848,26736.30894,28171.9094,25134.77123,24093.14015,25712.3843,25119.66554,25813.57673,26129.83906,27458.22533,27441.52966,28440.05196,30082.12764,31096.20507,22855.93232,27200.06108,30559.53353,33984.79062,..
Aruba,ABW,Americas,Caribbean,GDP per capita growth (annual %),NY.GDP.PCAP.KD.ZG,-2.930823494,-0.6732577,2.322677579,1.061772352,-12.27493628,-2.95695265,2.610525059,-2.484647977,4.855279431,-2.62961536,-1.63575345,0.951537825,7.040657465,2.234428765,-2.496550426,-25.79322942,25.15496385,8.912308079,4.21613214,..
Aruba,ABW,Americas,Caribbean,GDP (current US$),NY.GDP.MKTP.CD,2360017318,2469782682,2677641341,2843024581,2553793296,2453597207,2637859218,2615208380,2727849721,2790849721,2962907263,2983635196,3092429050,3276184358,3395798883,2481857123,2929446578,3279343544,3648573136,..
Australia,AUS,Oceania,Australia and New Zealand,"Total reserves (includes gold, current US$)",FI.RES.TOTL.CD,43257063109,55078716458,26907894339,32923506492,41742190607,42267797177,46714016758,49138172006,52837027750,53910325023,45406035071,52480791523,65653718118,53909533420,57994685703,42544629265,57877502314,56701901830,61703347652,60404058269
Australia,AUS,Oceania,Australia and New Zealand,Total reserves minus gold (current US$),FI.RES.XGLD.CD,41941218109,53448145958,24768491839,30690858242,38950159653,38659316477,42783351487,44866044631,49744613433,50814059630,42752855071,49797093723,62617315118,51077086920,55603575703,39151995865,53789557714,53385301330,56605094852,54455310269
Australia,AUS,Oceania,Australia and New Zealand,GDP growth (annual %),NY.GDP.MKTP.KD.ZG,3.154167532,2.755346106,3.773321713,3.586266952,1.892555819,2.219980265,2.407080183,3.916709425,2.602193394,2.595284116,2.190169287,2.759385972,2.279591798,2.878469715,2.171545057,-0.119590736,2.111168148,4.242385553,3.4419922,1.43111252
Australia,AUS,Oceania,Australia and New Zealand,GDP per capita (constant 2015 US$),NY.GDP.PCAP.KD,50853.19767,51553.9686,52531.76112,53336.10122,53237.00776,53578.8125,54111.35724,55257.57393,55728.0174,56327.85331,56739.02653,57401.06623,57750.64822,58530.78217,58924.73365,58132.79852,59276.50311,61009.80771,61598.17761,61211.89676
Australia,AUS,Oceania,Australia and New Zealand,GDP (constant 2015 US$),NY.GDP.MKTP.KD,1.02606E+12,1.05433E+12,1.09411E+12,1.13335E+12,1.1548E+12,1.18044E+12,1.20885E+12,1.2562E+12,1.28888E+12,1.32233E+12,1.3513E+12,1.38858E+12,1.42024E+12,1.46112E+12,1.49285E+12,1.49106E+12,1.52254E+12,1.58713E+12,1.64176E+12,1.66526E+12
Australia,AUS,Oceania,Australia and New Zealand,Current account balance (% of GDP),BN.CAB.XOKA.GD.ZS,-6.230183374,-6.184973241,-7.565036583,-4.882061858,-5.231444863,-4.005068623,-3.264009301,-4.44404469,-3.257998884,-3.092661633,-4.312576111,-3.616312188,-3.00161155,-2.561160666,-0.020710514,1.874337483,2.610660789,0.337521409,-0.289053311,-2.069384519
Australia,AUS,Oceania,Australia and New Zealand,Access to electricity (% of population),EG.ELC.ACCS.ZS,100,100,100,100,100,100,100,100,100,100,100,100,100,100,100,100,100,100,100,..
Australia,AUS,Oceania,Australia and New Zealand,External balance on goods and services (% of GDP),NE.RSB.GNFS.ZS,-2.7120014,-1.852368733,-1.641012173,-2.549021769,0.281107083,-0.929065062,1.02336244,-0.177979101,-1.319741282,-0.308816238,-1.531679355,-2.416590969,0.309503287,0.052115991,2.131854103,3.389022251,3.810871685,5.241405827,4.373298207,2.0961896
Australia,AUS,Oceania,Australia and New Zealand,GDP per capita (current US$),NY.GDP.PCAP.CD,34479.76793,36595.70715,41051.61207,49701.28178,42816.5674,52144.66547,62605.60046,68072.87323,68190.701,62544.08738,56739.02653,49888.04108,53901.71454,57196.42208,54972.70179,51791.54018,60607.77886,64997.01365,64835.91998,64407.48426
Australia,AUS,Oceania,Australia and New Zealand,GDP per capita growth (annual %),NY.GDP.PCAP.KD.ZG,1.906093171,1.378027255,1.896638707,1.531150067,-0.185790579,0.642043486,0.993946507,2.118255292,0.851364693,1.076363256,0.729964315,1.166815387,0.609016554,1.350866131,0.673067166,-1.343977433,1.967399837,2.924100641,0.964385754,-0.627097846
Australia,AUS,Oceania,Australia and New Zealand,GDP (current US$),NY.GDP.MKTP.CD,6.95693E+11,7.48418E+11,8.55007E+11,1.05611E+12,9.28762E+11,1.14884E+12,1.39861E+12,1.54753E+12,1.57712E+12,1.46827E+12,1.3513E+12,1.20684E+12,1.32558E+12,1.42781E+12,1.39272E+12,1.32841E+12,1.55674E+12,1.69086E+12,1.72806E+12,1.75219E+12
Austria,AUT,Europe,Western Europe,"Total reserves (includes gold, current US$)",FI.RES.TOTL.CD,11827977058,12911210328,18193955715,16741449885,17903949015,22241623425,24768999165,27211429628,23316756962,25001493235,22239731668,23255493381,21565331649,23190665221,23616397438,30439562425,33957000221,33077693776,31212271322,35405646262
Austria,AUT,Europe,Western Europe,Total reserves minus gold (current US$),FI.RES.XGLD.CD,6839052058,7010007228,10688538215,8911960385,8114274015,9589312425,10986937165,12232101628,12473847962,14145081235,12697611668,12940101581,9894238649,11653251921,9906351438,13415880225,17572460021,16762919076,12646546522,11918528062
Austria,AUT,Europe,Western Europe,GDP growth (annual %),NY.GDP.MKTP.KD.ZG,2.320365143,3.269336015,3.775224687,1.453305621,-3.586264726,1.80898243,2.927468002,0.628246239,-0.250726423,0.75579885,1.303523318,2.117219645,2.27224992,2.484221141,1.754976196,-6.318255092,4.795328857,5.277894485,-0.954962529,-1.173540536
Austria,AUT,Europe,Western Europe,GDP per capita (constant 2015 US$),NY.GDP.PCAP.KD,40989.01318,42120.1557,43568.83022,44063.8642,42372.47583,43035.40735,44146.19568,44221.45995,43851.36755,43838.83459,43915.22802,44362.67028,45056.63859,45951.58192,46550.56225,43428.69831,45313.3989,47250.9696,46338.95706,45562.04069
Austria,AUT,Europe,Western Europe,GDP (constant 2015 US$),NY.GDP.MKTP.KD,3.37251E+11,3.48276E+11,3.61425E+11,3.66677E+11,3.53527E+11,3.59922E+11,3.70459E+11,3.72787E+11,3.71852E+11,3.74662E+11,3.79546E+11,3.87582E+11,3.96389E+11,4.06236E+11,4.13365E+11,3.87248E+11,4.05818E+11,4.27236E+11,4.23156E+11,4.1819E+11
Austria,AUT,Europe,Western Europe,Current account balance (% of GDP),BN.CAB.XOKA.GD.ZS,1.98531598,3.292508678,3.813488286,4.496156981,2.580510839,2.942948518,1.585010118,1.510000176,1.752992335,2.313938755,1.588326801,2.57148777,1.244445917,0.908176708,2.384230453,3.351377997,1.715899468,-0.82908661,1.325563772,2.423465854
Austria,AUT,Europe,Western Europe,Access to electricity (% of population),EG.ELC.ACCS.ZS,100,100,100,100,100,100,100,100,100,100,100,100,100,100,100,100,100,100,100,..
Austria,AUT,Europe,Western Europe,External balance on goods and services (% of GDP),NE.RSB.GNFS.ZS,3.227548558,3.62058655,4.416008042,4.453078322,3.373328262,3.52308167,2.809055394,2.810193493,2.794267955,3.215574203,3.674442798,3.753309569,3.095992595,3.026508975,3.584329881,3.377965831,0.874450669,-0.458104664,2.115213833,3.311410398
Austria,AUT,Europe,Western Europe,GDP per capita (current US$),NY.GDP.PCAP.CD,38157.37023,40382.20783,46622.96229,51581.39824,47857.44466,46611.13934,51116.89535,48250.40591,50305.35458,51314.97226,43915.22802,45061.49939,47163.74258,51194.07498,49885.99474,48716.40989,53648.71907,52176.66491,56033.57379,56833.19605
Austria,AUT,Europe,Western Europe,GDP per capita growth (annual %),NY.GDP.PCAP.KD.ZG,1.625659096,2.759623701,3.439385492,1.136211312,-3.838493076,1.564533379,2.581103319,0.170488694,-0.836906795,-0.028580547,0.174259723,1.018877232,1.564306897,1.986262964,1.303503176,-6.706393611,4.339758399,4.275933279,-1.930145664,-1.676594419
Austria,AUT,Europe,Western Europe,GDP (current US$),NY.GDP.MKTP.CD,3.13952E+11,3.33906E+11,3.8676E+11,4.29234E+11,3.9929E+11,3.89828E+11,4.28955E+11,4.0675E+11,4.26581E+11,4.38556E+11,3.79546E+11,3.93687E+11,4.14926E+11,4.52582E+11,4.42984E+11,4.34398E+11,4.80467E+11,4.71774E+11,5.11685E+11,5.21642E+11
Azerbaijan,AZE,Asia,Western Asia,"Total reserves (includes gold, current US$)",FI.RES.TOTL.CD,1177743664,2500372956,4273114882,6467239211,5363850354,6409059730,10273925785,11277345749,15175270232,15603217172,7070555994,6698545433,7026285830,6696420864,7069418582,7775084753,8290112835,11338378376,13748751032,12699124300
Azerbaijan,AZE,Asia,Western Asia,Total reserves minus gold (current US$),FI.RES.XGLD.CD,1177743664,2500372956,4273114882,6467239211,5363780428,6408969357,10273827342,11277238754,14400156487,14433364333,6042327131,5961141663,7026285830,6696420864,7069418582,7775084753,8290112835,11338378376,13748751032,12699124300
Azerbaijan,AZE,Asia,Western Asia,GDP growth (annual %),NY.GDP.MKTP.KD.ZG,27.96153807,34.46620936,25.46321591,10.59143729,9.369502784,4.78883271,-1.572997621,2.202939023,5.843415762,2.797585434,1.049546368,-3.063598454,0.153614647,1.500401707,2.479808934,-4.198960792,5.616440269,4.714680379,1.354477318,4.071402105
Azerbaijan,AZE,Asia,Western Asia,GDP per capita (constant 2015 US$),NY.GDP.PCAP.KD,2674.368856,3556.83212,4412.203257,4778.124516,5118.433951,5300.110494,5149.206652,5193.175009,5425.995589,5508.602659,5500.503646,5272.71817,5229.252597,5261.929382,5346.953193,5087.500227,5349.58226,5599.585251,5668.610205,5871.132218
Azerbaijan,AZE,Asia,Western Asia,GDP (constant 2015 US$),NY.GDP.MKTP.KD,22442902280,30178119967,37862439811,41872616382,45795872339,47988960054,47234094854,48274633161,51095520685,52524961529,53076235355,51450192629,51529227661,52302373072,53599371993,51348755378,54232727552,56789627317,57558829938,59902281352
Azerbaijan,AZE,Asia,Western Asia,Current account balance (% of GDP),BN.CAB.XOKA.GD.ZS,1.263191173,17.67046734,27.28908754,33.67936389,22.97204431,28.42683135,25.99576656,21.49253577,16.49358767,13.5683574,-0.41919891,-3.600507334,4.12208961,12.68237692,8.704556202,-0.740874281,14.9620004,29.79169465,11.50012962,6.285477414
Azerbaijan,AZE,Asia,Western Asia,Access to electricity (% of population),EG.ELC.ACCS.ZS,99.1,99.5,99.5,99.7,99.9,99.9,99.9,100,100,100,100,100,100,100,100,100,100,100,100,..
Azerbaijan,AZE,Asia,Western Asia,External balance on goods and services (% of GDP),NE.RSB.GNFS.ZS,10.04032741,27.74588983,39.61601523,42.30937883,28.52744969,33.62345461,32.34591606,27.68629084,22.15582139,17.06388812,2.988047076,2.777980048,6.693413783,16.51201119,12.28310959,-0.770755917,16.69062865,32.99142288,14.45694088,9.115223569
Azerbaijan,AZE,Asia,Western Asia,GDP per capita (current US$),NY.GDP.PCAP.CD,1578.36733,2472.957257,3851.330152,5574.468104,4950.39949,5843.533768,7189.818692,7495.865277,7875.345367,7890.840281,5500.503646,3880.685228,4147.198142,4739.794312,4805.753718,4229.910649,5408.045352,7770.594223,7133.02838,7283.83563
Azerbaijan,AZE,Asia,Western Asia,GDP per capita growth (annual %),NY.GDP.PCAP.KD.ZG,26.66009473,32.99706632,24.04867893,8.293390791,7.122238739,3.549455657,-2.847182953,0.853886052,4.483203027,1.522431572,-0.147024804,-4.141174903,-0.824348483,0.62488441,1.615829574,-4.852351546,5.151489356,4.673318014,1.232679755,3.57269253
Azerbaijan,AZE,Asia,Western Asia,GDP (current US$),NY.GDP.MKTP.CD,13245421881,20981929498,33049419431,48851293785,44292427185,52909294792,65952796428,69679944504,74160560124,75239785452,53076235355,37866996883,40866627352,47112470052,48174235294,42693000000,54825411765,78807470588,72428470588,74315882353
"Bahamas, The",BHS,Americas,Caribbean,"Total reserves (includes gold, current US$)",FI.RES.TOTL.CD,586297936.2,461331327.1,464482895.4,567909087.7,1009823820,1044153800,1070217425,846941347.8,807408405,874337064.8,895475136.3,1001933945,1413972941,1345344674,1757782754,2382077961,2432716261,2609421075,2511681591,..
"Bahamas, The",BHS,Americas,Caribbean,Total reserves minus gold (current US$),FI.RES.XGLD.CD,586297936.2,461331327.1,464482895.4,567909087.7,1009823820,1044153800,1070217425,846941347.8,807408405,874337064.8,895475136.3,1001933945,1413972941,1345344674,1757782754,2382077961,2432716261,2609421075,2511681591,..
"Bahamas, The",BHS,Americas,Caribbean,GDP growth (annual %),NY.GDP.MKTP.KD.ZG,3.396084205,2.516592217,1.446099912,-2.32364807,-4.175428056,1.538662487,0.613170736,4.520124103,-2.86328003,1.847305942,0.996748943,-1.156267038,3.371236486,2.398520006,-0.839051301,-20.08955543,17.58689737,10.87745501,3.048774963,3.378506607
"Bahamas, The",BHS,Americas,Caribbean,GDP per capita (constant 2015 US$),NY.GDP.PCAP.KD,33144.89609,33541.96025,33549.44553,32331.93017,30581.43406,30657.53199,30492.7734,31553.62069,30368.36227,30658.73564,30719.40542,30152.23546,30974.77462,31537.44375,31117.68254,24791.65381,29114.22794,32186.51398,33009.87432,33968.38634
"Bahamas, The",BHS,Americas,Caribbean,GDP (constant 2015 US$),NY.GDP.MKTP.KD,11398330895,11685180403,11854159786,11578710831,11095250091,11265968542,11335048164,11847406408,11508181986,11720773316,11837600000,11700725733,12095184868,12385290297,12281371358,9814098451,11540093873,12795362393,13185464198,13630935977
"Bahamas, The",BHS,Americas,Caribbean,Current account balance (% of GDP),BN.CAB.XOKA.GD.ZS,-7.123050284,-13.80619145,-12.3851568,-11.61008929,-8.104420374,-8.063216637,-11.94727147,-14.03681206,-14.26141495,-16.92491504,-10.16392971,-5.982589884,-12.65090941,-8.700026684,-2.602100786,-22.04435097,-20.22087635,-8.869615475,-7.000692534,-6.648607954
"Bahamas, The",BHS,Americas,Caribbean,Access to electricity (% of population),EG.ELC.ACCS.ZS,100,100,100,100,100,100,100,100,100,100,100,100,100,100,100,100,100,100,100,..
"Bahamas, The",BHS,Americas,Caribbean,External balance on goods and services (% of GDP),NE.RSB.GNFS.ZS,-3.876497021,-10.93215963,-7.828907343,-8.441953259,-8.13968399,-8.76902779,-13.46315209,-7.996903101,-4.835183718,-5.811061935,1.985199703,-1.50914493,-4.882340181,-1.650649026,1.174964224,-6.87335958,-9.990030739,-1.665131541,-0.926574686,-3.675281694
"Bahamas, The",BHS,Americas,Caribbean,GDP per capita (current US$),NY.GDP.PCAP.CD,28602.41819,29184.78651,30051.84896,29392.38244,27512.9131,27473.10043,27090.83768,28552.02427,27642.74198,29137.21756,30719.40542,30616.53632,31875.48817,32642.33532,33640.33699,26178.75376,30367.86058,34957.16133,38231.77448,39455.44665
"Bahamas, The",BHS,Americas,Caribbean,GDP per capita growth (annual %),NY.GDP.PCAP.KD.ZG,2.159759355,1.197964733,0.022316157,-3.629017836,-5.414140447,0.248837038,-0.537416355,3.479012149,-3.756330969,0.956170654,0.197887425,-1.846292092,2.727954146,1.816539861,-1.33099312,-20.32936973,17.43560221,10.55252448,2.55809108,2.903713039
"Bahamas, The",BHS,Americas,Caribbean,GDP (current US$),NY.GDP.MKTP.CD,9836200000,10167250000,10618340000,10526000000,9981960000,10095760000,10070450000,10720400000,10475300000,11139100000,11837600000,11880900000,12446900000,12819200000,13277000000,10363200000,12037000000,13896800000,15271300000,15832800000
Bahrain,BHR,Asia,Western Asia,"Total reserves (includes gold, current US$)",FI.RES.TOTL.CD,2051923932,2895643505,4342187750,4050919099,4008299045,5299463737,4774194829,5454261307,5527718440,6229406003,3546207932,2611989314,2823123079,2334278370,3902650742,2523073657,4993195963,4774898055,5117552035,4948702759
Bahrain,BHR,Asia,Western Asia,Total reserves minus gold (current US$),FI.RES.XGLD.CD,1974973932,2800288505,4217125250,3920456599,3845174045,5088638737,4544544829,5204661307,5347043440,6048506003,3387207932,2440104314,2628648079,2142030870,3674200742,2239408657,4720180963,4503045555,4808192035,4557337759
Bahrain,BHR,Asia,Western Asia,GDP growth (annual %),NY.GDP.MKTP.KD.ZG,6.768997378,6.46699952,8.293961291,6.24501095,2.539885702,4.334298975,1.928157912,3.80302899,5.292622249,4.308856927,2.507872053,3.814993274,4.953835341,2.05258865,2.052877744,-5.911362952,4.350040917,6.180161255,3.878116148,3.017248391
Bahrain,BHR,Asia,Western Asia,GDP per capita (constant 2015 US$),NY.GDP.PCAP.KD,23439.67044,23095.01813,23112.48881,23127.2148,22206.9372,22224.07362,23288.04494,23894.88044,24271.62788,24135.49913,23734.05511,23715.27913,23606.88675,24059.78386,24873.66401,23586.93096,24086.78478,25234.40256,25342.62266,25916.46416
Bahrain,BHR,Asia,Western Asia,GDP (constant 2015 US$),NY.GDP.MKTP.KD,20833694756,22181009695,24020694053,25520789027,26168987899,27303230073,27829679464,28888050242,30416985616,31727610008,32523297872,33764059499,35436675411,36164044588,36906448211,34724774104,36235315986,38474716945,39966811156,41172709123
Bahrain,BHR,Asia,Western Asia,Current account balance (% of GDP),BN.CAB.XOKA.GD.ZS,9.231809206,11.82100877,13.37586074,8.777936446,2.441233869,2.872761001,10.85534037,8.065399827,7.124435789,4.380616687,-2.312529129,-4.40558716,-4.300518764,-6.152890662,-1.964097843,-9.053836934,6.372135307,14.71982359,5.843983489,4.780210597
Bahrain,BHR,Asia,Western Asia,Access to electricity (% of population),EG.ELC.ACCS.ZS,100,100,100,100,100,100,100,100,100,100,100,100,100,100,100,100,100,100,100,..
Bahrain,BHR,Asia,Western Asia,External balance on goods and services (% of GDP),NE.RSB.GNFS.ZS,19.4745713,22.17370746,21.57400789,19.27218562,18.96746232,17.84394363,23.74305649,17.70725164,17.06379442,15.8752133,10.77214697,8.353583493,8.078484467,7.35537279,10.77130458,5.447886634,18.74912086,24.78148965,17.25443322,..
Bahrain,BHR,Asia,Western Asia,GDP per capita (current US$),NY.GDP.PCAP.CD,17966.16578,19267.28262,20908.40425,23299.49928,19465.31407,21819.32911,25032.78677,26438.67332,26989.76011,26451.79656,23734.05511,23800.00144,24784.76935,26324.40665,27259.74386,24342.84446,27147.80839,30470.52193,29290.12842,30048.21777
Bahrain,BHR,Asia,Western Asia,GDP per capita growth (annual %),NY.GDP.PCAP.KD.ZG,-1.04880317,-1.470380325,0.075646933,0.063714463,-3.979197726,0.077166959,4.787472097,2.605781234,1.576686846,-0.560855463,-1.663292787,-0.079109875,-0.457057166,1.918495729,3.382740869,-5.173074009,2.119198225,4.764512125,0.42885938,2.264333518
Bahrain,BHR,Asia,Western Asia,GDP (current US$),NY.GDP.MKTP.CD,15968723404,18504760638,21730000000,25710904255,22938218085,26805984043,29914680851,31963404255,33823324468,34772526596,32523297872,33884680851,37204813830,39567978723,40446808511,35837632979,40840212766,46458191489,46192260638,47736702128
Bangladesh,BGD,Asia,Southern Asia,"Total reserves (includes gold, current US$)",FI.RES.TOTL.CD,2825004864,3877163419,5277479281,5787356027,10341543874,11174828667,9174749651,12754226900,18087689200,22319788312,27493077972,32283838539,33431482893,32028383717,32696936140,43171735336,46165532457,33747202272,21859709191,21394795733
Bangladesh,BGD,Asia,Southern Asia,Total reserves minus gold (current US$),FI.RES.XGLD.CD,2767241064,3805600127,5183432281,5689282147,10218896711,10564279467,8509530151,12031218900,17564379091,21785394951,27023378998,31776076223,32849189167,31452739129,32012890651,42322360139,45348046446,32929526841,20928020362,20196792193
Bangladesh,BGD,Asia,Southern Asia,GDP growth (annual %),NY.GDP.MKTP.KD.ZG,6.535944939,6.671904986,7.058599354,6.013789757,5.045124799,5.571788185,6.464379125,6.521458779,6.013605658,6.061059359,6.552639878,7.113478213,6.590249998,7.31941263,7.881915151,3.448017551,6.938679124,7.099828776,5.77511237,4.223259113
Bangladesh,BGD,Asia,Southern Asia,GDP per capita (constant 2015 US$),NY.GDP.PCAP.KD,739.2037184,779.4195704,825.50823,866.4581576,901.7296263,943.6642286,995.5799472,1050.391404,1103.156959,1159.407535,1224.386477,1299.830914,1373.753637,1462.250503,1564.208024,1604.665923,1702.080284,1804.349346,1885.377336,1941.278744
Bangladesh,BGD,Asia,Southern Asia,GDP (constant 2015 US$),NY.GDP.MKTP.KD,1.06974E+11,1.14112E+11,1.22166E+11,1.29513E+11,1.36047E+11,1.43628E+11,1.52912E+11,1.62884E+11,1.7268E+11,1.83146E+11,1.95147E+11,2.09028E+11,2.22804E+11,2.39112E+11,2.57958E+11,2.66853E+11,2.85369E+11,3.0563E+11,3.2328E+11,3.36933E+11
Bangladesh,BGD,Asia,Southern Asia,Current account balance (% of GDP),BN.CAB.XOKA.GD.ZS,-0.250074174,1.665924952,1.076215214,1.010711247,3.470232646,1.829097947,-0.125842242,1.93195277,1.372325152,0.437159798,1.321888719,0.351171861,-2.037566004,-2.207839121,-0.839485005,0.318940442,-3.789692599,-3.137720274,1.003067695,0.41560167
Bangladesh,BGD,Asia,Southern Asia,Access to electricity (% of population),EG.ELC.ACCS.ZS,44.2,50.5,46.5,54.3,57.1,55.3,59.6,65.5,61.5,62.4,74,75.9,88,86.9,92.2,96.2,99,99.4,99.5,..
Bangladesh,BGD,Asia,Southern Asia,External balance on goods and services (% of GDP),NE.RSB.GNFS.ZS,-5.611251069,-5.404997302,-5.95171296,-7.303197068,-6.212530412,-5.754617299,-7.576699925,-7.787745021,-7.220654503,-6.534760207,-7.412648734,-3.491741172,-4.360236891,-7.165055835,-5.388539821,-5.385871253,-6.398446903,-8.015514401,-4.668643742,-5.855700263
Bangladesh,BGD,Asia,Southern Asia,GDP per capita (current US$),NY.GDP.PCAP.CD,480.0858508,490.3880265,537.9554928,613.062041,679.2114774,757.3852804,837.3369447,859.6805364,958.2629898,1094.461997,1224.386477,1649.283809,1811.082217,1965.243727,2129.79897,2248.850788,2482.849178,2716.485928,2551.017738,2593.416074
Bangladesh,BGD,Asia,Southern Asia,GDP per capita growth (annual %),NY.GDP.PCAP.KD.ZG,5.201313687,5.440428815,5.913202756,4.960571702,4.070764216,4.650462974,5.501503282,5.505480202,5.023418397,5.099054602,5.604495397,6.1618156,5.68710307,6.441974947,6.972643998,2.586478166,6.07069417,6.008474629,4.490704094,2.96499838
Bangladesh,BGD,Asia,Southern Asia,GDP (current US$),NY.GDP.MKTP.CD,69476001239,71795736172,79611644975,91636997371,1.02475E+11,1.15276E+11,1.28607E+11,1.33311E+11,1.49999E+11,1.72887E+11,1.95147E+11,2.65225E+11,2.93732E+11,3.21363E+11,3.51232E+11,3.73979E+11,4.16272E+11,4.60132E+11,4.37415E+11,4.50119E+11
Barbados,BRB,Americas,Caribbean,"Total reserves (includes gold, current US$)",FI.RES.TOTL.CD,603465289.1,636089800.4,839429792.7,738527014.8,871145394,833540950.4,812596875.6,839722748,680957827.2,632258680.1,553604323.9,431758242,265841633.1,533906813,772118649.5,1358013876,1672884485,1519660180,1605919491,1653675115
Barbados,BRB,Americas,Caribbean,Total reserves minus gold (current US$),FI.RES.XGLD.CD,603465289.1,636089800.4,839429792.7,738527014.8,871145394,833540950.4,812596875.6,839722748,680957827.2,632258680.1,553604323.9,431758242,265841633.1,533906813,772118649.5,1358013876,1672884485,1519660180,1605919491,1653675115
Barbados,BRB,Americas,Caribbean,GDP growth (annual %),NY.GDP.MKTP.KD.ZG,3.955457208,6.070546217,2.079183863,0.633460591,-5.017275383,-2.217710856,-0.731434559,-0.313311151,-1.010381846,0.082405478,-0.846098521,1.791930334,0.128446002,-1.174065094,0.652585418,-15.05436295,-0.25496588,17.83286303,4.09382011,3.800000319
Barbados,BRB,Americas,Caribbean,GDP per capita (constant 2015 US$),NY.GDP.PCAP.KD,20004.76674,21117.31411,21454.19711,21477.20806,20294.78267,19763.95236,19555.73211,19438.21791,19191.43755,19160.1223,18954.29137,19251.98342,19237.28749,18974.85718,19064.99759,16166.65595,16099.77497,18959.33516,19734.23803,20474.63918
Barbados,BRB,Americas,Caribbean,GDP (constant 2015 US$),NY.GDP.MKTP.KD,5375400852,5701717045,5820266226,5857135319,5563266710,5439889540,5400100308,5383181192,5328790506,5333181722,5288057750,5382816061,5389730073,5326451133,5361210777,4554114648,4542503210,5352561585,5571685827,5783409907
Barbados,BRB,Americas,Caribbean,Current account balance (% of GDP),BN.CAB.XOKA.GD.ZS,-12.97925215,-10.48936617,-7.429180187,-9.016165896,-8.530718331,-5.24644752,-3.249822794,-8.508352801,-4.709530691,-12.0306624,-1.867083461,-8.486410529,-5.372077537,..,..,..,..,..,..,..
Barbados,BRB,Americas,Caribbean,Access to electricity (% of population),EG.ELC.ACCS.ZS,99.9,100,100,100,100,100,100,100,100,100,100,100,100,100,100,100,100,100,100,..
Barbados,BRB,Americas,Caribbean,External balance on goods and services (% of GDP),NE.RSB.GNFS.ZS,..,..,..,..,..,..,..,..,..,..,..,..,..,..,..,..,..,..,..,..
Barbados,BRB,Americas,Caribbean,GDP per capita (current US$),NY.GDP.PCAP.CD,14214.42022,15619.6006,17235.43964,17565.693,16294.90995,18860.38337,19345.99531,19034.0708,19308.00911,19277.94236,18954.29137,19065.80698,19692.76067,20055.91587,20583.72658,18347.11091,18696.7859,22164.02603,23804.02499,25365.79494
Barbados,BRB,Americas,Caribbean,GDP per capita growth (annual %),NY.GDP.PCAP.KD.ZG,3.410738133,5.561411366,1.59529283,0.107256161,-5.505489283,-2.615599863,-1.05353551,-0.60091944,-1.269562702,-0.163173017,-1.07426729,1.570578631,-0.076334649,-1.364175224,0.475051849,-15.20242331,-0.413697039,17.76149167,4.08718373,3.75186089
Barbados,BRB,Americas,Caribbean,GDP (current US$),NY.GDP.MKTP.CD,3819500000,4217323400,4675767950,4790410400,4466809600,5191188500,5342183800,5271257500,5361158350,5365976700,5288057750,5330761500,5517340450,5629916200,5788288000,5168344450,5275242050,6257303500,6720733200,7165000000
Belarus,BLR,Europe,Eastern Europe,"Total reserves (includes gold, current US$)",FI.RES.TOTL.CD,1341819427,1386410521,4178575862,3063153365,5640214197,5025440612,7863285897,8094992776,6654216940,5067715364,4172797260,4907608003,7315236709,7157559690,9393817369,7468343228,8424740406,7923329893,8117798862,8912194598
Belarus,BLR,Europe,Eastern Europe,Total reserves minus gold (current US$),FI.RES.XGLD.CD,1136619427,1068560521,3952129362,2686986490,4831383077,3431041412,6011235197,5808989576,4936961290,3422007764,2743599260,3206863223,5375413409,5222909015,7006667169,4426887098,5301812826,4781802403,4535616302,4392189758
Belarus,BLR,Europe,Eastern Europe,GDP growth (annual %),NY.GDP.MKTP.KD.ZG,9.400001526,9.999994718,8.600006601,10.19999952,0.199995215,7.750017066,5.549974723,1.70785257,0.998719279,1.651124685,-3.829570558,-2.526446436,2.5321835,3.149197594,1.446455477,-0.672742951,2.438862124,-4.658395916,4.126540072,4.009848525
Belarus,BLR,Europe,Eastern Europe,GDP per capita (constant 2015 US$),NY.GDP.PCAP.KD,3877.717389,4291.686471,4682.206766,5177.645348,5200.774185,5616.094117,5941.689991,6052.637372,6115.432881,6212.916674,5967.055951,5811.201592,5964.896689,6165.913202,6267.735089,6251.988989,6457.730538,6206.619097,6497.784507,6791.326481
Belarus,BLR,Europe,Eastern Europe,GDP (constant 2015 US$),NY.GDP.MKTP.KD,37473931238,41221322382,44766358828,49332527214,49431189908,53262115562,56218149512,57178272623,57749323055,58702836384,56454769845,55028470324,56421892170,58198729041,59040547745,58643356622,60073587235,57275121700,59638602548,62030020173
Belarus,BLR,Europe,Eastern Europe,Current account balance (% of GDP),BN.CAB.XOKA.GD.ZS,1.518035769,-3.754948243,-6.653677805,-8.16202153,-12.05468486,-14.46780439,-8.180545843,-2.835007621,-10.01925668,-6.633036955,-3.243481472,-3.377368528,-1.74032515,0.038146941,-1.934166588,-0.290687854,3.067248492,3.561776639,-1.407027726,-2.559936069
Belarus,BLR,Europe,Eastern Europe,Access to electricity (% of population),EG.ELC.ACCS.ZS,91.5,92.1,92.6,93.2,93.8,94.4,95,95.6,96.2,96.8,97.4,98,98.7,99.3,100,100,100,100,100,..
Belarus,BLR,Europe,Eastern Europe,External balance on goods and services (% of GDP),NE.RSB.GNFS.ZS,0.711265755,-4.172480351,-6.267772548,-7.723968109,-10.88272118,-13.17220228,-1.043532035,4.468545243,-3.148809022,-0.769416253,0.106706932,-0.190628653,0.211445679,1.516354275,-0.661238116,3.090018221,5.649342206,6.078166212,0.468782258,-1.790039045
Belarus,BLR,Europe,Eastern Europe,GDP per capita (current US$),NY.GDP.PCAP.CD,3126.071767,3848.223503,4735.481076,6376.175692,5352.488092,6034.678852,6527.659343,6953.215917,7998.080205,8341.318093,5967.055951,5039.775609,5785.544919,6360.037502,6837.773396,6542.8558,7489.718947,7994.648061,7896.753883,8316.647763
Belarus,BLR,Europe,Eastern Europe,GDP per capita growth (annual %),NY.GDP.PCAP.KD.ZG,10.14976717,10.67558671,9.099460044,10.58130507,0.4467057,7.985732826,5.79755018,1.867269773,1.037490027,1.594062008,-3.957251254,-2.611913805,2.644807522,3.369991519,1.651367504,-0.251224717,3.290817516,-3.888540083,4.691207974,4.51757015
Belarus,BLR,Europe,Eastern Europe,GDP (current US$),NY.GDP.MKTP.CD,30210091837,36961894281,45275711996,60752106347,50873167326,57231904543,61762382328,65685890439,75527558966,78813069121,56454769845,47723545321,54725405751,60031026576,64410170653,61371673345,69673747132,73775179925,72478760370,75961865472
Belgium,BEL,Europe,Western Europe,"Total reserves (includes gold, current US$)",FI.RES.TOTL.CD,11996383513,13436681104,16485311239,15680647981,23861674313,26779063929,29114266148,30768939404,26946175032,25444391273,24101851039,23480922147,26151437584,26856799009,28969986952,33296227565,41872371153,41273547745,40812779631,41449463816
Belgium,BEL,Europe,Western Europe,Total reserves minus gold (current US$),FI.RES.XGLD.CD,8241223513,8783357104,10383928739,9318426731,15906611813,16499236929,17918063148,18600107404,18138871032,16626119273,16352191039,15103247247,16672726084,17486655859,17835333952,19470395465,28565620053,28023456895,25734573231,22374333716
Belgium,BEL,Europe,Western Europe,GDP growth (annual %),NY.GDP.MKTP.KD.ZG,2.321737929,2.552340873,3.676924625,0.446905131,-1.906441055,2.710311503,1.931155024,0.215803612,0.305494549,1.765540381,1.474164337,1.19350273,1.474467616,1.877968474,2.442890045,-4.792983908,6.207599813,4.259360737,1.201691782,1.018898625
Belgium,BEL,Europe,Western Europe,GDP per capita (constant 2015 US$),NY.GDP.PCAP.KD,38645.26052,39371.08583,40520.08432,40380.9075,39293.63755,39991.56462,40236.95963,40074.4928,40007.89979,40533.9135,40893.80454,41172.88628,41619.32863,42208.36257,43006.40423,40769.02181,43121.94297,44596.786,44722.19553,44837.72427
Belgium,BEL,Europe,Western Europe,GDP (constant 2015 US$),NY.GDP.MKTP.KD,4.04949E+11,4.15285E+11,4.30554E+11,4.32478E+11,4.24233E+11,4.35732E+11,4.44146E+11,4.45105E+11,4.46464E+11,4.54347E+11,4.61045E+11,4.66547E+11,4.73426E+11,4.82317E+11,4.941E+11,4.70418E+11,4.99619E+11,5.209E+11,5.27159E+11,5.32531E+11
Belgium,BEL,Europe,Western Europe,Current account balance (% of GDP),BN.CAB.XOKA.GD.ZS,1.996553049,1.850289323,1.495692375,-0.831236475,1.809709417,1.523793687,-1.928877476,-0.082986495,0.969084735,0.75121941,1.380179085,0.558076935,0.702363723,-0.874098516,0.12309855,0.8745864,1.865471839,-1.18441104,-0.698532214,-0.854540574
Belgium,BEL,Europe,Western Europe,Access to electricity (% of population),EG.ELC.ACCS.ZS,100,100,100,100,100,100,100,100,100,100,100,100,100,100,100,100,100,100,100,..
Belgium,BEL,Europe,Western Europe,External balance on goods and services (% of GDP),NE.RSB.GNFS.ZS,4.036607173,4.042484811,4.13516253,0.67279216,2.053748416,1.494016117,-0.222788184,-0.285357157,0.2492041,0.221430207,0.686796394,0.178566802,-0.015268133,-1.311579445,0.469376147,1.44361984,1.86881777,-1.460253091,-0.599745691,-0.01312738
Belgium,BEL,Europe,Western Europe,GDP per capita (current US$),NY.GDP.PCAP.CD,36809.70134,38705.1068,44319.16545,48303.39796,44923.34001,44197.39367,47760.82988,44874.17092,46964.59468,47995.7787,40893.80454,41854.54983,44035.32394,47487.21004,46716.62275,45906.28758,51658.23829,50822.25185,54690.09427,55954.61063
Belgium,BEL,Europe,Western Europe,GDP per capita growth (annual %),NY.GDP.PCAP.KD.ZG,1.760456465,1.878174189,2.91838152,-0.343476137,-2.692534717,1.776183416,0.613616928,-0.403775116,-0.166173061,1.314774623,0.887876358,0.682454833,1.084311513,1.415289375,1.89071932,-5.20244011,5.771345643,3.420168308,0.281207552,0.258325283
Belgium,BEL,Europe,Western Europe,GDP (current US$),NY.GDP.MKTP.CD,3.85715E+11,4.0826E+11,4.70922E+11,5.17328E+11,4.85015E+11,4.81557E+11,5.27197E+11,4.98414E+11,5.24097E+11,5.37987E+11,4.61045E+11,4.74272E+11,5.00909E+11,5.42639E+11,5.36726E+11,5.29694E+11,5.98522E+11,5.93615E+11,6.44655E+11,6.64564E+11
Belize,BLZ,Americas,Central America,"Total reserves (includes gold, current US$)",FI.RES.TOTL.CD,71357473.86,113721681,108512535,166162897.2,213683331.6,217999757.4,237114250.4,288924768.8,402752296.2,486876774.5,437151657.9,376735092.7,312140148.2,294468435.1,277578761.1,348090076,420102782.5,482145605.5,473729034.1,498087320.7
Belize,BLZ,Americas,Central America,Total reserves minus gold (current US$),FI.RES.XGLD.CD,71357473.86,113721681,108512535,166162897.2,213683331.6,217999757.4,237114250.4,288924768.8,402752296.2,486876774.5,437151657.9,376735092.7,312140148.2,294468435.1,277578761.1,348090076,420102782.5,482145605.5,473729034.1,498087320.7
Belize,BLZ,Americas,Central America,GDP growth (annual %),NY.GDP.MKTP.KD.ZG,2.219538842,4.511447376,3.353248291,-1.682116446,-0.389321468,1.114035787,-0.244543781,3.737775786,4.454326007,4.030845578,2.876183795,0.054551654,-1.812853541,1.11057125,4.267636896,-13.90291006,17.74617012,9.652977724,1.149016821,8.151789827
Belize,BLZ,Americas,Central America,GDP per capita (constant 2015 US$),NY.GDP.PCAP.KD,6335.677777,6434.118644,6465.219364,6183.938918,5997.243308,5919.556621,5777.831129,5866.25149,5998.178309,6109.477784,6154.495935,6016.49647,5772.92692,5729.210452,5886.962235,5003.877848,5824.303943,6269.379974,6212.260518,6622.563814
Belize,BLZ,Americas,Central America,GDP (constant 2015 US$),NY.GDP.MKTP.KD,1772285480,1852241207,1914351454,1882149833,1874822220,1895708410,1891072573,1961756626,2049139661,2131737317,2193050000,2194246345,2154467872,2178394773,2271360752,1955575510,2302615267,2524886205,2553897572,2762085935
Belize,BLZ,Americas,Central America,Current account balance (% of GDP),BN.CAB.XOKA.GD.ZS,-10.25262962,-1.59532298,-3.051373496,-8.331545484,-4.906054397,-2.619961221,-1.09186219,-1.734215976,-3.57083938,-6.353860549,-7.9676956,-7.296504929,-6.973261719,-6.575576148,-7.731260925,-6.261829661,-6.52200389,-8.275039039,-0.644343658,-1.469515452
Belize,BLZ,Americas,Central America,Access to electricity (% of population),EG.ELC.ACCS.ZS,83.5,91,85.2,86.1,86.9,89.9,91.7,90.9,91.1,91.5,91.8,93.3,94.2,91.7,92.7,96.8,97.7,98.6,99.6,..
Belize,BLZ,Americas,Central America,External balance on goods and services (% of GDP),NE.RSB.GNFS.ZS,-1.559374894,4.713571945,5.213520005,2.214043361,1.302931596,6.41576445,6.540598232,7.51544988,3.36981921,3.858295335,-0.934771209,-1.874832604,1.89736575,2.463752317,1.591089897,-6.388134224,-3.842102002,-1.984754277,4.052413714,..
Belize,BLZ,Americas,Central America,GDP per capita (current US$),NY.GDP.PCAP.CD,5272.744172,5527.167759,5765.281999,5713.281268,5401.229631,5451.138972,5582.221706,5709.689188,5950.202999,6128.142885,6154.495935,6142.498732,6072.582676,6031.281396,6190.047923,5227.193638,6122.611586,7068.454783,7459.998151,8429.679597
Belize,BLZ,Americas,Central America,GDP per capita growth (annual %),NY.GDP.PCAP.KD.ZG,-0.719541027,1.553754319,0.483371873,-4.35067134,-3.019040323,-1.295373281,-2.394190992,1.530338261,2.248911758,1.855554613,0.736857598,-2.24225455,-4.04836188,-0.757266963,2.753464635,-15.00068035,16.39580579,7.64170339,-0.911086213,6.604734215
Belize,BLZ,Americas,Central America,GDP (current US$),NY.GDP.MKTP.CD,1474950000,1591150000,1707100000,1738900000,1688500000,1745700000,1827050000,1909400000,2032750000,2138250000,2193050000,2240200000,2266300000,2293250000,2388300000,2042850000,2420550000,2846700000,3066850000,3515783329
Benin,BEN,Africa,Western Africa,"Total reserves (includes gold, current US$)",FI.RES.TOTL.CD,..,..,..,..,..,..,..,..,..,..,..,..,..,..,..,..,..,..,..,..
Benin,BEN,Africa,Western Africa,Total reserves minus gold (current US$),FI.RES.XGLD.CD,..,..,..,..,..,..,..,..,..,..,..,..,..,..,..,..,..,..,..,..
Benin,BEN,Africa,Western Africa,GDP growth (annual %),NY.GDP.MKTP.KD.ZG,1.713164564,3.943738828,5.986349322,4.896577084,2.319292139,2.114064726,2.963752919,4.811223316,7.191433721,6.357679098,1.77815106,3.339673426,5.671561952,6.697253622,6.865686628,3.8487924,7.155451646,6.252947054,6.352777385,7.453115662
Benin,BEN,Africa,Western Africa,GDP per capita (constant 2015 US$),NY.GDP.PCAP.KD,893.9153687,900.6205358,926.7401138,943.2033803,936.5656511,928.2466553,927.7164128,943.9187715,982.3992063,1014.433006,1002.418869,1006.039266,1032.904712,1071.504522,1114.173045,1126.654041,1176.377276,1218.496689,1263.621583,1324.783126
Benin,BEN,Africa,Western Africa,GDP (constant 2015 US$),NY.GDP.MKTP.KD,7532259620,7829312268,8298002250,8704320326,8906198943,9094481754,9364019722,9814543622,10520350022,11189200116,11388160997,11768488383,12435945493,13268812303,14179807375,14725558723,15779238957,16765906415,17831007126,19159972711
Benin,BEN,Africa,Western Africa,Current account balance (% of GDP),BN.CAB.XOKA.GD.ZS,-3.443766425,-3.087787091,-6.546219388,-5.498622092,-6.690331811,-5.567234146,-4.833286272,-5.178326843,-5.37925542,-6.667906632,-5.964093171,-2.996694549,-4.18078964,-4.549195345,-3.999481404,-1.746485757,-4.15352071,-5.687125308,-8.176280069,..
Benin,BEN,Africa,Western Africa,Access to electricity (% of population),EG.ELC.ACCS.ZS,26.1,27.9,28,29,30,34.2,36.9,38.4,34.7,34.1,29.6,37,34.5,39,40,41,42,56.5,57,..
Benin,BEN,Africa,Western Africa,External balance on goods and services (% of GDP),NE.RSB.GNFS.ZS,-2.128651227,-3.658847287,-5.028077922,-3.493918737,-4.846695384,-5.286763815,-5.517725806,-2.943263045,-4.059061195,-2.406592693,-7.315410763,-3.773352195,-7.065407395,-7.246733253,-4.420277927,-5.088292522,-6.217248481,-2.750932793,-4.656092636,-2.959488404
Benin,BEN,Africa,Western Africa,GDP per capita (current US$),NY.GDP.PCAP.CD,779.4377778,809.1470725,912.3382472,1060.602545,1024.102779,973.2442549,1059.413589,1071.525837,1168.926993,1204.399187,1002.418869,1010.533896,1054.974081,1151.74097,1130.821353,1200.194266,1318.651581,1266.42711,1394.177847,1485.38019
Benin,BEN,Africa,Western Africa,GDP per capita growth (annual %),NY.GDP.PCAP.KD.ZG,-1.510433395,0.750089698,2.900175704,1.776470696,-0.703743156,-0.888244805,-0.057123017,1.74647753,4.076668027,3.260772171,-1.184320438,0.36116614,2.6704172,3.737015543,3.982113266,1.120202648,4.413354351,3.58043408,3.703325128,4.840178691
Benin,BEN,Africa,Western Africa,GDP (current US$),NY.GDP.MKTP.CD,6567654954,7034111315,8169048383,9787734526,9738626517,9535345016,10693321364,11141358116,12517845124,13284527847,11388160997,11821065853,12701655837,14262408090,14391686313,15686741894,17687623535,17425405084,19673290996,21482643720
Bermuda,BMU,Americas,Northern America,"Total reserves (includes gold, current US$)",FI.RES.TOTL.CD,..,..,..,..,..,..,..,..,..,..,..,..,..,..,..,..,..,..,..,..
Bermuda,BMU,Americas,Northern America,Total reserves minus gold (current US$),FI.RES.XGLD.CD,..,..,..,..,..,..,..,..,..,..,..,..,..,..,..,..,..,..,..,..
Bermuda,BMU,Americas,Northern America,GDP growth (annual %),NY.GDP.MKTP.KD.ZG,1.674206114,5.54386638,3.345139709,-1.865955826,-5.626697711,-2.502878289,-3.742744317,-5.305299107,-0.279708545,-3.701067594,0.7755297,-0.657206304,3.611419837,-0.4328013,0.307106461,-6.827573035,4.607429171,6.476225712,4.917215573,2.105368822
Bermuda,BMU,Americas,Northern America,GDP per capita (constant 2015 US$),NY.GDP.PCAP.KD,122143.7996,128662.9319,132595.4827,129525.1771,121727.5849,118382.909,113937.8357,108040.5757,107860.3948,103941.9826,104855.3668,104190.8767,107734.6084,106843.1637,106709.8812,98999.50766,103134.7295,109642.6719,115124.7172,117661.2717
Bermuda,BMU,Americas,Northern America,GDP (constant 2015 US$),NY.GDP.MKTP.KD,7659759815,8084406665,8354841362,8198943713,7737613935,7543950875,7261600083,6876350478,6857116739,6603330213,6654541000,6610806937,6849550930,6819905985,6840850357,6373786302,6667453992,7099253361,7448338953,7605153959
Bermuda,BMU,Americas,Northern America,Current account balance (% of GDP),BN.CAB.XOKA.GD.ZS,..,20.38395182,17.97054081,12.99061744,8.734392681,10.4899592,13.74369147,14.53372062,13.00156808,12.74679187,14.16921418,12.26083039,13.16379871,12.30210205,11.29797266,12.39733562,13.19962847,14.41126728,15.38940803,..
Bermuda,BMU,Americas,Northern America,Access to electricity (% of population),EG.ELC.ACCS.ZS,100,100,100,100,100,100,100,100,100,100,100,100,100,100,100,100,100,100,100,..
Bermuda,BMU,Americas,Northern America,External balance on goods and services (% of GDP),NE.RSB.GNFS.ZS,..,..,..,..,..,26.99490514,28.80804715,27.24278431,26.95627549,25.80573896,26.64618041,25.91020377,24.68387005,25.40304238,25.92674715,25.07560222,24.3920847,25.40047275,26.87166302,32.10284849
Bermuda,BMU,Americas,Northern America,GDP per capita (current US$),NY.GDP.PCAP.CD,77628.10352,97781.4559,107395.6515,110268.5624,104711.7124,104111.8242,99049.01699,100213.4934,101704.4075,100961.5766,104855.3668,108747.3561,112339.4256,113204.8221,115798.0408,106976.5462,112765.0817,121613.94,132604.4391,138934.9588
Bermuda,BMU,Americas,Northern America,GDP per capita growth (annual %),NY.GDP.PCAP.KD.ZG,1.42128117,5.337260155,3.056475297,-2.315543075,-6.020136318,-2.747672946,-3.754826881,-5.175857524,-0.16677148,-3.632855408,0.878744269,-0.63372064,3.401191878,-0.827444989,-0.124745932,-7.225547894,4.177012512,6.310136679,4.999919489,2.203310107
Bermuda,BMU,Americas,Northern America,GDP (current US$),NY.GDP.MKTP.CD,4868136000,6144000000,6767000000,6980000000,6656000000,6634526000,6312691000,6378188000,6465756000,6413988000,6654541000,6899911000,7142316000,7225977000,7423465000,6887364000,7290037000,7874381000,8579242000,8980200000
Bhutan,BTN,Asia,Southern Asia,"Total reserves (includes gold, current US$)",FI.RES.TOTL.CD,467426180.8,545324764.6,699049465.4,764803120.5,890893416.6,1002139102,789643751.6,954678385.1,991306676.5,1245086667,1103179129,1127277332,1206238191,987247035.6,1238371618,1426914818,1049605755,825755411.7,654480752.4,941017689.2
Bhutan,BTN,Asia,Southern Asia,Total reserves minus gold (current US$),FI.RES.XGLD.CD,467426180.8,545324764.6,699049465.4,764803120.5,890893416.6,1002139102,789643751.6,954678385.1,991306676.5,1245086667,1103179129,1127277332,1206238191,987247035.6,1228298799,1423132618,1012732077,806906971.7,647849987.4,932629244.2
Bhutan,BTN,Asia,Southern Asia,GDP growth (annual %),NY.GDP.MKTP.KD.ZG,6.935071468,5.640805154,16.10478365,4.529448777,7.667492386,11.93187384,8.489258484,5.164820127,1.736340395,5.881085507,6.660801289,8.475943392,2.086845227,3.501871857,5.755148512,-10.21839742,4.421367389,5.213867838,4.882593963,..
Bhutan,BTN,Asia,Southern Asia,GDP per capita (constant 2015 US$),NY.GDP.PCAP.KD,1632.021695,1701.118782,1952.257346,2017.760189,2148.564804,2378.728108,2552.488711,2654.747989,2671.074602,2797.81884,2954.040819,3173.367732,3211.809033,3300.550065,3467.38599,3092.124284,3206.20367,3349.733096,3488.844491,..
Bhutan,BTN,Asia,Southern Asia,GDP (constant 2015 US$),NY.GDP.MKTP.KD,1080178039,1141108778,1324881878,1384891724,1491078191,1668991760,1810676784,1904194983,1937258290,2051190106,2187815803,2373253832,2422779967,2507622617,2651940022,2380954251,2486224986,2615853471,2743574975,..
Bhutan,BTN,Asia,Southern Asia,Current account balance (% of GDP),BN.CAB.XOKA.GD.ZS,..,-4.019833466,6.763818738,-8.537825639,-4.952940695,-18.90694315,-26.6070202,-19.10607209,-24.29349325,-23.46880526,-25.06271774,-26.41310916,-20.85469656,-18.5091514,-18.30626799,-15.50911087,-11.53131205,-27.80054725,-31.89932904,-20.50448221
Bhutan,BTN,Asia,Southern Asia,Access to electricity (% of population),EG.ELC.ACCS.ZS,59.8,59.7,71.8,67.6,71.5,73.3,81.8,91.5,87.4,91.4,95.4,99.3,97.7,100,100,100,100,100,100,..
Bhutan,BTN,Asia,Southern Asia,External balance on goods and services (% of GDP),NE.RSB.GNFS.ZS,-24.93462495,-4.531934268,-2.214768484,-8.756281059,-16.62682539,-26.23657622,-26.94919647,-22.46880757,-20.18380639,-19.55557339,-26.56697845,-22.13908502,-19.89558564,-21.36028194,-13.20851018,-15.69908001,-19.18496689,-34.57353661,-24.90785744,..
Bhutan,BTN,Asia,Southern Asia,GDP per capita (current US$),NY.GDP.PCAP.CD,1299.949386,1405.607162,1850.415704,1919.597749,1918.395992,2435.579806,2787.979676,2751.212886,2679.952172,2849.499986,2954.040819,3152.309051,3435.288047,3400.204172,3576.879871,3191.66907,3570.61258,3711.32768,3839.409304,..
Bhutan,BTN,Asia,Southern Asia,GDP per capita growth (annual %),NY.GDP.PCAP.KD.ZG,5.105979517,4.233833836,14.763141,3.355236093,6.482664061,10.71242084,7.304769409,4.006257826,0.614996701,4.745065436,5.583706035,7.424640568,1.211372391,2.762961028,5.054791532,-10.82261124,3.689353192,4.476615996,4.152909811,..
Bhutan,BTN,Asia,Southern Asia,GDP (current US$),NY.GDP.MKTP.CD,860391000.2,942879878.5,1255767964,1317517835,1331343798,1708880730,1977728659,1973387228,1943696952,2089079571,2187815803,2357504761,2591358009,2583335722,2735683570,2457604334,2768802960,2898227744,3019253885,..
Bolivia,BOL,Americas,South America,"Total reserves (includes gold, current US$)",FI.RES.TOTL.CD,1794984953,3193982720,5313631986,7719766413,8574579206,9730683979,11994673115,13924289443,14429068711,15129277524,13049620686,10053627485,10245969450,8929614183,6455449942,5247234669,4730168840,3752070997,1799951503,1977025889
Bolivia,BOL,Americas,South America,Total reserves minus gold (current US$),FI.RES.XGLD.CD,1327603534,2614812413,4554023297,6927359028,7583785264,8133860291,9910714358,11659294426,12782730516,13480889095,11600788401,8487385113,8473883547,7177825600,4373778650,2662435864,2242414461,1274909496,241058645.2,87151699.86
Bolivia,BOL,Americas,South America,GDP growth (annual %),NY.GDP.MKTP.KD.ZG,4.421433127,4.797008824,4.564384269,6.148497875,3.356999574,4.126722591,5.204092443,5.122275581,6.796011428,5.460569506,4.85718718,4.263920864,4.195206334,4.223623653,2.21670564,-8.737884358,6.111372697,3.605680426,3.08196521,1.38468279
Bolivia,BOL,Americas,South America,GDP per capita (constant 2015 US$),NY.GDP.PCAP.KD,2156.186703,2221.427226,2283.427336,2383.250326,2422.575794,2481.407009,2568.520517,2657.238849,2793.514571,2900.902416,2996.012898,3077.570576,3160.164212,3246.764348,3272.38171,2949.81955,3098.350624,3172.910467,3226.08756,3226.188076
Bolivia,BOL,Americas,South America,GDP (constant 2015 US$),NY.GDP.MKTP.KD,20183533307,21151739181,22117185837,23477060538,24265185360,25266542246,26581436462,27943010891,29842021104,31471565409,33000198249,34407300587,35850757841,37364958928,38193230080,34855949803,36986126803,38319728338,39500729034,40047688830
Bolivia,BOL,Americas,South America,Current account balance (% of GDP),BN.CAB.XOKA.GD.ZS,6.51828634,11.50445477,12.12830067,11.95073793,4.691697614,4.446605369,2.241794613,7.273677909,3.437720627,1.716048836,-5.867265944,-5.619272159,-5.060811788,-4.281655221,-3.340467252,-0.043450218,3.938915553,2.622859647,-2.536243413,-2.894810996
Bolivia,BOL,Americas,South America,Access to electricity (% of population),EG.ELC.ACCS.ZS,68.3,76.2,80.2,84.7,86.8,88,88.3,90.4,89.5,90,91.5,91.8,91.8,92.8,95.1,97.2,98.6,99.9,99.8,..
Bolivia,BOL,Americas,South America,External balance on goods and services (% of GDP),NE.RSB.GNFS.ZS,3.4543445,9.005580105,7.529402058,6.946091089,2.818175738,6.863286032,5.703008282,9.383632081,6.954051523,1.321706419,-6.196253132,-7.425023424,-6.896364021,-5.132374494,-6.46278216,-4.958083045,-3.370704744,-2.532789063,-5.393759343,..
Bolivia,BOL,Americas,South America,GDP per capita (current US$),NY.GDP.PCAP.CD,1020.123262,1202.711504,1354.549059,1692.672485,1731.181721,1929.783731,2315.521219,2575.598571,2870.02377,3041.435032,2996.012898,3035.873477,3306.303012,3500.726422,3503.896011,3099.942191,3384.844865,3643.92827,3686.279964,4001.21134
Bolivia,BOL,Americas,South America,GDP per capita growth (annual %),NY.GDP.PCAP.KD.ZG,2.676006596,3.025736246,2.79100342,4.371629809,1.650077111,2.428457131,3.510649717,3.454063612,5.128470927,3.844184168,3.278651558,2.722207157,2.683728435,2.740368225,0.789012055,-9.857106795,5.035259646,2.40643659,1.675972067,0.003115706
Bolivia,BOL,Americas,South America,GDP (current US$),NY.GDP.MKTP.CD,9549122905,11451844902,13120108008,16674276286,17339992194,19649723722,23963164697,27084497482,30659338886,32996188017,33000198249,33941126194,37508642171,40287647931,40895322851,36629843806,40406111693,44008282880,45135398003,49668296744
Bosnia and Herzegovina,BIH,Europe,Southern Europe,"Total reserves (includes gold, current US$)",FI.RES.TOTL.CD,2547614647,3671010361,5041780929,4479825860,4575111867,4411161780,4247540639,4389987071,4984005031,4860208933,4790984891,5136418168,6473729519,6808433501,7207699940,8707117939,9475044026,8761700726,9204916834,9418858050
Bosnia and Herzegovina,BIH,Europe,Southern Europe,Total reserves minus gold (current US$),FI.RES.XGLD.CD,2547614647,3671010361,5041780929,4479825860,4529038498,4366185780,4149556639,4283491071,4868373031,4744432933,4689224891,5026411768,6349265519,6685395101,7061491940,8525572339,9300314426,8674707926,9105921634,9126638850
Bosnia and Herzegovina,BIH,Europe,Southern Europe,GDP growth (annual %),NY.GDP.MKTP.KD.ZG,3.89717799,5.414003571,5.857126342,5.443831035,-3.00445593,0.86566926,0.959511247,-0.821836474,2.349856663,1.153851092,4.314750611,3.242255212,3.244100959,3.827499205,2.887343344,-3.015095148,7.38996234,4.226811011,1.994395203,2.480047084
Bosnia and Herzegovina,BIH,Europe,Southern Europe,GDP per capita (constant 2015 US$),NY.GDP.PCAP.KD,3216.868817,3418.755013,3663.94489,3927.879656,3876.39718,3980.041283,4093.051522,4138.702184,4305.467556,4411.381023,4662.258837,4876.534724,5099.816138,5360.174439,5583.29732,5490.753671,5995.448176,6327.062939,6493.22234,6698.040674
Bosnia and Herzegovina,BIH,Europe,Southern Europe,GDP (constant 2015 US$),NY.GDP.MKTP.KD,13177880591,13891331517,14704964355,15505477768,15039622522,15169815911,15315372001,15189504687,15546436275,15725819000,16404348871,16936219728,17485647794,18154910825,18679105434,18115912632,19454671754,20276983961,20681387157,21194295296
Bosnia and Herzegovina,BIH,Europe,Southern Europe,Current account balance (% of GDP),BN.CAB.XOKA.GD.ZS,-16.4343906,-7.758385834,-9.190427591,-13.83279984,-6.445207029,-6.000463994,-9.479199442,-8.625950203,-5.325858303,-7.350858411,-5.035405203,-4.698670946,-4.778782105,-3.23063058,-2.596918821,-2.839518617,-1.47256667,-4.390735256,-2.135173324,-3.626001728
Bosnia and Herzegovina,BIH,Europe,Southern Europe,Access to electricity (% of population),EG.ELC.ACCS.ZS,99.1,99.4,99.7,99.3,99.4,99.5,99.7,99.7,99.5,99.9,99.7,100,100,100,100,100,100,100,100,..
Bosnia and Herzegovina,BIH,Europe,Southern Europe,External balance on goods and services (% of GDP),NE.RSB.GNFS.ZS,-35.72261704,-27.31325737,-29.348748,-32.46674199,-23.72873665,-21.57713159,-23.76440409,-23.44402599,-20.44514767,-22.57404047,-18.06223858,-16.4266164,-15.99705679,-14.46296407,-14.43598566,-13.74828097,-11.3392657,-13.59176296,-11.75399337,-14.33243965
Bosnia and Herzegovina,BIH,Europe,Southern Europe,GDP per capita (current US$),NY.GDP.PCAP.CD,2739.610769,3166.128653,3931.489487,4841.693119,4539.918638,4506.478285,4982.693758,4693.788991,5034.56616,5206.065583,4662.258837,4928.566525,5345.019855,6047.845843,6122.375345,6130.311332,7295.343824,7655.59421,8663.02323,8957.372942
Bosnia and Herzegovina,BIH,Europe,Southern Europe,GDP per capita growth (annual %),NY.GDP.PCAP.KD.ZG,5.025655699,6.275860373,7.171905452,7.203568124,-1.31069381,2.673722489,2.839423788,1.115320952,4.02941225,2.459975948,5.687058388,4.595967206,4.57869011,5.105248784,4.162604854,-1.657508895,9.19171639,5.531108829,2.626169553,3.154340378
Bosnia and Herzegovina,BIH,Europe,Southern Europe,GDP (current US$),NY.GDP.MKTP.CD,11222796337,12864841906,15778734264,19112796623,17613949091,17176315804,18644233537,17226735996,18179108531,18558733564,16404348871,17116926328,18326373366,20484053869,20482608755,20226036564,23672712242,24534663636,27592361388,28343394203
Botswana,BWA,Africa,Southern Africa,"Total reserves (includes gold, current US$)",FI.RES.TOTL.CD,6309056418,7992391905,9789741088,9118637749,8703960321,7885211136,8081886824,7627970306,7726052444,8322771529,7546144960,7188821775,7490512373,6656913638,6170221067,4940893803,4801608912,4278950590,4755831849,3455661776
Botswana,BWA,Africa,Southern Africa,Total reserves minus gold (current US$),FI.RES.XGLD.CD,6309056418,7992391905,9789741088,9118637749,8703960321,7885211136,8081886824,7627970306,7726052444,8322771529,7546144960,7188821775,7490512373,6656913638,6170221067,4940893803,4801608912,4278950590,4755831849,3455661776
Botswana,BWA,Africa,Southern Africa,GDP growth (annual %),NY.GDP.MKTP.KD.ZG,4.556645653,8.363871093,5.792555777,3.252072958,-14.14423462,10.11972333,6.838410501,-0.170857117,11.10290688,5.69714422,-4.851325046,7.204424759,4.11437856,4.18869239,3.031773371,-8.728882411,11.91627241,5.486017064,3.208068122,-2.989868795
Botswana,BWA,Africa,Southern Africa,GDP per capita (constant 2015 US$),NY.GDP.PCAP.KD,5514.217427,5865.000265,6085.635448,6158.616294,5179.413861,5584.503433,5850.078585,5742.919243,6284.976778,6547.122539,6141.203947,6490.834636,6662.576448,6843.846121,6951.73189,6254.248064,6895.911849,7159.586062,7269.051707,6937.33181
Botswana,BWA,Africa,Southern Africa,GDP (constant 2015 US$),NY.GDP.MKTP.KD,10145481816,10994036837,11630872553,12009117014,10310519328,11353915358,12130342698,12109617145,13454136660,14220638229,13530748845,14505561464,15102375175,15734967215,16212015761,14796887969,16560125448,17468616756,18029021881,17489977782
Botswana,BWA,Africa,Southern Africa,Current account balance (% of GDP),BN.CAB.XOKA.GD.ZS,16.10571085,19.66477602,15.6550615,1.393458723,-6.405939615,-5.888402257,-0.872984775,-5.901992671,4.530731484,11.07503064,2.226182876,7.97299722,5.585809138,0.392946349,-6.905054782,-9.806311121,-1.764905311,-0.595044524,1.488076729,-4.232498375
Botswana,BWA,Africa,Southern Africa,Access to electricity (% of population),EG.ELC.ACCS.ZS,37.5,39.7,41.9,44.5,43.4,52,53.2,56,58,60,62.1,64.2,67.4,68.3,70.1,71.8,73.7,75.9,76,..
Botswana,BWA,Africa,Southern Africa,External balance on goods and services (% of GDP),NE.RSB.GNFS.ZS,17.34175503,16.94921961,14.46340091,-5.114412686,-16.81346492,-10.35033906,-10.48867195,-15.64523296,-3.023516419,3.068393995,-6.71909633,8.758019755,3.916133601,1.001183853,-8.91734605,-15.08268529,-4.933645267,1.475515798,-4.303641263,-14.88154201
Botswana,BWA,Africa,Southern Africa,GDP per capita (current US$),NY.GDP.PCAP.CD,5391.070766,5291.583791,5529.125746,5503.073953,5082.933883,6215.732161,7287.382953,6595.53845,6666.912196,7122.364234,6141.203947,6749.059943,7104.964011,7407.959401,7172.089565,6323.297498,7807.887945,8328.709057,7826.353765,7695.242064
Botswana,BWA,Africa,Southern Africa,GDP per capita growth (annual %),NY.GDP.PCAP.KD.ZG,2.696606331,6.361425592,3.761895523,1.199231316,-15.89971491,7.821147002,4.755573266,-1.831759021,9.438710744,4.170990129,-6.199954095,5.693194554,2.645912606,2.720714349,1.576390917,-10.03323829,10.25964719,3.823630843,1.52893818,-4.563454906
Botswana,BWA,Africa,Southern Africa,GDP (current US$),NY.GDP.MKTP.CD,9918907108,9919158482,10567270656,10730829116,10118459242,12637273429,15110643612,13907464500,14271738933,15470088501,13530748845,15082637184,16105155857,17031943186,16725908149,14960251611,18750182235,20321150598,19411266967,19400774882
Brazil,BRA,Americas,South America,"Total reserves (includes gold, current US$)",FI.RES.TOTL.CD,53799284977,85842861115,1.80334E+11,1.93783E+11,2.38539E+11,2.88575E+11,3.5201E+11,3.73161E+11,3.58816E+11,3.6357E+11,3.56465E+11,3.64984E+11,3.73956E+11,3.7471E+11,3.56886E+11,3.55614E+11,3.6221E+11,3.24673E+11,3.55021E+11,3.29732E+11
Brazil,BRA,Americas,South America,Total reserves minus gold (current US$),FI.RES.XGLD.CD,53245209761,85156183464,1.79433E+11,1.92844E+11,2.37364E+11,2.87056E+11,3.50356E+11,3.69566E+11,3.56214E+11,3.60965E+11,3.54175E+11,3.62505E+11,3.71151E+11,3.71934E+11,3.53588E+11,3.51519E+11,3.54623E+11,3.17119E+11,3.46424E+11,3.18857E+11
Brazil,BRA,Americas,South America,GDP growth (annual %),NY.GDP.MKTP.KD.ZG,3.202132061,3.961988711,6.069870607,5.094195447,-0.125812002,7.528225818,3.974423079,1.921175986,3.004822669,0.50395574,-3.545763393,-3.275916908,1.322869054,1.783666762,1.220777824,-3.276758796,4.762604379,3.016694354,3.241655329,3.395866455
Brazil,BRA,Americas,South America,GDP per capita (constant 2015 US$),NY.GDP.PCAP.KD,7409.569132,7622.040071,8003.254131,8330.764598,8246.09707,8792.634361,9067.993163,9167.499239,9366.739324,9338.342783,8936.196617,8577.843767,8628.253089,8722.336303,8771.440513,8435.011433,8799.229458,9032.084816,9288.027015,9564.576077
Brazil,BRA,Americas,South America,GDP (constant 2015 US$),NY.GDP.MKTP.KD,1.36846E+12,1.42268E+12,1.50903E+12,1.58591E+12,1.58391E+12,1.70315E+12,1.77084E+12,1.80486E+12,1.85909E+12,1.86846E+12,1.80221E+12,1.74317E+12,1.76623E+12,1.79774E+12,1.81968E+12,1.76006E+12,1.84388E+12,1.89951E+12,1.96108E+12,2.02768E+12
Brazil,BRA,Americas,South America,Current account balance (% of GDP),BN.CAB.XOKA.GD.ZS,1.309884666,0.972710523,-0.197096961,-2.099337848,-1.759357874,-3.925946045,-3.194618319,-3.759416117,-3.574220796,-4.49883038,-3.518391668,-1.700113397,-1.224299258,-2.807520086,-3.469895814,-1.687788053,-2.418765682,-2.159756585,-1.274810704,-2.656232325
Brazil,BRA,Americas,South America,Access to electricity (% of population),EG.ELC.ACCS.ZS,97.1,97.6,98.1,98.5,98.9,98.6,99.3,99.5,99.6,99.7,99.7,99.7,99.8,99.7,99.8,99.7,99.5,100,99.8,..
Brazil,BRA,Americas,South America,External balance on goods and services (% of GDP),NE.RSB.GNFS.ZS,3.400863329,2.706932716,1.362738833,-0.189568392,-0.403233337,-1.041008563,-0.769379819,-1.35919547,-2.301496035,-2.661520175,-1.153243101,0.399676008,0.718201365,0.393795615,-0.644419487,0.605025475,0.562529978,0.445464031,2.272418776,0.498139722
Brazil,BRA,Americas,South America,GDP per capita (current US$),NY.GDP.PCAP.CD,4827.781731,5934.144709,7409.691307,8908.331765,8678.659224,11403.28213,13396.62436,12521.72135,12458.89121,12274.99397,8936.196617,8836.286527,10080.50928,9300.661649,9029.833267,7074.193783,7972.53665,9281.333344,10377.58928,10280.31486
Brazil,BRA,Americas,South America,GDP per capita growth (annual %),NY.GDP.PCAP.KD.ZG,2.077308338,2.86752084,5.001470158,4.092216267,-1.016323621,6.627829949,3.131698544,1.097332938,2.173330805,-0.303163572,-4.306397559,-4.010127194,0.587668929,1.090408604,0.562970838,-3.835505467,4.317931617,2.646315324,2.833700129,2.977479093
Brazil,BRA,Americas,South America,GDP (current US$),NY.GDP.MKTP.CD,8.91634E+11,1.10763E+12,1.39711E+12,1.69586E+12,1.667E+12,2.20884E+12,2.61616E+12,2.46523E+12,2.47282E+12,2.45604E+12,1.80221E+12,1.79569E+12,2.06351E+12,1.91693E+12,1.87329E+12,1.47611E+12,1.67065E+12,1.95192E+12,2.19113E+12,2.17941E+12
British Virgin Islands,VGB,Americas,Caribbean,"Total reserves (includes gold, current US$)",FI.RES.TOTL.CD,..,..,..,..,..,..,..,..,..,..,..,..,..,..,..,..,..,..,..,..
British Virgin Islands,VGB,Americas,Caribbean,Total reserves minus gold (current US$),FI.RES.XGLD.CD,..,..,..,..,..,..,..,..,..,..,..,..,..,..,..,..,..,..,..,..
British Virgin Islands,VGB,Americas,Caribbean,GDP growth (annual %),NY.GDP.MKTP.KD.ZG,..,..,..,..,..,..,..,..,..,..,..,..,..,..,..,..,..,..,..,..
British Virgin Islands,VGB,Americas,Caribbean,GDP per capita (constant 2015 US$),NY.GDP.PCAP.KD,..,..,..,..,..,..,..,..,..,..,..,..,..,..,..,..,..,..,..,..
British Virgin Islands,VGB,Americas,Caribbean,GDP (constant 2015 US$),NY.GDP.MKTP.KD,..,..,..,..,..,..,..,..,..,..,..,..,..,..,..,..,..,..,..,..
British Virgin Islands,VGB,Americas,Caribbean,Current account balance (% of GDP),BN.CAB.XOKA.GD.ZS,..,..,..,..,..,..,..,..,..,..,..,..,..,..,..,..,..,..,..,..
British Virgin Islands,VGB,Americas,Caribbean,Access to electricity (% of population),EG.ELC.ACCS.ZS,97.6,97.8,97.9,98.1,98.3,98.3,98.7,98.9,99.1,99.2,100,100,100,100,100,100,100,100,100,..
British Virgin Islands,VGB,Americas,Caribbean,External balance on goods and services (% of GDP),NE.RSB.GNFS.ZS,..,..,..,..,..,..,..,..,..,..,..,..,..,..,..,..,..,..,..,..
British Virgin Islands,VGB,Americas,Caribbean,GDP per capita (current US$),NY.GDP.PCAP.CD,..,..,..,..,..,..,..,..,..,..,..,..,..,..,..,..,..,..,..,..
British Virgin Islands,VGB,Americas,Caribbean,GDP per capita growth (annual %),NY.GDP.PCAP.KD.ZG,..,..,..,..,..,..,..,..,..,..,..,..,..,..,..,..,..,..,..,..
British Virgin Islands,VGB,Americas,Caribbean,GDP (current US$),NY.GDP.MKTP.CD,..,..,..,..,..,..,..,..,..,..,..,..,..,..,..,..,..,..,..,..
Brunei Darussalam,BRN,Asia,South-Eastern Asia,"Total reserves (includes gold, current US$)",FI.RES.TOTL.CD,491885270.1,513570258.7,667491396.6,751159763.9,1357268957,1563162507,2583674788,3449167917,3575273902,3648818757,3366322585,3487053369,3488124300,3407126455,4272696958,3997356505,4982141346,5034739047,4482741926,4414307817
Brunei Darussalam,BRN,Asia,South-Eastern Asia,Total reserves minus gold (current US$),FI.RES.XGLD.CD,491885270.1,513570258.7,667491396.6,751159763.9,1357268957,1563162507,2486782108,3285313962,3398517136,3471224497,3211355888,3321823469,3299647425,3220619855,4051939715,3721321940,4717077820,4770778313,4181486854,4032248416
Brunei Darussalam,BRN,Asia,South-Eastern Asia,GDP growth (annual %),NY.GDP.MKTP.KD.ZG,-0.003925189,4.09841261,-3.763623476,-3.900710821,-1.900253862,2.741364335,3.744406387,0.913135324,-2.124783186,-2.507887216,-0.392383488,-2.477917765,1.328726513,0.052371054,3.868844164,1.133573406,-1.590762481,-1.62833154,1.127644192,4.200372735
Brunei Darussalam,BRN,Asia,South-Eastern Asia,GDP per capita (constant 2015 US$),NY.GDP.PCAP.KD,37312.2778,38229.3565,36174.51637,34126.69409,32855.60203,33121.31767,33754.36397,33544.53888,32381.07383,31148.72962,30625.12873,29492.41454,29524.65905,29200.19512,29996.24058,30015.95873,29256.18329,28549.17553,28645.96446,29605.87761
Brunei Darussalam,BRN,Asia,South-Eastern Asia,GDP (constant 2015 US$),NY.GDP.MKTP.KD,13391973498,13940831828,13416151409,12892826139,12647829712,12994552805,13481121671,13604222555,13315162321,12981233068,12930296852,12609894730,12777445744,12784137427,13278735782,13429260000,13215632370,13000438060,13147036745,13699261291
Brunei Darussalam,BRN,Asia,South-Eastern Asia,Current account balance (% of GDP),BN.CAB.XOKA.GD.ZS,38.23412517,41.35679761,35.94674322,43.56839532,33.38718602,36.59560397,34.71066495,29.83831897,20.88098818,30.70918368,16.67904331,12.89390573,16.36221855,6.928231033,6.635555035,4.278874618,11.13849551,19.51618907,12.87599015,14.41916351
Brunei Darussalam,BRN,Asia,South-Eastern Asia,Access to electricity (% of population),EG.ELC.ACCS.ZS,100,100,100,100,100,100,100,100,100,100,100,100,100,100,100,100,100,100,100,..
Brunei Darussalam,BRN,Asia,South-Eastern Asia,External balance on goods and services (% of GDP),NE.RSB.GNFS.ZS,35.52349909,38.75018897,32.91681349,42.14085631,29.12012152,39.44495847,39.47475461,34.67855985,25.14863597,33.93320276,14.52983422,11.83575341,13.96975262,9.968417799,7.382422727,4.42121917,13.21470924,25.80474793,16.54297057,15.37335034
Brunei Darussalam,BRN,Asia,South-Eastern Asia,GDP per capita (current US$),NY.GDP.PCAP.CD,29386.27036,34674.7996,36217.3291,42156.56852,30946.46743,34937.55552,46382.82745,46968.59711,44003.06443,41026.50839,30625.12873,26663.29732,28024.38246,30988.11905,30426.57303,26834.35925,31006.96362,36632.92804,32890.54925,33417.83577
Brunei Darussalam,BRN,Asia,South-Eastern Asia,GDP per capita growth (annual %),NY.GDP.PCAP.KD.ZG,-1.676952942,2.457846999,-5.375031958,-5.660952755,-3.724626985,0.808737711,1.911295621,-0.621623584,-3.468418672,-3.805754623,-1.680970268,-3.698643046,0.109331525,-1.098959078,2.726164868,0.065735388,-2.531238302,-2.416609684,0.339025329,3.350954174
Brunei Darussalam,BRN,Asia,South-Eastern Asia,GDP (current US$),NY.GDP.MKTP.CD,10547202612,12644616446,13432029496,15926456492,11912904529,13707121031,18524791071,19048443340,18094148099,17097797372,12930296852,11400266055,12128168047,13566908401,13469235348,12005799664,14006496614,16681536443,15095084686,15463134387
Bulgaria,BGR,Europe,Eastern Europe,"Total reserves (includes gold, current US$)",FI.RES.TOTL.CD,8697081082,11756001867,17544560020,17930378434,18522121029,17223204559,17215731650,20507099695,19883353048,20129698078,22153050489,25176065816,28375830876,28711039865,27901750799,37860001349,39187742752,40989114450,46333887862,43698277896
Bulgaria,BGR,Europe,Eastern Europe,Total reserves minus gold (current US$),FI.RES.XGLD.CD,8040543682,10943005137,16477943645,16815532884,17127293529,15420510259,15251917950,18371022895,18334727398,18576128878,20783318489,23691208596,26692714576,27044894865,25919566299,35377554379,36798315472,38609136430,43624306742,40269659586
Bulgaria,BGR,Europe,Eastern Europe,GDP growth (annual %),NY.GDP.MKTP.KD.ZG,7.056349212,6.802588987,6.654387649,6.129558799,-3.347141367,1.555359635,2.09017527,0.748814897,-0.542751603,0.949448985,3.397553259,3.026628931,2.745926447,2.549464347,3.788850365,-3.215737434,7.780614814,4.038777583,1.886814839,2.810827752
Bulgaria,BGR,Europe,Eastern Europe,GDP per capita (constant 2015 US$),NY.GDP.PCAP.KD,5231.338176,5629.801318,6048.742343,6464.72203,6288.725489,6428.717474,6605.308579,6693.427761,6792.735514,6941.018547,7268.654455,7586.504149,7898.706946,8211.936404,8644.249519,8450.603888,9168.851764,9601.432713,9810.668906,10089.92021
Bulgaria,BGR,Europe,Eastern Europe,GDP (constant 2015 US$),NY.GDP.MKTP.KD,40066672613,42792243672,45639805450,48437324161,46816058447,47544216522,48537973978,48901433558,48636020243,49097794444,50765918159,52302414125,53738599947,55108646394,57196630544,55357337084,59664478254,62074193827,63245418927,65023138714
Bulgaria,BGR,Europe,Eastern Europe,Current account balance (% of GDP),BN.CAB.XOKA.GD.ZS,-11.20572225,-17.053927,-25.740902,-21.79733067,-8.181502317,-1.903014504,0.472406192,-0.973570351,1.215781025,2.192484816,0.01839817,3.102259791,3.24645323,0.573193859,1.65487939,0.362859862,-1.033630358,-2.684256417,-0.873913685,-1.794835534
Bulgaria,BGR,Europe,Eastern Europe,Access to electricity (% of population),EG.ELC.ACCS.ZS,90.6,91.2,91.7,92.3,92.9,93.5,94.1,94.7,95.3,95.9,96.6,97.3,98.1,98.7,99.2,99.7,99.8,100,100,..
Bulgaria,BGR,Europe,Eastern Europe,External balance on goods and services (% of GDP),NE.RSB.GNFS.ZS,-14.65507971,-17.09170549,-18.82248897,-19.73342942,-8.254945429,-3.184432445,0.158311145,-3.278773326,-0.558725684,-1.146755214,0.836192263,4.916346702,4.346613786,2.664702975,3.334611023,2.524062315,2.483960004,1.114034588,4.102511598,2.325486818
Bulgaria,BGR,Europe,Eastern Europe,GDP per capita (current US$),NY.GDP.PCAP.CD,3899.825963,4523.146558,5888.570814,7271.303389,6988.273163,6853.948055,7849.580613,7431.957895,7795.980921,8069.600057,7268.654455,7822.499233,8696.689304,9872.385078,10372.80443,10769.94757,12972.21734,13999.67192,15883.86185,17412.41151
Bulgaria,BGR,Europe,Eastern Europe,GDP per capita growth (annual %),NY.GDP.PCAP.KD.ZG,7.865501921,7.616849232,7.441488627,6.877126917,-2.722414675,2.2260788,2.746910336,1.334066095,1.483660637,2.182964912,4.72028573,4.372882161,4.115239259,3.965578923,5.264447923,-2.240167074,8.499367455,4.717940257,2.179218452,2.846404277
Bulgaria,BGR,Europe,Eastern Europe,GDP (current US$),NY.GDP.MKTP.CD,29868657858,34380536496,44431257129,54480684188,52023801230,50689051382,57681293007,54297052002,55819262375,57080897012,50765918159,53929397039,59167647388,66251582036,68634004792,70550652467,84414122840,90509236929,1.02397E+11,1.12212E+11
Burkina Faso,BFA,Africa,Western Africa,"Total reserves (includes gold, current US$)",FI.RES.TOTL.CD,..,..,..,..,..,..,..,..,..,..,..,..,..,..,..,..,..,..,..,..
Burkina Faso,BFA,Africa,Western Africa,Total reserves minus gold (current US$),FI.RES.XGLD.CD,..,..,..,..,..,..,..,..,..,..,..,..,..,..,..,..,..,..,..,..
Burkina Faso,BFA,Africa,Western Africa,GDP growth (annual %),NY.GDP.MKTP.KD.ZG,8.661873228,6.253164688,4.111379018,5.799991741,2.961950859,8.446281577,6.622562613,6.45267238,5.792584845,4.326845615,3.921228794,5.957976708,6.203489411,6.604569068,5.889204971,2.010772624,6.942524926,1.497239741,2.960181474,4.985103006
Burkina Faso,BFA,Africa,Western Africa,GDP per capita (constant 2015 US$),NY.GDP.PCAP.KD,499.1927976,514.1131318,519.2610122,533.4712999,533.4700848,561.8472213,581.6036587,600.7313437,616.7413312,624.5768852,630.1247508,648.4204802,669.2763103,694.4928131,717.0215951,713.8421779,745.4725634,739.3630212,744.1657606,763.9117803
Burkina Faso,BFA,Africa,Western Africa,GDP (constant 2015 US$),NY.GDP.MKTP.KD,6954815456,7389711521,7693530570,8139754707,8380850242,9088720452,9690626654,10315931044,10913490102,11385699970,11832159316,12537116612,13314855313,14194244129,15030172259,15332394849,16396850183,16642350340,17134994111,17989191218
Burkina Faso,BFA,Africa,Western Africa,Current account balance (% of GDP),BN.CAB.XOKA.GD.ZS,-10.32432304,-8.307635901,-7.353213387,-10.23158124,-4.037460657,-1.79655604,-1.327722672,-1.29204166,-10.00828575,-7.164549468,-7.567512009,-6.079638685,-6.353494975,-4.183724914,-3.267281979,4.193125124,0.39220886,-7.459886273,-5.004717809,..
Burkina Faso,BFA,Africa,Western Africa,Access to electricity (% of population),EG.ELC.ACCS.ZS,11.1,11.6,12,12.5,12.6,13.1,14.8,15.1,15.4,19.2,16.2,16.6,17,14.4,17.6,18.5,19,19.5,21.7,..
Burkina Faso,BFA,Africa,Western Africa,External balance on goods and services (% of GDP),NE.RSB.GNFS.ZS,-14.48847481,-13.19281535,-13.08263286,-15.08666288,-12.71804195,-8.041540829,-5.106252065,-8.042437146,-9.881880396,-4.959554185,-6.873890239,-6.061243191,-6.364008932,-4.43781334,-1.893301561,2.813952741,3.173788372,-1.354188148,-7.097730097,-6.453691772
Burkina Faso,BFA,Africa,Western Africa,GDP per capita (current US$),NY.GDP.PCAP.CD,441.164148,455.5136556,514.6844512,619.4375333,601.5695207,624.9572522,725.0247677,731.4701389,759.7620652,764.8616751,630.1247508,663.7423648,709.0915359,777.4656185,764.8530778,825.2370388,895.5352884,836.1183046,882.6898101,987.3213781
Burkina Faso,BFA,Africa,Western Africa,GDP per capita growth (annual %),NY.GDP.PCAP.KD.ZG,5.295740309,2.988892119,1.001312767,2.736636763,-0.000227774,5.319349159,3.516336236,3.288783465,2.665082759,1.270476556,0.888259828,2.903509091,3.216405217,3.767726783,3.243918662,-0.443420002,4.431005409,-0.819552931,0.64957799,2.653443724
Burkina Faso,BFA,Africa,Western Africa,GDP (current US$),NY.GDP.MKTP.CD,6146353173,6547419820,7625722837,9451435490,9450696873,10109619741,12080295978,12561015157,13444300486,13943016077,11832159316,12833363045,14106955615,15890066221,16032813503,17725010533,19697516284,18820218691,20324617845,23250214910
Burundi,BDI,Africa,Eastern Africa,"Total reserves (includes gold, current US$)",FI.RES.TOTL.CD,100575245.8,131138494.8,177130962.9,266537169.9,323088641.1,332085022.5,295447213.9,308757013.6,329308184.1,317139256.5,136134382.2,95158477.53,97402580.43,68126200.77,111373704.1,90319165.54,266164087.5,158530300.6,90349885.18,..
Burundi,BDI,Africa,Eastern Africa,Total reserves minus gold (current US$),FI.RES.XGLD.CD,100082252.8,130527587.1,176329729.1,265701340.2,322043553.6,330734337,293975922.9,307157909.6,328150659.6,315980290.5,135115722.2,94051538.13,96149938.43,66887906.43,109902224.1,88492037.67,264405557.8,156779258.7,88357252.05,..
Burundi,BDI,Africa,Eastern Africa,GDP growth (annual %),NY.GDP.MKTP.KD.ZG,0.900000001,5.413807145,3.451948564,4.861716367,3.812745366,5.124159994,4.032599988,4.446706331,4.924189898,4.240650214,-3.90000008,-0.600000909,0.500001262,1.609935421,1.812565324,0.327156893,3.099999999,1.848999439,2.665539604,3.489231748
Burundi,BDI,Africa,Eastern Africa,GDP per capita (constant 2015 US$),NY.GDP.PCAP.KD,287.030689,291.8663995,290.9791162,292.793765,288.9419178,289.8569506,290.9480321,293.2326205,296.8169006,299.0774794,280.9668313,274.5133634,269.4768896,265.6723943,261.7501802,255.0782184,255.9179507,253.6916416,253.4456512,255.5983958
Burundi,BDI,Africa,Eastern Africa,GDP (constant 2015 US$),NY.GDP.MKTP.KD,2177787659,2295688883,2374934883,2490397481,2585349995,2717827465,2827426576,2953153932,3098572840,3229972475,3104003546,3085379497,3100806433,3150727414,3207836407,3218331065,3318099328,3379450966,3469531570,3590591567
Burundi,BDI,Africa,Eastern Africa,Current account balance (% of GDP),BN.CAB.XOKA.GD.ZS,-0.51007909,-10.48704481,-8.207276151,-16.09073437,-9.047692711,-14.8111211,-12.68363141,-11.19241513,-10.54122116,-15.84667216,-11.53048072,-12.37895273,-13.71552216,-14.59122937,-15.24319726,-13.00865167,-14.18977281,-18.6289555,-23.79247564,..
Burundi,BDI,Africa,Eastern Africa,Access to electricity (% of population),EG.ELC.ACCS.ZS,3.2,2.7,4.7,4.8,5.4,5.3,6.2,6.5,6.9,7,7.9,8.5,9.3,9.5,9.8,9.1,10.2,10.3,11.6,..
Burundi,BDI,Africa,Eastern Africa,External balance on goods and services (% of GDP),NE.RSB.GNFS.ZS,-22.69999851,-27.8,-25.1999985,-26.19999906,-22.60000301,-20.10000212,-25.40000227,-24.31318255,-28.41356695,-25.60298342,-10.00373629,-10.27468088,-10.18714444,-15.22839384,-18.68213,-17.67469,-18.81808,-18.37312334,-19.15907692,..
Burundi,BDI,Africa,Eastern Africa,GDP per capita (current US$),NY.GDP.PCAP.CD,147.2346193,161.8927556,166.1627449,189.5020746,199.097633,216.7277053,230.0705774,231.6884964,234.8430454,250.5404811,280.9668313,235.2862054,236.6944726,224.8993924,210.2364945,210.0081399,214.0914554,250.6342254,192.0743054,153.9302179
Burundi,BDI,Africa,Eastern Africa,GDP per capita growth (annual %),NY.GDP.PCAP.KD.ZG,-2.778948028,1.684736425,-0.304003263,0.623635409,-1.31554958,0.316683988,0.376420688,0.785222154,1.22233332,0.761607166,-6.055503773,-2.296878917,-1.834691663,-1.411807623,-1.476334832,-2.548980787,0.329205803,-0.869930825,-0.096964332,0.84939104
Burundi,BDI,Africa,Eastern Africa,GDP (current US$),NY.GDP.MKTP.CD,1117113080,1273375078,1356199387,1611835857,1781455140,2032135192,2235820809,2333341334,2451606632,2705783330,3104003546,2644487777,2723586963,2667182200,2576518880,2649680261,2775798697,3338722828,2629391600,2162378759
Cabo Verde,CPV,Africa,Western Africa,"Total reserves (includes gold, current US$)",FI.RES.TOTL.CD,174391987.4,254525770.7,364462266.1,361467111.5,397876708.9,382190200.5,338617823.4,375841714.7,475334069.5,510930777.5,494495560.7,572736752.5,617362329.8,606003781.3,737990665.4,735084797.4,769650450.7,729566303.8,837880565.1,783105557.8
Cabo Verde,CPV,Africa,Western Africa,Total reserves minus gold (current US$),FI.RES.XGLD.CD,174391987.4,254525770.7,364462266.1,361467111.5,397876708.9,382190200.5,338617823.4,375841714.7,475334069.5,510930777.5,494495560.7,572736752.5,617362329.8,606003781.3,737990665.4,674569597.4,711407250.7,671571103.8,771883765.1,783105557.8
Cabo Verde,CPV,Africa,Western Africa,GDP growth (annual %),NY.GDP.MKTP.KD.ZG,6.912457957,7.983750448,15.17068797,7.039011296,-1.503586724,1.83641915,3.924718213,1.083648484,0.632136727,0.69666684,0.936026508,4.280714827,4.55131481,3.706964583,6.947826341,-20.8052759,7.033530107,15.84367568,5.391144274,7.271881472
Cabo Verde,CPV,Africa,Western Africa,GDP per capita (constant 2015 US$),NY.GDP.PCAP.KD,2514.167793,2683.839439,3056.971029,3238.441593,3159.586987,3194.616677,3309.201216,3341.742105,3361.093877,3383.842281,3415.062667,3560.140073,3719.71306,3853.6794,4115.902835,3255.93629,3471.655342,3997.767633,4192.401264,4475.452997
Cabo Verde,CPV,Africa,Western Africa,GDP (constant 2015 US$),NY.GDP.MKTP.KD,1219660509,1317035160,1516838455,1623608885,1599196517,1628564468,1692481035,1710821580,1721636311,1733630380,1749857620,1824764035,1907814791,1978536809,2116002111,1675762034,1793627261,2077803747,2189821145,2349062343
Cabo Verde,CPV,Africa,Western Africa,Current account balance (% of GDP),BN.CAB.XOKA.GD.ZS,-4.182059525,-7.469489395,-12.01262655,-10.4743154,-13.22259257,-12.20819614,-14.87859452,-12.73124502,-5.291457109,-8.274552865,-2.891278519,-3.467160003,-6.993116488,-4.401704361,-0.968698567,-15.6834305,-12.21497768,-3.483366782,-2.73168384,3.851451468
Cabo Verde,CPV,Africa,Western Africa,Access to electricity (% of population),EG.ELC.ACCS.ZS,67,68.8,70.5,72.3,74.1,81.1,82.3,83.2,84.3,85.3,86.4,87.5,88.6,90.2,91.4,93.7,95.5,97.1,98.6,..
Cabo Verde,CPV,Africa,Western Africa,External balance on goods and services (% of GDP),NE.RSB.GNFS.ZS,-28.78911894,-27.55228671,1.670806639,13.68749326,14.24101437,-24.98080453,-24.80792806,-15.7230101,-11.1361829,-16.80726745,-11.73808375,-12.43224242,-15.91452674,-14.13553712,-10.19259019,-27.80671305,-29.75546191,-19.62562842,-17.93312176,-11.38024089
Cabo Verde,CPV,Africa,Western Africa,GDP per capita (current US$),NY.GDP.PCAP.CD,2004.146804,2256.996662,3324.576752,3908.648858,3659.720464,3579.460061,4002.013869,3736.81517,3960.975968,3985.607065,3415.062667,3608.966052,3893.095714,4294.9651,4380.781173,3539.226612,3971.444092,4323.31362,4861.291841,5272.85253
Cabo Verde,CPV,Africa,Western Africa,GDP per capita growth (annual %),NY.GDP.PCAP.KD.ZG,5.646341529,6.748620618,13.90290286,5.936286693,-2.434955323,1.108679411,3.58680088,0.983345736,0.57909231,0.676815489,0.92263125,4.248162326,4.482210931,3.601523496,6.804495317,-20.89375234,6.62540766,15.15450811,4.868557899,6.751542021
Cabo Verde,CPV,Africa,Western Africa,GDP (current US$),NY.GDP.MKTP.CD,972241676.9,1107571458,1649621739,1959620648,1852334575,1824751468,2046817987,1913081210,2028910915,2041930125,1749857620,1849789986,1996741540,2205099507,2252177124,1821565614,2051842619,2247003344,2539203429,2767599017
Cambodia,KHM,Asia,South-Eastern Asia,"Total reserves (includes gold, current US$)",FI.RES.TOTL.CD,1158091689,1411426995,2140273311,2639301421,3285950772,3817077827,4061810700,4759658458,4997891277,6108231224,7375682885,9113957299,12201741896,14630894026,18771430900,21328475093,20269721098,17801364792,19983916475,22505568573
Cambodia,KHM,Asia,South-Eastern Asia,Total reserves minus gold (current US$),FI.RES.XGLD.CD,952977872.7,1157253793,1806913381,2291547539,2851133472,3255113951,3449716900,4094338010,4516293633,5626033832,6882963943,8393381930,11261998845,13373243400,17033071126,18563829561,17317625963,14738493292,17158428475,18607696938
Cambodia,KHM,Asia,South-Eastern Asia,GDP growth (annual %),NY.GDP.MKTP.KD.ZG,13.30333384,10.94336007,10.3984581,7.476366066,4.074778506,5.076918432,7.286658139,7.650256579,7.857499755,8.000320746,7.207034725,7.905501161,8.075039155,8.776223762,7.936950136,-3.555721934,3.089842842,5.129901108,5.007330438,6.015814574
Cambodia,KHM,Asia,South-Eastern Asia,GDP per capita (constant 2015 US$),NY.GDP.PCAP.KD,866.3402901,947.0652201,1030.231176,1090.574758,1117.258342,1155.852369,1221.388399,1295.252715,1376.295576,1464.531159,1547.320104,1645.466716,1753.935305,1884.283748,2008.32094,1908.634275,1938.764367,2011.274333,2085.057485,2183.556824
Cambodia,KHM,Asia,South-Eastern Asia,GDP (constant 2015 US$),NY.GDP.MKTP.KD,11642922160,12917049054,14260222988,15326369460,15950885069,16760698493,17981993294,19357661919,20878690157,22549052337,24174170369,26085259688,28191654622,30665817314,33099747943,31922812945,32909177696,34597385967,36329791405,38515324291
Cambodia,KHM,Asia,South-Eastern Asia,Current account balance (% of GDP),BN.CAB.XOKA.GD.ZS,-4.344474812,-2.800642939,-4.179832066,-6.735296223,-5.929943031,-7.104069188,-6.398661727,-6.802614563,-6.541607549,-6.55176399,-6.612213487,-6.527739234,-6.156642051,-8.735823045,-7.999919234,-1.000061508,-29.60824887,-18.95759205,1.30468362,0.492098923
Cambodia,KHM,Asia,South-Eastern Asia,Access to electricity (% of population),EG.ELC.ACCS.ZS,20.5,27.5,20.2,26.4,25.6,31.1,37.4,42.3,50.9,56.1,62.7,68.8,89.1,80.7,84,86.4,82.5,92.3,95,..
Cambodia,KHM,Asia,South-Eastern Asia,External balance on goods and services (% of GDP),NE.RSB.GNFS.ZS,-11.47213256,-11.00407566,-11.42684984,-6.83593931,-9.865958998,-9.5453149,-9.948150638,-10.17022825,-11.64642122,-11.19581247,-10.14715619,-9.840880159,-8.555343955,-7.4948607,-4.842943127,-2.261800465,-1.457777223,-1.459511405,-0.421510285,-0.719841372
Cambodia,KHM,Asia,South-Eastern Asia,GDP per capita (current US$),NY.GDP.PCAP.CD,525.7973251,612.2526486,731.6922951,866.2839998,875.7489362,952.2746163,1088.981528,1192.80263,1305.660097,1431.563965,1547.320104,1675.195557,1826.353917,2036.673776,2225.877055,2081.739142,2167.403242,2325.0305,2429.748535,2627.879697
Cambodia,KHM,Asia,South-Eastern Asia,GDP per capita growth (annual %),NY.GDP.PCAP.KD.ZG,11.66378614,9.317924013,8.781439166,5.857285554,2.446745048,3.454351171,5.669930844,6.047569827,6.256914983,6.411092519,5.652931676,6.343006276,6.591964956,7.431770302,6.582723649,-4.963681994,1.578620516,3.7400092,3.668477754,4.724058695
Cambodia,KHM,Asia,South-Eastern Asia,GDP (current US$),NY.GDP.MKTP.CD,7066296463,8350531017,10127916460,12174303999,12502901170,13808673288,16032622024,17826536700,19807135253,22041463968,24174170369,26556545153,29355665910,33145892169,36685356408,34818073901,36790163687,39994532960,42335646896,46352647035
Cameroon,CMR,Africa,Middle Africa,"Total reserves (includes gold, current US$)",FI.RES.TOTL.CD,964745492.9,1735263262,2931745510,3112861315,3675521656,3642642766,3198717753,3380703262,3471999831,3168216856,3536255066,2225708778,3196791411,3459329761,3720172167,3961753887,4299788713,5133480338,4882047277,..
Cameroon,CMR,Africa,Middle Africa,Total reserves minus gold (current US$),FI.RES.XGLD.CD,949379090.9,1716221504,2906771362,3086808824,3675521656,3642642766,3198717753,3380703262,3471999831,3168216856,3536255066,2225708778,3196791411,3459329761,3720172167,3961753887,4299788713,5133480338,4882047277,..
Cameroon,CMR,Africa,Middle Africa,GDP growth (annual %),NY.GDP.MKTP.KD.ZG,2.228270209,3.809583276,4.32758901,2.847677889,2.579251777,2.899024721,3.379211285,4.625978722,4.995529161,5.719818145,5.666952987,4.535794237,3.541176549,3.955514239,3.475059982,0.259932916,3.338857472,3.736784006,3.248344978,3.670742847
Cameroon,CMR,Africa,Middle Africa,GDP per capita (constant 2015 US$),NY.GDP.PCAP.KD,1264.743452,1277.329907,1295.730675,1295.022113,1290.899614,1290.901375,1297.306496,1319.669616,1347.213064,1381.819385,1415.000097,1435.618307,1444.906829,1461.0197,1470.317853,1434.519137,1443.576002,1458.661804,1466.768858,1481.395951
Cameroon,CMR,Africa,Middle Africa,GDP (constant 2015 US$),NY.GDP.MKTP.KD,21594980960,22417659743,23387803923,24053813244,24674221649,25389533435,26247499414,27461703152,28833560541,30482787768,32210233020,33671222913,34863580363,36242614249,37502066833,37599547049,38854942335,40306867605,41616173715,43143796435
Cameroon,CMR,Africa,Middle Africa,Current account balance (% of GDP),BN.CAB.XOKA.GD.ZS,-2.540058217,0.925460105,1.19555212,-1.629291654,-4.020971113,-3.116023035,-2.445885113,-3.170060372,-3.344599905,-3.853003199,-3.6438459,-3.068060297,-2.631028453,-3.527255178,-4.273169973,-3.709312677,-3.986708976,-3.393974884,-4.09678324,..
Cameroon,CMR,Africa,Middle Africa,Access to electricity (% of population),EG.ELC.ACCS.ZS,47.2,49,48.2,50.6,51.7,52.8,53.7,55.2,56.3,56.8,58.6,59.8,60.9,62.2,63.2,64.3,65.4,71,72,..
Cameroon,CMR,Africa,Middle Africa,External balance on goods and services (% of GDP),NE.RSB.GNFS.ZS,-0.506768552,1.253753937,0.741592749,-2.907686217,-3.01127679,-2.500804801,-3.062614358,-2.28256504,-2.39631901,-3.612438241,-3.561847569,-2.738674015,-2.496824439,-3.115095939,-3.678331753,-3.267357399,-3.713066645,-2.642975924,-3.989441779,-6.411795661
Cameroon,CMR,Africa,Middle Africa,GDP per capita (current US$),NY.GDP.PCAP.CD,1142.624663,1191.45459,1325.672482,1492.142698,1461.389992,1398.58702,1513.96057,1449.098744,1575.928821,1649.443391,1415.000097,1441.720173,1496.089518,1610.696416,1555.226605,1555.603707,1672.326573,1604.87727,1736.860911,1762.368351
Cameroon,CMR,Africa,Middle Africa,GDP per capita growth (annual %),NY.GDP.PCAP.KD.ZG,-0.550411135,0.995178502,1.440565001,-0.054684354,-0.318334275,0.000136421,0.496174365,1.723811615,2.087147191,2.568734064,2.401233687,1.457117227,0.647004976,1.115149469,0.636415291,-2.434760311,0.631351992,1.045029975,0.555787082,0.997232288
Cameroon,CMR,Africa,Middle Africa,GDP (current US$),NY.GDP.MKTP.CD,19509852207,20910512975,23928250433,27715142033,27932970317,27507501821,30630910495,30155062329,33728621180,36386544706,32210233020,33814337044,36098547033,39955552190,39667757528,40773241177,45011937347,44347206073,49279410983,51326764685
Canada,CAN,Americas,Northern America,"Total reserves (includes gold, current US$)",FI.RES.TOTL.CD,33018041276,35063091947,41082108779,43872316564,54356329767,57151157771,65818985667,68546343362,71937085416,74699962253,79753521150,82718110858,86677706697,83925602808,85297110784,90428136419,1.06615E+11,1.06952E+11,1.17551E+11,1.19778E+11
Canada,CAN,Americas,Northern America,Total reserves minus gold (current US$),FI.RES.XGLD.CD,32962124276,34993800647,40991230029,43777513814,54237792267,56997958271,65652106667,68364967362,71821453416,74584186253,79695445870,82718110858,86677706697,83925602808,85297110784,90428136419,1.06615E+11,1.06952E+11,1.17551E+11,1.19778E+11
Canada,CAN,Americas,Northern America,GDP growth (annual %),NY.GDP.MKTP.KD.ZG,3.210454391,2.63794375,2.049904637,0.995406301,-2.915086216,3.090806345,3.137194422,1.755661291,2.325813548,2.873466778,0.649971002,1.038550925,3.033834912,2.742963449,1.908431946,-5.038233435,5.950528028,4.189036281,1.528745508,1.528081109
Canada,CAN,Americas,Northern America,GDP per capita (constant 2015 US$),NY.GDP.PCAP.KD,41006.22295,41663.51231,42106.87244,42067.56871,40376.41538,41164.33991,42043.64198,42320.64313,42851.17053,43643.23564,43594.1941,43551.3426,44339.38867,44907.34369,45100.29151,42366.12854,44639.19327,45677.68658,45048.28424,44401.71539
Canada,CAN,Americas,Northern America,GDP (constant 2015 US$),NY.GDP.MKTP.KD,1.32215E+12,1.35703E+12,1.38485E+12,1.39863E+12,1.35786E+12,1.39983E+12,1.44375E+12,1.46909E+12,1.50326E+12,1.54646E+12,1.55651E+12,1.57267E+12,1.62039E+12,1.66483E+12,1.69661E+12,1.61113E+12,1.707E+12,1.7785E+12,1.80569E+12,1.83328E+12
Canada,CAN,Americas,Northern America,Current account balance (% of GDP),BN.CAB.XOKA.GD.ZS,1.869656187,1.363656246,0.752359497,0.204634001,-2.966282423,-3.596185671,-2.774006026,-3.532247677,-3.146875451,-2.318921377,-3.513987167,-3.093111447,-2.803427477,-2.385071611,-1.951702748,-2.010493527,-0.021963228,-0.288416485,-0.633319899,-0.461744367
Canada,CAN,Americas,Northern America,Access to electricity (% of population),EG.ELC.ACCS.ZS,100,100,100,100,100,100,100,100,100,100,100,100,100,100,100,100,100,100,100,..
Canada,CAN,Americas,Northern America,External balance on goods and services (% of GDP),NE.RSB.GNFS.ZS,3.95428163,2.752753957,2.17569058,1.766402742,-1.442723189,-1.873357638,-1.141954936,-1.889497894,-1.567197565,-0.90551041,-2.46498014,-2.358539703,-2.192240549,-1.949078398,-1.46609364,-2.209476493,0.103319881,0.568759777,0.067420862,-0.256363303
Canada,CAN,Americas,Northern America,GDP per capita (current US$),NY.GDP.PCAP.CD,36383.66001,40504.0371,44660.08389,46710.25269,40874.88319,47560.6666,52223.85884,52670.34473,52638.11872,50960.84312,43594.1941,42314.06158,45129.62812,46539.17616,46352.86934,43537.8393,52886.66164,56256.80073,54220.3285,54282.61761
Canada,CAN,Americas,Northern America,GDP per capita growth (annual %),NY.GDP.PCAP.KD.ZG,2.237576616,1.602901477,1.064144878,-0.093342792,-4.020088097,1.951447447,2.136077171,0.658841957,1.253590103,1.848409523,-0.112369165,-0.098296362,1.809464472,1.280926597,0.429657601,-6.062406423,5.365287813,2.326415945,-1.377920786,-1.435279636
Canada,CAN,Americas,Northern America,GDP (current US$),NY.GDP.MKTP.CD,1.17311E+12,1.31926E+12,1.46882E+12,1.55299E+12,1.37463E+12,1.61734E+12,1.79333E+12,1.82837E+12,1.8466E+12,1.80575E+12,1.55651E+12,1.52799E+12,1.64927E+12,1.72533E+12,1.74373E+12,1.65568E+12,2.02238E+12,2.19041E+12,2.17334E+12,2.24125E+12
Cayman Islands,CYM,Americas,Caribbean,"Total reserves (includes gold, current US$)",FI.RES.TOTL.CD,..,..,..,..,..,..,..,..,..,..,..,..,..,162073506,183500000,216800000,228300000,225400000,234000000,..
Cayman Islands,CYM,Americas,Caribbean,Total reserves minus gold (current US$),FI.RES.XGLD.CD,..,..,..,..,..,..,..,..,..,..,..,..,..,162073506,183500000,216800000,228300000,225400000,234000000,..
Cayman Islands,CYM,Americas,Caribbean,GDP growth (annual %),NY.GDP.MKTP.KD.ZG,..,..,3.162625227,-0.357401201,-7.200482447,-2.715635262,1.169062198,1.229753657,1.27933102,2.654527985,2.833122226,3.239974339,3.184045923,4.267267452,3.915635342,-4.954806408,4.904929413,5.156329542,4.359675957,..
Cayman Islands,CYM,Americas,Caribbean,GDP per capita (constant 2015 US$),NY.GDP.PCAP.KD,..,96066.62908,96202.73794,93115.31684,84001.42157,79483.09728,78233.01876,77074.38909,76038.87955,76104.62157,76379.20951,77031.86439,77717.17521,79305.76967,80714.57182,75199.64504,77285.79668,79587.38879,81411.64578,..
Cayman Islands,CYM,Americas,Caribbean,GDP (constant 2015 US$),NY.GDP.MKTP.KD,..,4633485654,4780025440,4762941572,4419986800,4299956080,4350225241,4403722295,4460060480,4578454034,4708167233,4860710643,5015477902,5229501758,5434269977,5165012420,5418352633,5697740751,5946143785,..
Cayman Islands,CYM,Americas,Caribbean,Current account balance (% of GDP),BN.CAB.XOKA.GD.ZS,..,..,..,..,..,..,..,..,..,..,..,-14.39255745,-16.86905694,-16.77239876,-10.88613083,-16.34638327,-13.10563998,-11.35433225,-9.982371898,..
Cayman Islands,CYM,Americas,Caribbean,Access to electricity (% of population),EG.ELC.ACCS.ZS,100,100,100,100,100,100,100,100,100,100,100,100,100,100,100,100,100,100,100,..
Cayman Islands,CYM,Americas,Caribbean,External balance on goods and services (% of GDP),NE.RSB.GNFS.ZS,..,..,..,..,..,..,..,..,..,..,..,..,30.60705044,26.05857622,24.10351144,13.79440731,..,..,..,..
Cayman Islands,CYM,Americas,Caribbean,GDP per capita (current US$),NY.GDP.PCAP.CD,..,87085.09374,89888.26182,89655.11962,81373.57115,76837.66996,75280.96076,75101.59136,75113.73324,75845.30604,76379.20951,77802.25416,80053.94445,83865.55316,88254.29037,82338.79829,86438.44526,92202.1478,97749.5079,..
Cayman Islands,CYM,Americas,Caribbean,GDP per capita growth (annual %),NY.GDP.PCAP.KD.ZG,..,..,0.141681726,-3.209286103,-9.787750915,-5.378866453,-1.572760208,-1.480998287,-1.343519612,0.086458426,0.360803237,0.85449284,0.889645894,2.044071292,1.776418229,-6.832628429,2.774150907,2.978027288,2.292143288,..
Cayman Islands,CYM,Americas,Caribbean,GDP (current US$),NY.GDP.MKTP.CD,..,4200288241,4466278065,4585949024,4281714567,4156841107,4186073104,4291004524,4405796023,4562853611,4708167233,4909322237,5166281305,5530178441,5941896608,5655358021,6060026520,6600843963,7139428558,..
Central African Republic,CAF,Africa,Middle Africa,"Total reserves (includes gold, current US$)",FI.RES.TOTL.CD,144923649.4,132419817.1,91867874.12,131466501,210590013.3,181175454.9,154510967.2,157902473.5,193663724.5,259571697.5,213800567.3,239797985.5,362717270.5,361797180.3,350305401.8,432524260.9,483872115.8,374404781.3,479592712.6,..
Central African Republic,CAF,Africa,Middle Africa,Total reserves minus gold (current US$),FI.RES.XGLD.CD,139216011.4,125347018.9,82591571.62,121789662.5,210590013.3,181175454.9,154510967.2,157902473.5,193663724.5,259571697.5,213800567.3,239797985.5,362717270.5,361797180.3,350305401.8,432524260.9,483872115.8,374404781.3,479592712.6,..
Central African Republic,CAF,Africa,Middle Africa,GDP growth (annual %),NY.GDP.MKTP.KD.ZG,0.908210515,4.77108543,4.607534855,2.054130962,8.587260426,4.630818432,4.194615337,5.053761254,-36.3919771,0.081070515,4.33712103,4.750316841,4.527278213,3.789443593,3.1,0.899999997,0.982919996,0.453901882,0.69996839,1.539632475
Central African Republic,CAF,Africa,Middle Africa,GDP per capita (constant 2015 US$),NY.GDP.PCAP.KD,427.9680432,439.2943309,450.7627854,450.3136169,492.2153989,519.1414564,532.3829549,553.7295783,349.8211717,351.5615549,366.3228539,376.8582541,387.3579513,395.0200155,401.8258216,398.8342741,396.0206229,398.915398,397.4677957,390.0905663
Central African Republic,CAF,Africa,Middle Africa,GDP (constant 2015 US$),NY.GDP.MKTP.KD,1835473623,1923045638,2011650636,2052972574,2229266676,2332499968,2430339369,2553162919,1624016454,1625333053,1695825714,1776382809,1856804601,1927167164,1986909346,2004791530,2024497026,2033686257,2047921418,2079451881
Central African Republic,CAF,Africa,Middle Africa,Current account balance (% of GDP),BN.CAB.XOKA.GD.ZS,..,..,..,..,..,..,..,..,..,..,..,..,..,..,..,..,..,..,..,..
Central African Republic,CAF,Africa,Middle Africa,Access to electricity (% of population),EG.ELC.ACCS.ZS,7.4,7.8,8.4,7.5,9.4,9.8,10.4,11,11.5,12,12.7,13.4,14.1,14.6,14.3,15.4,15.7,15.7,17.6,..
Central African Republic,CAF,Africa,Middle Africa,External balance on goods and services (% of GDP),NE.RSB.GNFS.ZS,-8.345430214,-7.763859932,-9.350244178,-12.43019241,-11.81094669,-11.17887981,-8.219978136,-9.959182591,-8.453377988,-19.74351684,-19.00982653,-20.88688471,-22.62399819,-17.78014,-18.55504,-19.17606,-17.7042,-20.63257,-14.59891779,-16.90927557
Central African Republic,CAF,Africa,Middle Africa,GDP per capita (current US$),NY.GDP.PCAP.CD,311.9500231,333.9425199,380.8870488,437.2482747,456.4716739,476.873787,534.0572815,544.3958491,364.3669626,409.850486,366.3228539,387.1762034,432.3240257,455.2439629,449.2284676,462.8790713,492.2631428,467.359825,495.9788973,516.1704245
Central African Republic,CAF,Africa,Middle Africa,GDP per capita growth (annual %),NY.GDP.PCAP.KD.ZG,-1.350125405,2.646526517,2.610653881,-0.099646317,9.305022202,5.470380966,2.550653269,4.009636894,-36.8245466,0.497506544,4.198780788,2.875987689,2.786113103,1.978031976,1.722901598,-0.744488615,-0.705468756,0.730965732,-0.362884525,-1.856057153
Central African Republic,CAF,Africa,Middle Africa,GDP (current US$),NY.GDP.MKTP.CD,1337894379,1461859762,1699811295,1993407888,2067381665,2142591540,2437982705,2510126512,1691544110,1894813389,1695825714,1825018145,2072349973,2220979146,2221301351,2326720900,2516498412,2382618615,2555492086,2751544520
Chad,TCD,Africa,Middle Africa,"Total reserves (includes gold, current US$)",FI.RES.TOTL.CD,231282856.2,632157876.9,964338637,1355146208,616701392.1,632405291.3,951097160.6,1155659287,1183031944,1075906115,368916823.8,8184292.088,8575237.415,147750165.9,310032032.9,390675163.1,211590754.9,1013220924,1049788251,..
Chad,TCD,Africa,Middle Africa,Total reserves minus gold (current US$),FI.RES.XGLD.CD,225575218.2,625085078.7,955062334.5,1345469370,616701392.1,632405291.3,951097160.6,1155659287,1183031944,1075906115,368916823.8,8184292.088,8575237.415,147750165.9,310032032.9,390675163.1,211590754.9,1013220924,1049788251,..
Chad,TCD,Africa,Middle Africa,GDP growth (annual %),NY.GDP.MKTP.KD.ZG,17.33253374,-0.521522265,4.356212114,3.108362216,-1.338484366,13.79438893,4.5535904,9.052680251,2.807351887,2.062980971,3.310885674,-4.129928372,-1.627993671,5.741115808,5.388656469,-0.408894363,0.293979163,12.89661643,4.117451792,3.654451105
Chad,TCD,Africa,Middle Africa,GDP per capita (constant 2015 US$),NY.GDP.PCAP.KD,949.0860116,910.7734516,918.2655401,914.2506029,870.3537958,956.7241538,965.5932426,1016.658968,1008.549966,993.2564893,993.9907306,923.4943483,878.9137855,898.6690404,917.0853399,884.7308747,857.2902943,934.9677328,929.9413476,917.386448
Chad,TCD,Africa,Middle Africa,GDP (constant 2015 US$),NY.GDP.MKTP.KD,9802247644,9751126740,10175906505,10492210538,10351773940,11779737898,12316138912,13431079587,13808137253,14092996497,14559599500,13958298469,13731058253,14519374209,15301773407,15239205318,15284005406,17255124959,17965596410,18622140347
Chad,TCD,Africa,Middle Africa,Current account balance (% of GDP),BN.CAB.XOKA.GD.ZS,..,..,..,..,..,..,..,..,..,..,..,..,..,..,..,..,..,..,..,..
Chad,TCD,Africa,Middle Africa,Access to electricity (% of population),EG.ELC.ACCS.ZS,4.8,5.1,5.5,5.9,6.3,6.4,9,7.8,8.1,8.4,7.7,9.2,10.9,10.1,8.4,10.9,11.3,11.7,12,..
Chad,TCD,Africa,Middle Africa,External balance on goods and services (% of GDP),NE.RSB.GNFS.ZS,11.60720436,12.47006782,11.83159281,11.07499918,0.89455209,5.145537699,7.781577628,12.41081235,8.772191937,5.466444937,7.30546192,1.257957774,3.081170155,4.951130745,3.259189217,1.930875805,8.620194491,15.4823098,12.70941891,10.87225034
Chad,TCD,Africa,Middle Africa,GDP per capita (current US$),NY.GDP.PCAP.CD,838.0921077,906.8972606,980.4835315,1166.368835,1035.637197,1141.800693,1308.142187,1354.343447,1304.88743,1278.789814,993.9907306,861.8317676,854.4612004,948.6566299,893.3364416,866.9478149,946.3585002,966.0364683,989.058529,1016.088807
Chad,TCD,Africa,Middle Africa,GDP per capita growth (annual %),NY.GDP.PCAP.KD.ZG,12.69680388,-4.036784825,0.822607256,-0.437230511,-4.801397673,9.923591816,0.927026742,5.288533799,-0.797612798,-1.516382608,0.073922634,-7.092257518,-4.827377973,2.247689721,2.049286083,-3.527966683,-3.101573735,9.060809281,-0.537599858,-1.350074347
Chad,TCD,Africa,Middle Africa,GDP (current US$),NY.GDP.MKTP.CD,8655892393,9709626596,10865385132,13385593990,12317614054,14058506664,16685349674,17892228570,17865316886,18144336904,14559599500,13026289836,13349041409,15327000249,14905517743,14932897821,16871937698,17828508290,19107685021,20625711665
Channel Islands,CHI,#N/A,#N/A,"Total reserves (includes gold, current US$)",FI.RES.TOTL.CD,..,..,..,..,..,..,..,..,..,..,..,..,..,..,..,..,..,..,..,..
Channel Islands,CHI,#N/A,#N/A,Total reserves minus gold (current US$),FI.RES.XGLD.CD,..,..,..,..,..,..,..,..,..,..,..,..,..,..,..,..,..,..,..,..
Channel Islands,CHI,#N/A,#N/A,GDP growth (annual %),NY.GDP.MKTP.KD.ZG,..,..,..,..,..,-3.606632316,1.125043109,-5.753661221,0.493931121,2.427101785,0.374367084,1.213024077,1.806481314,1.122243566,1.573355962,-8.896779266,9.93680137,5.341961404,3.715005904,..
Channel Islands,CHI,#N/A,#N/A,GDP per capita (constant 2015 US$),NY.GDP.PCAP.KD,..,..,..,..,67622.46959,64727.43331,65010.95664,60866.08519,60784.84798,61897.06377,61852.07356,62438.47859,63397.75247,63864.37329,64598.96257,58640.73517,64272.11171,67513.58009,69822.95314,..
Channel Islands,CHI,#N/A,#N/A,GDP (constant 2015 US$),NY.GDP.MKTP.KD,..,..,..,..,10651282807,10267130200,10382639840,9785257918,9833590352,10072261599,10109968831,10232605187,10417455288,10534364510,10700107562,9748142611,10716796179,11289283295,11708680836,..
Channel Islands,CHI,#N/A,#N/A,Current account balance (% of GDP),BN.CAB.XOKA.GD.ZS,..,..,..,..,..,..,..,..,..,..,..,..,..,..,..,..,..,..,..,..
Channel Islands,CHI,#N/A,#N/A,Access to electricity (% of population),EG.ELC.ACCS.ZS,100,100,100,100,100,100,100,100,100,100,100,100,100,100,100,100,100,100,100,..
Channel Islands,CHI,#N/A,#N/A,External balance on goods and services (% of GDP),NE.RSB.GNFS.ZS,..,..,..,..,..,..,..,..,..,..,..,..,..,..,..,..,..,..,..,..
Channel Islands,CHI,#N/A,#N/A,GDP per capita (current US$),NY.GDP.PCAP.CD,57647.11889,62745.10066,74139.97799,..,57778.54071,56121.63873,60419.23216,58813.93648,59304.85085,64700.74239,61852.07356,55950.14829,55806.57089,60783.35293,60568.10835,56785.9402,66912.17532,67627.30845,74589.13812,..
Channel Islands,CHI,#N/A,#N/A,GDP per capita growth (annual %),NY.GDP.PCAP.KD.ZG,..,..,..,..,..,-4.281175019,0.438026517,-6.375650594,-0.13346876,1.829758277,-0.072685538,0.9480766,1.536350496,0.736021076,1.150233294,-9.223410358,9.603182035,5.043351293,3.420605233,..
Channel Islands,CHI,#N/A,#N/A,GDP (current US$),NY.GDP.MKTP.CD,8827272727,9676172953,11514605842,..,9100755725,8902070457,9649313892,9455340126,9594160857,10528493006,10109968831,9169278153,9170079923,10026153282,10032440899,9439810769,11157003026,11308300382,12507927160,..
Chile,CHL,Americas,South America,"Total reserves (includes gold, current US$)",FI.RES.TOTL.CD,16933297690,19396987007,16843397511,23079229514,25292079031,27827450636,41943889985,41649256238,41093252539,40447379052,38641176606,40493293730,38981539754,39858824175,40655524238,39166118109,51252167800,39102338845,46377347797,44403009394
Chile,CHL,Americas,South America,Total reserves minus gold (current US$),FI.RES.XGLD.CD,16929244990,19391964977,16836810886,23072358489,25283487781,27816347186,41931795085,41636110638,41083736989,40437851652,38632802606,40484241120,38971297404,39848699140,40643492538,39151178419,51237789010,39088021280,46361054837,44382397504
Chile,CHL,Americas,South America,GDP growth (annual %),NY.GDP.MKTP.KD.ZG,5.837045719,6.049990826,5.168230985,3.789392806,-1.118037236,5.851651022,6.223896785,6.155340019,3.308508247,1.792649471,2.1519425,1.753038749,1.357695373,3.990029478,0.634367534,-6.143474792,11.31492049,2.153993562,0.521367977,2.644311549
Chile,CHL,Americas,South America,GDP per capita (constant 2015 US$),NY.GDP.PCAP.KD,10104.42084,10611.6144,11051.34507,11356.09221,11116.40934,11649.28971,12252.84411,12882.83442,13182.73296,13285.95404,13433.9203,13505.09771,13473.34585,13763.00688,13630.59354,12679.024,14051.47136,14283.14895,14280.34756,14579.40011
Chile,CHL,Americas,South America,GDP (constant 2015 US$),NY.GDP.MKTP.KD,1.65195E+11,1.75189E+11,1.84243E+11,1.91225E+11,1.89087E+11,2.00152E+11,2.12609E+11,2.25696E+11,2.33163E+11,2.37343E+11,2.4245E+11,2.46701E+11,2.5005E+11,2.60027E+11,2.61677E+11,2.45601E+11,2.7339E+11,2.79279E+11,2.80735E+11,2.88159E+11
Chile,CHL,Americas,South America,Current account balance (% of GDP),BN.CAB.XOKA.GD.ZS,1.9110906,5.49643732,5.055578748,-4.188269825,1.439748833,0.896881681,-4.917139017,-5.32849119,-4.776065417,-3.460299919,-2.735068216,-2.620658524,-2.757799809,-4.483675548,-5.212449788,-1.949411234,-7.282082962,-8.849315145,-3.12862449,-1.469330812
Chile,CHL,Americas,South America,Access to electricity (% of population),EG.ELC.ACCS.ZS,97.7,99.4,98,98.2,99.6,99.5,99.6,100,99.6,100,99.7,100,99.7,100,100,100,100,100,100,..
Chile,CHL,Americas,South America,External balance on goods and services (% of GDP),NE.RSB.GNFS.ZS,8.288609784,14.01971336,13.28267908,1.648495341,7.545238628,6.0903085,2.897917741,-0.464961883,-0.968360774,0.373177811,-0.966951497,-0.211544868,0.636594701,-1.118961154,-1.862419054,4.477916923,-0.891815788,-3.988361198,0.89740046,3.586785101
Chile,CHL,Americas,South America,GDP per capita (current US$),NY.GDP.PCAP.CD,7480.32331,9318.656553,10346.41382,10683.21888,10098.80172,12632.87047,14487.39278,15241.907,15683.54864,14529.67672,13433.9203,13649.85205,14879.90862,15659.48087,14495.71672,13114.81547,16206.83255,15405.61658,17067.03648,16709.8894
Chile,CHL,Americas,South America,GDP per capita growth (annual %),NY.GDP.PCAP.KD.ZG,4.791828391,5.019521358,4.143862129,2.757556993,-2.110610427,4.79363748,5.181040333,5.141584313,2.327892561,0.783002086,1.113704459,0.529833517,-0.235110167,2.149881955,-0.962096016,-6.98113062,10.82455052,1.648778132,-0.019613226,2.094154515
Chile,CHL,Americas,South America,GDP (current US$),NY.GDP.MKTP.CD,1.22294E+11,1.53844E+11,1.72491E+11,1.79895E+11,1.71778E+11,2.17051E+11,2.51383E+11,2.67025E+11,2.77395E+11,2.59561E+11,2.4245E+11,2.49345E+11,2.76154E+11,2.95858E+11,2.78285E+11,2.54042E+11,3.15326E+11,3.01227E+11,3.35518E+11,3.30267E+11
China,CHN,Asia,Eastern Asia,"Total reserves (includes gold, current US$)",FI.RES.TOTL.CD,8.3141E+11,1.08076E+12,1.54636E+12,1.96604E+12,2.4529E+12,2.91371E+12,3.25467E+12,3.38751E+12,3.88037E+12,3.90004E+12,3.40525E+12,3.09766E+12,3.23568E+12,3.16822E+12,3.22289E+12,3.35724E+12,3.42793E+12,3.30684E+12,3.44954E+12,3.45602E+12
China,CHN,Asia,Eastern Asia,Total reserves minus gold (current US$),FI.RES.XGLD.CD,8.21514E+11,1.06849E+12,1.53028E+12,1.94926E+12,2.41604E+12,2.86608E+12,3.20279E+12,3.33112E+12,3.83955E+12,3.85917E+12,3.34519E+12,3.02978E+12,3.15888E+12,3.09188E+12,3.12749E+12,3.23878E+12,3.31392E+12,3.18969E+12,3.30132E+12,3.2648E+12
China,CHN,Asia,Eastern Asia,GDP growth (annual %),NY.GDP.MKTP.KD.ZG,11.45823846,12.67467517,14.14998549,9.670245886,9.402699728,10.59627198,9.461335887,7.856174271,7.778724094,7.461900282,6.978780027,6.775555628,6.891266362,6.756718002,6.068502351,2.340188431,8.570085132,3.134188872,5.414843301,4.977356592
China,CHN,Asia,Eastern Asia,GDP per capita (constant 2015 US$),NY.GDP.PCAP.KD,3465.817344,3883.354129,4409.757008,4811.474718,5237.766665,5764.86535,6275.909564,6723.194438,7198.068765,7686.57793,8175.332851,8679.377045,9221.514038,9798.652852,10356.48042,10573.64201,11469.57071,11830.59837,12484.15788,13121.67699
China,CHN,Asia,Eastern Asia,GDP (constant 2015 US$),NY.GDP.MKTP.KD,4.51846E+12,5.09115E+12,5.81155E+12,6.37354E+12,6.97283E+12,7.71169E+12,8.44132E+12,9.10448E+12,9.8127E+12,1.05449E+13,1.12808E+13,1.20452E+13,1.28752E+13,1.37452E+13,1.45793E+13,1.49205E+13,1.61992E+13,1.67069E+13,1.76115E+13,1.84881E+13
China,CHN,Asia,Eastern Asia,Current account balance (% of GDP),BN.CAB.XOKA.GD.ZS,5.71199843,8.305325735,9.799589535,9.010869963,4.687406381,3.840256734,1.773997246,2.483284224,1.521113209,2.211305864,2.597527949,1.670187096,1.504887237,0.170563392,0.706790487,1.659300958,1.938751762,2.420592591,1.441582988,2.261649948
China,CHN,Asia,Eastern Asia,Access to electricity (% of population),EG.ELC.ACCS.ZS,97.9,98.2,98.5,98.8,99.1,99.7,99.9,99.9,100,100,100,100,100,100,100,100,100,100,100,..
China,CHN,Asia,Eastern Asia,External balance on goods and services (% of GDP),NE.RSB.GNFS.ZS,5.377520559,7.484113874,8.546927238,7.473894204,4.241779192,3.591418067,2.357938564,2.673195581,2.410644802,2.075496908,3.180943611,2.23013078,1.720407716,0.646655214,0.911993646,2.368213551,2.531793273,3.154743506,2.099751063,2.847413134
China,CHN,Asia,Eastern Asia,GDP per capita (current US$),NY.GDP.PCAP.CD,1777.644968,2129.25697,2734.727099,3523.443021,3898.244592,4629.245517,5703.76028,6405.057424,7147.035186,7781.065975,8175.332851,8254.868593,8979.676527,10085.66381,10342.90095,10627.4638,12887.43572,12970.60564,12951.17824,13303.14815
China,CHN,Asia,Eastern Asia,GDP per capita growth (annual %),NY.GDP.PCAP.KD.ZG,10.80464855,12.04728189,13.55536635,9.109747066,8.859902054,10.06342432,8.864807476,7.127012723,7.063224657,6.786669879,6.358550264,6.165427182,6.246266187,6.258612325,5.692900601,2.096866673,8.473227172,3.147699821,5.524314947,5.106624828
China,CHN,Asia,Eastern Asia,GDP (current US$),NY.GDP.MKTP.CD,2.31755E+12,2.7915E+12,3.60406E+12,4.66735E+12,5.18958E+12,6.19256E+12,7.67176E+12,8.67366E+12,9.74312E+12,1.06745E+13,1.12808E+13,1.1456E+13,1.25376E+13,1.41478E+13,1.45602E+13,1.49964E+13,1.82017E+13,1.83168E+13,1.82704E+13,1.87438E+13
Colombia,COL,Americas,South America,"Total reserves (includes gold, current US$)",FI.RES.TOTL.CD,14954554923,15437167996,20951442987,23670593274,24987458716,28076156124,31895547051,36997795800,43158795572,46809443348,46222893469,46173772893,47131104747,47887623364,52652707435,58499477957,58018679407,56703971713,59040690524,61897968642
Colombia,COL,Americas,South America,Total reserves minus gold (current US$),FI.RES.XGLD.CD,14787009123,15296233306,20767267612,23478813399,24747664966,27766243374,31386030251,36444016600,42757937972,46408086548,46103762878,45961564720,46699124664,47358571768,51973465671,58247760145,57745106149,56431563332,58730697949,61505803384
Colombia,COL,Americas,South America,GDP growth (annual %),NY.GDP.MKTP.KD.ZG,4.828761108,6.716868698,6.738194691,3.283446186,1.139648645,4.494658971,6.947891982,3.912635767,5.13399352,4.499030001,2.955901375,2.087382502,1.359360868,2.564324283,3.186855392,-7.185914138,10.80119819,7.328277294,0.712380032,1.74380145
Colombia,COL,Americas,South America,GDP per capita (constant 2015 US$),NY.GDP.PCAP.KD,4457.275375,4694.034429,4947.252608,5048.571872,5046.971218,5214.245476,5517.101109,5675.75618,5910.805923,6121.83982,6248.514905,6316.070678,6309.677453,6353.546429,6439.963598,5891.955232,6457.169218,6856.725905,6828.597538,6873.423024
Colombia,COL,Americas,South America,GDP (constant 2015 US$),NY.GDP.MKTP.KD,1.8778E+11,2.00393E+11,2.13896E+11,2.20919E+11,2.23437E+11,2.3348E+11,2.49702E+11,2.59472E+11,2.72793E+11,2.85066E+11,2.93492E+11,2.99619E+11,3.03692E+11,3.11479E+11,3.21406E+11,2.9831E+11,3.30531E+11,3.54753E+11,3.5728E+11,3.6351E+11
Colombia,COL,Americas,South America,Current account balance (% of GDP),BN.CAB.XOKA.GD.ZS,-1.337731071,-1.848666236,-2.981926609,-2.679241046,-1.906926018,-2.995830912,-2.906114472,-3.140080131,-3.236150671,-5.198431193,-6.372304422,-4.451950678,-3.182241911,-4.201383447,-4.584275173,-3.427729459,-5.635169495,-6.040719643,-2.264839671,-1.726327771
Colombia,COL,Americas,South America,Access to electricity (% of population),EG.ELC.ACCS.ZS,96.8,95.7,96,96.8,96.1,96.8,96.7,97,97.8,97.8,98.2,98.4,98.5,98.5,99.4,99.7,100,100,98.7,..
Colombia,COL,Americas,South America,External balance on goods and services (% of GDP),NE.RSB.GNFS.ZS,-3.480610017,-4.184180459,-4.232612846,-2.948459146,-2.307137132,-1.582913649,-0.917413408,-1.212740451,-1.813769355,-4.217967422,-7.060341099,-6.768374428,-4.992335446,-4.735313442,-5.822456673,-7.011019849,-7.665134484,-7.505919125,-4.724775679,-4.943054743
Colombia,COL,Americas,South America,GDP per capita (current US$),NY.GDP.PCAP.CD,3456.066109,3789.853612,4769.926147,5541.836297,5250.972924,6398.295845,7400.99407,8108.598382,8279.102556,8187.208249,6248.514905,5959.842504,6479.532313,6816.968183,6472.545449,5339.687114,6222.621644,6680.445069,7000.836605,7913.988015
Colombia,COL,Americas,South America,GDP per capita growth (annual %),NY.GDP.PCAP.KD.ZG,3.371110778,5.311743944,5.394467862,2.047990518,-0.031705102,3.314349367,5.808235034,2.875696275,4.141293878,3.570306654,2.069232271,1.081149257,-0.101221554,0.695264947,1.36014068,-8.509494776,9.592978284,6.187799537,-0.410230298,0.656437667
Colombia,COL,Americas,South America,GDP (current US$),NY.GDP.MKTP.CD,1.45601E+11,1.61793E+11,2.0623E+11,2.42504E+11,2.32469E+11,2.86499E+11,3.34966E+11,3.70691E+11,3.82094E+11,3.81241E+11,2.93492E+11,2.8272E+11,3.11867E+11,3.34198E+11,3.23032E+11,2.70348E+11,3.18525E+11,3.45632E+11,3.66292E+11,4.18542E+11
Comoros,COM,Africa,Eastern Africa,"Total reserves (includes gold, current US$)",FI.RES.TOTL.CD,86095117.22,93890572.09,117643066.4,112663906.9,150899368,146075888.5,156064553.7,195019557.1,174071468,171159502.4,200562427.7,159412124.1,207879895.5,199213183.3,202031707.2,294339897.9,329671752,283746116.1,324560634.1,323945586.4
Comoros,COM,Africa,Eastern Africa,Total reserves minus gold (current US$),FI.RES.XGLD.CD,85798090.22,93522501.79,117160325.1,112160321.6,150269705.5,145262104,155178104.7,194056101.1,173374062.5,170461228.4,199948687.7,158748648,207129593.5,198471475.2,201150327.3,293245492.9,328618435.6,282697284.8,323367095.5,322435665.2
Comoros,COM,Africa,Eastern Africa,GDP growth (annual %),NY.GDP.MKTP.KD.ZG,2.83754787,2.646955476,0.800042349,3.964611189,6.48692882,4.801058168,5.888152671,6.310639738,8.927269534,3.89569329,1.992064687,2.780228542,5.596189521,4.059605937,3.628770244,4.005317935,2.725798451,2.818395066,3.064662369,3.388783506
Comoros,COM,Africa,Eastern Africa,GDP per capita (constant 2015 US$),NY.GDP.PCAP.KD,1044.94497,1051.185919,1038.686539,1058.622821,1105.098381,1135.359079,1178.420494,1227.838342,1309.475798,1331.212278,1329.370481,1338.590465,1385.614176,1413.981886,1437.371355,1465.897826,1476.386883,1488.856135,1505.254192,1527.098908
Comoros,COM,Africa,Eastern Africa,GDP (constant 2015 US$),NY.GDP.MKTP.KD,619314850,635707838.3,640793770.2,666198751.7,709414590.6,743473997.7,787250881.8,836931448.8,911646575,947161529.4,966029599.8,992887430.5,1048451293,1091014284,1130604685,1175888998,1207941362,1241985921,1280048597,1323426672
Comoros,COM,Africa,Eastern Africa,Current account balance (% of GDP),BN.CAB.XOKA.GD.ZS,-4.106606229,-3.227016107,-3.973857969,-7.534696266,-4.35030281,-4.332219293,-5.424723883,-4.049706614,..,-3.780329497,-0.256465658,-4.34858919,-2.132042166,-2.832250124,-3.331661406,-1.799789414,-0.313759475,-0.410149392,-1.721147682,..
Comoros,COM,Africa,Eastern Africa,Access to electricity (% of population),EG.ELC.ACCS.ZS,51,53.2,55.5,57.8,60.1,69.7,69.3,69.3,69.4,71.8,74.1,76.4,78.7,81,83.3,85.6,87.9,89.9,89.8,..
Comoros,COM,Africa,Eastern Africa,External balance on goods and services (% of GDP),NE.RSB.GNFS.ZS,-18.08484717,-18.0849159,-15.20549528,-19.7758319,-19.27304498,-20.27231172,-20.08814109,-22.91869364,-21.14653979,-19.88287946,-17.53255546,-15.78708856,-16.36172602,-17.17810736,-16.72115727,-22.3864304,-22.23365529,-24.49471546,-24.9740177,-24.55022335
Comoros,COM,Africa,Eastern Africa,GDP per capita (current US$),NY.GDP.PCAP.CD,1103.206585,1154.904223,1289.736311,1455.027686,1410.30517,1386.575336,1531.439693,1490.314257,1603.326535,1615.717185,1329.370481,1365.484034,1423.924802,1540.711323,1519.263863,1527.169909,1587.729886,1533.877553,1682.202851,1784.115469
Comoros,COM,Africa,Eastern Africa,GDP per capita growth (annual %),NY.GDP.PCAP.KD.ZG,0.760068972,0.59725149,-1.189074217,1.919374307,4.390190646,2.738280864,3.792757407,4.19356651,6.648876649,1.659937488,-0.138354877,0.693560202,3.512927332,2.047302278,1.654156146,1.984627776,0.715538092,0.844578877,1.101386277,1.451231024
Comoros,COM,Africa,Eastern Africa,GDP (current US$),NY.GDP.MKTP.CD,653845169.2,698431793.9,795673152.9,915659108,905341172.7,907979446.4,1023087476,1015842907,1116223107,1149587624,966029599.8,1012835493,1077439756,1188797450,1195019531,1225039196,1299039312,1279542248,1430523436,1546164420
"Congo, Dem. Rep.",COD,Africa,Middle Africa,"Total reserves (includes gold, current US$)",FI.RES.TOTL.CD,131200257.9,154503797.2,180677437,77733370.44,1035381388,1299652041,1267500303,1632551644,1678465312,1556982978,1215934551,708160749.2,695398162,665272095,1194373485,747655324.3,3467115961,4378100482,5104181647,..
"Congo, Dem. Rep.",COD,Africa,Middle Africa,Total reserves minus gold (current US$),FI.RES.XGLD.CD,131200257.9,154503797.2,180677437,77733370.44,1035381388,1299652041,1267500303,1632551644,1678465312,1556982978,1215934551,708160749.2,695398162,665272095,1194373485,747655324.3,3467115961,4378100482,5104181647,..
"Congo, Dem. Rep.",COD,Africa,Middle Africa,GDP growth (annual %),NY.GDP.MKTP.KD.ZG,6.135151155,5.320979565,6.259477764,6.225894269,2.85506401,7.107976576,6.87467089,7.086898947,8.481956636,9.470288099,6.916167119,2.399398911,3.726947659,5.8211211,4.384528874,1.735422767,6.200154011,8.924447851,8.609089723,6.67593029
"Congo, Dem. Rep.",COD,Africa,Middle Africa,GDP per capita (constant 2015 US$),NY.GDP.PCAP.KD,338.9809808,346.1796975,356.8868051,367.8437476,366.8302265,380.5780383,393.6161736,407.6710769,427.4585204,452.3396505,467.9145805,462.4721474,462.4829209,473.2940774,478.6324263,471.5044233,484.78465,511.2992673,537.5079953,555.0972013
"Congo, Dem. Rep.",COD,Africa,Middle Africa,GDP (constant 2015 US$),NY.GDP.MKTP.KD,19923852569,20983996693,22297485300,23685703159,24361945146,26093586500,27887434695,29863789011,32396822645,35464895084,37917706497,38827503534,40274584268,42619016591,44487659679,45259708654,48065880295,52355494716,56862826231,60658948871
"Congo, Dem. Rep.",COD,Africa,Middle Africa,Current account balance (% of GDP),BN.CAB.XOKA.GD.ZS,-3.247946045,0.330752319,3.148698923,-0.763068858,-6.022509454,-10.07849446,-4.955939283,-4.301001155,-9.512936014,-4.797161503,-3.913104324,-4.050538765,-3.265250189,-3.515628582,-3.270313706,-2.159682348,-1.061671929,-4.78420263,-5.794513582,-3.843775677
"Congo, Dem. Rep.",COD,Africa,Middle Africa,Access to electricity (% of population),EG.ELC.ACCS.ZS,6,10.2,15.2,11.6,12.3,13,13.7,15.4,15.2,13.5,16.6,17.3,18,18.7,19.1,20.1,20.8,21.5,22.1,..
"Congo, Dem. Rep.",COD,Africa,Middle Africa,External balance on goods and services (% of GDP),NE.RSB.GNFS.ZS,-6.42623914,-4.563062566,-1.998227477,-5.716693126,-9.319303742,-8.525301985,-6.166910859,-6.74569336,-4.574222525,-5.025772423,-3.881295363,-8.012325858,-3.79033526,-4.812672621,-3.499827838,-1.281854276,0.29034771,-2.73276714,-2.743527207,-4.25110629
"Congo, Dem. Rep.",COD,Africa,Middle Africa,GDP per capita (current US$),NY.GDP.PCAP.CD,203.5616689,238.4176394,267.8885088,307.3196386,280.7980515,314.5385863,364.7141918,400.0599018,431.1915282,458.0045418,467.9145805,442.3104721,436.5845347,528.2560198,557.0441613,507.5212301,558.0340773,642.6122671,633.3956617,647.4357048
"Congo, Dem. Rep.",COD,Africa,Middle Africa,GDP per capita growth (annual %),NY.GDP.PCAP.KD.ZG,2.924531505,2.123634382,3.092933438,3.070145046,-0.275530333,3.74773144,3.42587695,3.570712873,4.853776617,5.820712178,3.443193633,-1.163125357,0.002329541,2.337633681,1.127913721,-1.48924363,2.816564591,5.469359924,5.125907589,3.272361748
"Congo, Dem. Rep.",COD,Africa,Middle Africa,GDP (current US$),NY.GDP.MKTP.CD,11964484466,14451901696,16737071816,19788515590,18648372553,21565721045,25839749199,29306235285,32679745048,35909040926,37917706497,37134801555,38019264795,47568210010,51775829877,48716961860,55328482784,65801547756,67006756666,70749355652
"Congo, Rep.",COG,Africa,Middle Africa,"Total reserves (includes gold, current US$)",FI.RES.TOTL.CD,737537427.5,1848005218,2183569353,3881458051,3806250384,4446850566,5641136196,5549563315,5245011451,4926098059,2221497219,714352000.8,379984138.8,423617388.3,988316008,1140500575,828560334.6,835649477,715391052.4,..
"Congo, Rep.",COG,Africa,Middle Africa,Total reserves minus gold (current US$),FI.RES.XGLD.CD,731829789.5,1840932420,2174293050,3871781212,3806250384,4446850566,5641136196,5549563315,5245011451,4926098059,2221497219,714352000.8,379984138.8,423617388.3,988316008,1140500575,828560334.6,835649477,715391052.4,..
"Congo, Rep.",COG,Africa,Middle Africa,GDP growth (annual %),NY.GDP.MKTP.KD.ZG,7.755758978,7.986238363,-6.613994804,6.306375956,11.63728886,9.931265431,2.205919363,9.947153143,-0.712434452,6.646065409,0.415193061,-8.685243439,-5.594773719,-2.304317801,1.12447392,-6.26777228,1.01507037,1.475356132,1.906864263,2.579666395
"Congo, Rep.",COG,Africa,Middle Africa,GDP per capita (constant 2015 US$),NY.GDP.PCAP.KD,2140.036862,2226.023355,2004.10104,2061.558299,2211.315724,2332.285081,2307.493844,2467.061029,2390.657549,2488.681185,2439.351894,2174.193103,2003.271211,1909.956038,1885.510809,1725.5104,1701.790605,1686.002344,1677.085492,1679.580561
"Congo, Rep.",COG,Africa,Middle Africa,GDP (constant 2015 US$),NY.GDP.MKTP.KD,7910417276,8542162056,7977183901,8480255109,9467126892,10407332392,10636909753,11694979455,11611660392,12383378937,12434793867,11354801749,10719526285,10472514332,10590275025,9926500702,10027261670,10175199490,10369226733,10636718190
"Congo, Rep.",COG,Africa,Middle Africa,Current account balance (% of GDP),BN.CAB.XOKA.GD.ZS,10.46411443,1.53894345,-24.00022549,7.46170443,-14.10305361,6.854135669,13.24234729,13.68490864,10.78558048,3.79355486,-37.23882746,-32.89638838,..,..,11.67930506,12.56142809,11.57387518,..,..,..
"Congo, Rep.",COG,Africa,Middle Africa,Access to electricity (% of population),EG.ELC.ACCS.ZS,33.8,34.9,35.8,36.8,37.1,40,40.8,41.6,42.5,43.4,44.3,45.3,46.2,47,47.7,48.7,49.7,50.6,51.3,..
"Congo, Rep.",COG,Africa,Middle Africa,External balance on goods and services (% of GDP),NE.RSB.GNFS.ZS,30.45727524,29.32749594,-11.61584395,13.6973504,-6.592541469,12.99142866,22.63172277,18.71962049,12.86581778,2.069656639,-35.60662397,-38.12276618,1.308368059,23.83796781,20.82187395,12.13146184,20.12693856,29.46295702,17.5814612,12.37116427
"Congo, Rep.",COG,Africa,Middle Africa,GDP per capita (current US$),NY.GDP.PCAP.CD,1799.051584,2103.582138,2206.471019,2832.091778,2271.152192,2946.557981,3396.165058,3732.327373,3697.417059,3601.236581,2439.351894,2093.107286,2211.633099,2694.434132,2488.424667,1993.586672,2516.162551,2620.838043,2477.978455,2482.248947
"Congo, Rep.",COG,Africa,Middle Africa,GDP per capita growth (annual %),NY.GDP.PCAP.KD.ZG,3.941593182,4.017991197,-9.969451338,2.866984152,7.264282805,5.470469704,-1.062959103,6.915172731,-3.096943237,4.100279278,-1.982145875,-10.87005086,-7.86139426,-4.658139749,-1.279884403,-8.48578579,-1.374653895,-0.927744025,-0.528875413,0.148774114
"Congo, Rep.",COG,Africa,Middle Africa,GDP (current US$),NY.GDP.MKTP.CD,6650001680,8072305029,8782703437,11649857673,9723299915,13148396212,15655383577,17692911296,17958720699,17919321078,12434793867,10931328151,11834473039,14773900289,13976637780,11468687464,14825690211,15817030157,15321055818,15719985776
Costa Rica,CRI,Americas,Central America,"Total reserves (includes gold, current US$)",FI.RES.TOTL.CD,2313689169,3117011524,4115350419,3800532462,4066199745,4627252202,4755830028,6856696346,7330880579,7211431940,7833931555,7573806768,7149834514,7500924411,8937069411,7231533677,6921168831,8554013584,13225042447,14177018014
Costa Rica,CRI,Americas,Central America,Total reserves minus gold (current US$),FI.RES.XGLD.CD,2312646221,3114579659,4113616219,3798664715,4066174765,4627226514,4755804528,6856670261,7330855261,7211406186,7833906827,7573806768,7149834514,7500924411,8937069411,7231533677,6921168831,8554013584,13225042447,14177018014
Costa Rica,CRI,Americas,Central America,GDP growth (annual %),NY.GDP.MKTP.KD.ZG,3.976666368,7.326695433,8.215131983,4.738174878,-0.873455943,5.360343526,4.40315924,4.88259241,2.494766112,3.542109878,3.652080968,4.204323252,4.157698963,2.615904404,2.417511818,-4.273354322,7.935762247,4.55149178,5.111921832,4.321224296
Costa Rica,CRI,Americas,Central America,GDP per capita (constant 2015 US$),NY.GDP.PCAP.KD,8655.339654,9160.294375,9779.511494,10104.9092,9883.67567,10285.08567,10612.46949,11001.51929,11151.14379,11422.67358,11714.7106,12084.43513,12468.56545,12679.52536,12877.6501,12242.20989,13146.69279,13686.16141,14318.83897,14866.58237
Costa Rica,CRI,Americas,Central America,GDP (constant 2015 US$),NY.GDP.MKTP.KD,36882479548,39584746492,42836685662,44866362741,44474474829,46858459461,48921712049,51310359848,52590433318,54453244251,56441920821,58814921621,61260269008,62862779083,64382494196,61631202098,66522107766,69549856033,73105190308,76264229554
Costa Rica,CRI,Americas,Central America,Current account balance (% of GDP),BN.CAB.XOKA.GD.ZS,-4.291514394,-4.132484591,-5.57495108,-8.377925729,-1.823281619,-3.223363874,-5.296817537,-5.104817858,-4.77170631,-4.716004812,-3.403964563,-2.136516229,-3.616766363,-2.991531126,-1.190073047,-1.04513994,-3.175933478,-3.281399152,-1.432643568,-1.353662709
Costa Rica,CRI,Americas,Central America,Access to electricity (% of population),EG.ELC.ACCS.ZS,99.1,99.1,99.2,99.3,99.4,99,99.2,99.5,99.6,99.4,99.4,99.5,99.6,99.7,99.7,99.9,100,100,100,..
Costa Rica,CRI,Americas,Central America,External balance on goods and services (% of GDP),NE.RSB.GNFS.ZS,-2.293619171,-3.186484396,-5.292320827,-8.788591409,-0.494707673,-1.853266991,-3.694204753,-3.745904623,-2.883111865,-2.465411486,-0.76224621,0.341714424,0.453412552,0.531679536,2.890113101,3.673109065,1.571071751,2.582859693,5.35926499,5.732574333
Costa Rica,CRI,Americas,Central America,GDP per capita (current US$),NY.GDP.PCAP.CD,4703.007218,5256.596409,6137.711999,6937.242616,6832.698299,8265.788203,9276.391075,10126.9991,10803.2402,10911.49788,11714.7106,12091.03016,12317.09028,12590.24938,12884.686,12394.0494,12838.11854,13625.90085,16942.02681,18587.15322
Costa Rica,CRI,Americas,Central America,GDP per capita growth (annual %),NY.GDP.PCAP.KD.ZG,2.484278972,5.834025475,6.759794981,3.327341149,-2.189366862,4.061343259,3.183092788,3.665968605,1.360034895,2.434994988,2.5566433,3.156070578,3.178719703,1.691934104,1.562556413,-4.934442272,7.388232264,4.103454958,4.62275387,3.82533391
Costa Rica,CRI,Americas,Central America,GDP (current US$),NY.GDP.MKTP.CD,20040642477,22715540324,26884700709,30801745700,30745714313,37658616952,42762613699,47231655432,50949668842,52016408854,56441920821,58847019610,60516044657,62420164992,64417670521,62395610760,64960725734,69243626029,86497941439,95350423177
Cote d'Ivoire,CIV,Africa,Western Africa,"Total reserves (includes gold, current US$)",FI.RES.TOTL.CD,..,..,..,..,..,..,..,..,..,..,..,..,..,..,..,..,..,..,..,..
Cote d'Ivoire,CIV,Africa,Western Africa,Total reserves minus gold (current US$),FI.RES.XGLD.CD,..,..,..,..,..,..,..,..,..,..,..,..,..,..,..,..,..,..,..,..
Cote d'Ivoire,CIV,Africa,Western Africa,GDP growth (annual %),NY.GDP.MKTP.KD.ZG,0.996065565,2.815578593,1.101429768,4.782665979,3.603321567,6.848049399,-5.37044724,7.620411765,10.76021313,9.371999942,7.194949427,7.17275964,7.410762426,4.843146059,6.721371676,0.699728593,7.063329102,6.399883627,6.450457969,5.95
Cote d'Ivoire,CIV,Africa,Western Africa,GDP per capita (constant 2015 US$),NY.GDP.PCAP.KD,1431.733202,1437.774538,1420.173896,1454.627318,1473.91837,1540.529273,1426.464639,1503.43433,1632.327128,1742.53693,1814.718551,1889.277779,1972.814318,2013.323076,2093.099943,2055.08484,2146.476353,2227.098452,2312.13337,2390.747106
Cote d'Ivoire,CIV,Africa,Western Africa,GDP (constant 2015 US$),NY.GDP.MKTP.KD,28732677632,29541668753,29867049486,31295490701,32423167867,34643522419,32783010325,35281210701,39077544168,42739891584,45815005169,49101205369,52739979047,55294253264,59010785541,59423700881,63620992438,67692661917,72059148622,76346667965
Cote d'Ivoire,CIV,Africa,Western Africa,Current account balance (% of GDP),BN.CAB.XOKA.GD.ZS,0.165122857,1.89621807,-0.48408868,1.330442557,4.792717567,1.330952701,7.266127618,-0.882958575,-1.480122778,1.045624137,-0.439534824,-0.855798631,-1.997800153,-3.903630867,-2.23379059,-3.132435368,-3.948253115,-7.605206804,-11.56525043,..
Cote d'Ivoire,CIV,Africa,Western Africa,Access to electricity (% of population),EG.ELC.ACCS.ZS,58.9,60.2,55.3,60.3,57.3,58.4,55.8,55.8,61.5,61.9,62.6,64.3,65.6,67.1,68.6,69.9,71.1,72,72.4,..
Cote d'Ivoire,CIV,Africa,Western Africa,External balance on goods and services (% of GDP),NE.RSB.GNFS.ZS,0.93702441,1.991483405,-0.4490369,0.086716846,4.152578863,-0.4737909,5.846849643,-0.336108522,-0.031873938,2.633499968,1.993622844,2.318146545,2.335065731,-0.649108877,0.660566947,0.04430515,-0.521497102,-4.331670389,-3.501073616,0.529289463
Cote d'Ivoire,CIV,Africa,Western Africa,GDP per capita (current US$),NY.GDP.PCAP.CD,1197.74617,1230.430568,1367.538177,1583.970667,1540.453936,1553.54887,1596.628266,1546.946018,1786.15862,1991.365394,1814.718551,1862.595971,1964.299303,2130.866194,2141.768362,2179.729348,2455.981276,2333.371283,2554.673049,2709.895116
Cote d'Ivoire,CIV,Africa,Western Africa,GDP per capita growth (annual %),NY.GDP.PCAP.KD.ZG,-1.386648404,0.421959618,-1.224158705,2.426000244,1.326185181,4.519307455,-7.4042497,5.395835952,8.573224303,6.751698251,4.142329475,4.108583592,4.421612285,2.053348748,3.962447375,-1.816210617,4.447091986,3.756020846,3.81819303,3.40005196
Cote d'Ivoire,CIV,Africa,Western Africa,GDP (current US$),NY.GDP.MKTP.CD,24036918703,25281413263,28760090953,34078240293,33886813250,34936307980,36693710801,36302302877,42760235485,48843005614,45815005169,48407761037,52512343997,58522477787,60382894697,63027852805,72794636649,70922824824,79618056324,86538413923
Croatia,HRV,Europe,Southern Europe,"Total reserves (includes gold, current US$)",FI.RES.TOTL.CD,8800316451,11487840811,13674518993,12957286637,14894514532,14132506400,14483805262,14807134321,17766773440,15423620716,14966894623,14244345198,18818215999,19991304928,20770636600,23253815166,28308830586,29726299387,3176284868,3335632833
Croatia,HRV,Europe,Southern Europe,Total reserves minus gold (current US$),FI.RES.XGLD.CD,8800316451,11487840811,13674518993,12957286637,14894514532,14132506400,14483805262,14807134321,17766773440,15423620716,14966894623,14244345198,18818215999,19991304928,20770636600,23253815166,28308830586,29613933687,3176284868,3335632833
Croatia,HRV,Europe,Southern Europe,GDP growth (annual %),NY.GDP.MKTP.KD.ZG,4.327076522,5.081465904,5.048886209,1.968590093,-6.813956178,-1.334081524,-0.097751453,-2.253745581,-0.125449826,-0.557150197,2.323175158,3.461129474,3.280958121,2.904681493,3.100439114,-8.311642579,12.63170033,7.287936432,3.302544881,3.814945217
Croatia,HRV,Europe,Southern Europe,GDP per capita (constant 2015 US$),NY.GDP.PCAP.KD,11522.39501,12105.05376,12719.00328,12970.92911,12099.79713,11965.48548,11995.13253,11780.53301,11839.24582,11863.8584,12285.30326,12849.3464,13485.88167,14060.71895,14641.22988,13544.97151,15394.47073,16616.39154,17147.16602,17770.86866
Croatia,HRV,Europe,Southern Europe,GDP (constant 2015 US$),NY.GDP.MKTP.KD,49663193223,52186811454,54821664180,55900878030,52091816698,51396869396,51346628209,50189405845,50126443322,49847163745,51005200670,52770556703,54501936569,56085044234,57823926883,53017808755,59714859478,64066840477,66182676637,68707509494
Croatia,HRV,Europe,Southern Europe,Current account balance (% of GDP),BN.CAB.XOKA.GD.ZS,-7.535865605,-7.883398362,-8.014707938,-10.92745787,-6.556502348,-2.518143756,-1.66224276,-0.361322794,-0.858964119,0.393612117,2.815691328,2.462588775,4.050339961,1.218793623,2.639404149,-0.794716422,0.807872378,-3.680782629,0.753574362,-1.133965781
Croatia,HRV,Europe,Southern Europe,Access to electricity (% of population),EG.ELC.ACCS.ZS,99.9,99.8,99.8,100,100,100,100,100,100,100,100,100,100,100,100,100,100,100,100,..
Croatia,HRV,Europe,Southern Europe,External balance on goods and services (% of GDP),NE.RSB.GNFS.ZS,-8.687032125,-8.425149612,-8.329612557,-10.12823234,-5.499055883,-1.639747833,-1.679895454,-1.599830917,-1.979884696,-0.382191131,0.21004128,1.10230764,0.60528966,-0.849396716,-0.403543226,-6.979390633,-2.749020069,-6.219914564,-1.832600859,-3.117602548
Croatia,HRV,Europe,Southern Europe,GDP per capita (current US$),NY.GDP.PCAP.CD,10443.52784,11502.75312,13757.60565,15889.43471,14475.96329,13731.28652,14694.99932,13508.6837,14136.39677,14187.96945,12285.30326,12821.17381,13902.63105,15460.41833,15563.81674,14808.46202,17789.93047,18466.09555,21865.45628,23931.45284
Croatia,HRV,Europe,Southern Europe,GDP per capita growth (annual %),NY.GDP.PCAP.KD.ZG,4.192859775,5.056750368,5.071844693,1.980704128,-6.716033776,-1.110032234,0.247771415,-1.789055057,0.498388391,0.207889837,3.552342243,4.591202433,4.95383381,4.262511704,4.128600627,-7.487474621,13.65450803,7.937400538,3.1942825,3.637351122
Croatia,HRV,Europe,Southern Europe,GDP (current US$),NY.GDP.MKTP.CD,45013119282,49590197657,59298265770,68478776206,62321642125,58981738869,62903737380,57551963753,59852401272,59612144078,51005200670,52654855638,56186190438,61668130123,61467582194,57963370885,69006802299,71198635102,84393795502,92526176109
Cuba,CUB,Americas,Caribbean,"Total reserves (includes gold, current US$)",FI.RES.TOTL.CD,..,..,..,..,..,..,..,..,..,..,..,..,..,..,..,..,..,..,..,..
Cuba,CUB,Americas,Caribbean,Total reserves minus gold (current US$),FI.RES.XGLD.CD,..,..,..,..,..,..,..,..,..,..,..,..,..,..,..,..,..,..,..,..
Cuba,CUB,Americas,Caribbean,GDP growth (annual %),NY.GDP.MKTP.KD.ZG,11.20165642,12.06586311,7.262136966,4.116828042,1.451305431,2.390352297,2.802300836,3.014900289,2.747602563,1.047576632,4.438333589,0.512843096,1.809791772,2.247948541,-0.163087224,-10.9490846,1.253693425,1.775048798,-1.929371232,..
Cuba,CUB,Americas,Caribbean,GDP per capita (constant 2015 US$),NY.GDP.PCAP.KD,5182.352836,5799.411637,6215.766037,6469.085078,6561.253051,6716.490485,6902.163976,7109.248342,7307.820044,7392.483246,7727.919972,7774.069846,7927.277693,8120.431236,8124.752821,7252.316722,7379.014004,7552.331522,7433.428854,..
Cuba,CUB,Americas,Caribbean,GDP (constant 2015 US$),NY.GDP.MKTP.KD,58366528663,65408954115,70159041951,73047369064,74107509498,75878940053,78005296225,80357078126,82564971264,83429902609,87132800000,87579654549,89164663931,91169039693,91020354637,81054459000,82070633423,83527427216,81915873064,..
Cuba,CUB,Americas,Caribbean,Current account balance (% of GDP),BN.CAB.XOKA.GD.ZS,..,..,..,..,..,..,..,..,..,..,..,..,..,..,..,..,..,..,..,..
Cuba,CUB,Americas,Caribbean,Access to electricity (% of population),EG.ELC.ACCS.ZS,96.8,96.9,97.1,97.3,97.6,97.8,98,98.3,98.5,98.7,99,99.2,99.4,99.6,99.8,99.9,100,100,100,..
Cuba,CUB,Americas,Caribbean,External balance on goods and services (% of GDP),NE.RSB.GNFS.ZS,2.674712466,0.238895167,2.705110069,-3.78200943,2.005476804,4.848588484,3.246847369,5.155794971,3.876963758,4.89361623,2.680965147,2.695949441,2.880104583,1.961918333,1.605857624,0.653459001,-10.23664929,-12.88151978,-21.09593044,..
Cuba,CUB,Americas,Caribbean,GDP per capita (current US$),NY.GDP.PCAP.CD,3786.337992,4329.98266,4807.43889,4986.124365,5089.235198,5272.267558,6104.461052,6470.836734,6828.364282,7146.704591,7727.919972,8110.55874,8610.608295,8911.46206,9232.261159,9605.261251,..,..,..,..
Cuba,CUB,Americas,Caribbean,GDP per capita growth (annual %),NY.GDP.PCAP.KD.ZG,10.96668512,11.90692375,7.179252426,4.075427545,1.424745097,2.365972366,2.764442102,3.00028175,2.793146233,1.158528832,4.537537855,0.597183645,1.970754703,2.436568386,0.053218664,-10.73800174,1.746990472,2.348789668,-1.574383591,..
Cuba,CUB,Americas,Caribbean,GDP (current US$),NY.GDP.MKTP.CD,42643836100,48835925926,54262870370,56302129630,57481481481,59562962963,68990000000,73141000000,77148000000,80656100000,87132800000,91370407864,96850649692,1.0005E+11,1.03428E+11,1.07352E+11,..,..,..,..
Curacao,CUW,Americas,Caribbean,"Total reserves (includes gold, current US$)",FI.RES.TOTL.CD,..,..,..,..,..,..,..,..,..,..,..,..,..,..,..,..,..,..,..,..
Curacao,CUW,Americas,Caribbean,Total reserves minus gold (current US$),FI.RES.XGLD.CD,..,..,..,..,..,..,..,..,..,..,..,..,..,..,..,..,..,..,..,..
Curacao,CUW,Americas,Caribbean,GDP growth (annual %),NY.GDP.MKTP.KD.ZG,0.676425345,1.63593469,2.469963228,2.18804308,-0.531308242,0.082306609,0.508457482,-0.348950824,-0.635696908,-0.637397373,0.458151544,-1.067708487,-1.276208101,-2.104111331,-3.206131719,-18.43847035,4.183711931,7.923,4.202,..
Curacao,CUW,Americas,Caribbean,GDP per capita (constant 2015 US$),NY.GDP.PCAP.KD,21112.32192,20913.66304,21011.15706,21202.43051,20952.89985,20706.43746,20518.09861,20277.51119,19921.47706,19529.52867,19361.813,18953.05374,18651.47981,18355.17671,17980.52993,14901.24368,15787.33768,17307.71946,17363.13437,..
Curacao,CUW,Americas,Caribbean,GDP (constant 2015 US$),NY.GDP.MKTP.KD,2906280011,2953824854,3026783242,3093010563,3076577143,3079109369,3094765331,3083966122,3064361445,3044829285,3058779218,3026120373,2987500779,2924640437,2830872612,2308903005,2405500855,2596088688,2705176335,..
Curacao,CUW,Americas,Caribbean,Current account balance (% of GDP),BN.CAB.XOKA.GD.ZS,..,..,..,..,..,..,-30.01602463,-29.70778532,-25.18927963,-16.53312702,-16.97869461,-19.34876602,-22.40806011,-26.67886196,-17.86876238,-27.17901658,-18.57056515,-26.75181675,-19.95135896,..
Curacao,CUW,Americas,Caribbean,Access to electricity (% of population),EG.ELC.ACCS.ZS,99.7,99.7,99.7,99.7,99.7,100,100,100,100,100,100,100,100,100,100,100,100,100,100,..
Curacao,CUW,Americas,Caribbean,External balance on goods and services (% of GDP),NE.RSB.GNFS.ZS,-15.91888986,-17.77420611,-24.34223835,-27.80602534,-23.33431377,-32.85314538,-26.95207547,-21.64481735,-17.80818351,-12.49557528,-11.32558306,-13.06195931,-20.55307099,-28.77685704,..,..,..,..,..,..
Curacao,CUW,Americas,Caribbean,GDP per capita (current US$),NY.GDP.PCAP.CD,17032.33566,17400.16378,18005.71659,19423.33524,19540.24766,19847.23101,19426.32638,19809.82232,19721.29216,19623.02999,19361.813,18944.09615,18938.24405,19119.12439,19220.68658,16356.09333,17979.99829,20501.75228,21061.74164,..
Curacao,CUW,Americas,Caribbean,GDP per capita growth (annual %),NY.GDP.PCAP.KD.ZG,-1.858439975,-0.940961791,0.466173824,0.910342295,-1.176896518,-1.176268627,-0.909566648,-1.17256195,-1.755807825,-1.967466527,-0.858779915,-2.111162107,-1.59116273,-1.588630519,-2.041096052,-17.12567014,5.946443256,9.63038739,0.320174531,..
Curacao,CUW,Americas,Caribbean,GDP (current US$),NY.GDP.MKTP.CD,2344637263,2457581732,2593831508,2833476145,2869153184,2951342793,2930092235,3012836257,3033568603,3059406983,3058779218,3024690168,3033433240,3046364804,3026124116,2534327592,2739594360,3075180835,3281419347,..
Cyprus,CYP,Asia,Western Asia,"Total reserves (includes gold, current US$)",FI.RES.TOTL.CD,4429824567,5942554137,6506542488,1004746547,1281245251,1141718898,1187122353,1191085646,916261841.4,893890213.6,807868870.8,812488586,887692448.7,924201541.5,1033463564,1237326347,1611044560,1670555054,1789231286,2087536372
Cyprus,CYP,Asia,Western Asia,Total reserves minus gold (current US$),FI.RES.XGLD.CD,4191125667,5646762927,6118598613,616838047.3,796220251.3,514865898.1,504296352.6,448941645.6,379054841.4,354808213.6,334048870.8,300271286,308156948.7,351303991.5,352682563.9,392004647.4,797459860.4,860434604.1,867338486.2,921268672.5
Cyprus,CYP,Asia,Western Asia,GDP growth (annual %),NY.GDP.MKTP.KD.ZG,4.852987622,4.713783586,5.098226149,3.646989221,-2.015082037,2.282671001,0.416711868,-3.447381514,-6.587477511,-1.776058677,3.418920389,6.573590809,5.750832366,6.271663601,5.875595834,-3.220630186,11.38818927,7.204867807,2.763909754,3.448061704
Cyprus,CYP,Asia,Western Asia,GDP per capita (constant 2015 US$),NY.GDP.PCAP.KD,25631.36719,26395.50391,27156.81836,27449.22656,26183.68555,26090.04883,25538.78125,24285.49609,22738.49023,22581.82813,23487.22852,24916.63281,26105.58594,27406.47656,28625.7793,27391.5918,30228.03516,31967.54102,32340.8418,32998.67188
Cyprus,CYP,Asia,Western Asia,GDP (constant 2015 US$),NY.GDP.MKTP.KD,18929789646,19822098963,20832674396,21592439785,21157334410,21640286747,21730464390,20981332378,19599191826,19251098679,19909278417,21218032913,22438246417,23845497750,25246562823,24433464399,27215993570,29176869929,29983292283,31017134702
Cyprus,CYP,Asia,Western Asia,Current account balance (% of GDP),BN.CAB.XOKA.GD.ZS,-5.266826358,-6.367947655,-7.636691449,-14.44430284,-6.670745444,-10.76227571,-2.093436752,-3.868600628,-1.503169702,-4.076154081,-0.244186265,-3.870092574,-4.912276216,-3.741163873,-5.523587793,-9.705217666,-5.566599199,-7.039365198,-11.30396735,-8.393197689
Cyprus,CYP,Asia,Western Asia,Access to electricity (% of population),EG.ELC.ACCS.ZS,100,100,100,100,100,100,100,100,100,100,100,100,100,100,100,100,100,100,100,..
Cyprus,CYP,Asia,Western Asia,External balance on goods and services (% of GDP),NE.RSB.GNFS.ZS,-0.532852275,-2.934876284,-4.757162586,-12.76253923,-5.346591094,-8.232647575,-3.708959705,-1.787511416,1.666980223,1.059046666,2.758179781,1.946005999,-0.34039728,1.398701831,1.011565646,-1.374211025,4.687929507,3.611105173,1.047071204,3.58388697
Cyprus,CYP,Asia,Western Asia,GDP per capita (current US$),NY.GDP.PCAP.CD,24959.26172,26729.28125,31244.87891,35397.29688,32236.44922,31105.02734,32485.79688,28991.93555,27797.45703,27244.35156,23487.22852,24715.1543,26696.99023,29599.98633,29703.05273,28649.01563,33734.03516,33894.44922,36551.41797,38654.16797
Cyprus,CYP,Asia,Western Asia,GDP per capita growth (annual %),NY.GDP.PCAP.KD.ZG,3.35375226,2.981250844,2.884263899,1.076740411,-4.610482557,-0.357614019,-2.112937577,-4.907385497,-6.370080376,-0.688973313,4.009420119,6.08587845,4.771721613,4.983193427,4.448955603,-4.311453246,10.35516642,5.754606163,1.167756018,2.034048295
Cyprus,CYP,Asia,Western Asia,GDP (current US$),NY.GDP.MKTP.CD,18433412511,20072754987,23968727074,27844646258,26048179949,25799940078,27641547910,25047436975,23959712861,23225918260,19909278417,21046462281,22946570629,25754001368,26196667100,25555093854,30372642502,30935566077,33886930712,36333022329
Czechia,CZE,Europe,Eastern Europe,"Total reserves (includes gold, current US$)",FI.RES.TOTL.CD,29553532656,31456871275,34907225299,37021634957,41608025692,42482660898,40283016691,44884691027,56217652211,54495067818,64490290734,85725304288,1.47976E+11,1.42512E+11,1.49856E+11,1.66126E+11,1.73618E+11,1.39981E+11,1.48379E+11,1.46281E+11
Czechia,CZE,Europe,Eastern Europe,Total reserves minus gold (current US$),FI.RES.XGLD.CD,29330377656,31181699531,34549550660,36654513482,41156604442,41908795248,39670117585,44265282003,55797599699,54084656370,64147864094,85365565026,1.47583E+11,1.42151E+11,1.49464E+11,1.65549E+11,1.72999E+11,1.39284E+11,1.46345E+11,1.41988E+11
Czechia,CZE,Europe,Eastern Europe,GDP growth (annual %),NY.GDP.MKTP.KD.ZG,6.375028861,6.623172992,5.488825952,2.612268072,-4.798324167,2.714665099,1.772380853,-0.770668191,-0.041812416,2.245212199,4.958758489,2.580870139,5.1735653,2.830305883,3.565776581,-5.304879555,4.029018321,2.847170658,-0.05526182,1.120384627
Czechia,CZE,Europe,Eastern Europe,GDP per capita (constant 2015 US$),NY.GDP.PCAP.KD,15147.72144,16107.30425,16892.54285,17190.64703,16272.80848,16665.93178,16926.28467,16772.35392,16759.78086,17118.04256,17931.59877,18359.09781,19257.69307,19736.62953,20360.05992,19233.14695,20373.8783,20627.34865,20251.74855,20444.54307
Czechia,CZE,Europe,Eastern Europe,GDP (constant 2015 US$),NY.GDP.MKTP.KD,1.54677E+11,1.64921E+11,1.73973E+11,1.78518E+11,1.69952E+11,1.74566E+11,1.7766E+11,1.76291E+11,1.76217E+11,1.80173E+11,1.89108E+11,1.93988E+11,2.04024E+11,2.09799E+11,2.1728E+11,2.05753E+11,2.14043E+11,2.20137E+11,2.20016E+11,2.22481E+11
Czechia,CZE,Europe,Eastern Europe,Current account balance (% of GDP),BN.CAB.XOKA.GD.ZS,-2.046931772,-2.557718928,-4.707212101,-1.863778381,-2.352864683,-3.481200397,-2.169153782,-1.50144944,-0.519137992,0.217020094,0.446971206,1.747349217,1.353017055,0.451859774,0.356195094,1.785200808,-2.046241119,-4.520484394,-0.126083538,1.752530433
Czechia,CZE,Europe,Eastern Europe,Access to electricity (% of population),EG.ELC.ACCS.ZS,100,100,100,100,100,100,100,100,100,100,100,100,100,100,100,100,100,100,100,..
Czechia,CZE,Europe,Eastern Europe,External balance on goods and services (% of GDP),NE.RSB.GNFS.ZS,2.326445579,2.72295009,2.424345199,2.163631338,3.902314152,3.026715914,3.750419683,4.729425557,5.658560268,6.286947598,6.006733289,7.669661348,7.618030391,6.077845082,6.095092283,6.741516163,3.721973983,0.807362176,4.998944678,6.5633177
Czechia,CZE,Europe,Eastern Europe,GDP per capita (current US$),NY.GDP.PCAP.CD,13442.49163,15259.07882,18452.65328,22774.70451,19817.42158,20160.43551,22049.10808,20014.0354,20260.4955,20038.41632,17931.59877,18753.96867,20913.19763,23705.93298,24062.719,23472.89155,27696.46195,28282.22367,31591.05682,31706.62342
Czechia,CZE,Europe,Eastern Europe,GDP per capita growth (annual %),NY.GDP.PCAP.KD.ZG,6.227986282,6.334832682,4.875046702,1.764708729,-5.339173999,2.415829489,1.562186191,-0.909418388,-0.074962995,2.137627553,4.752624064,2.384054255,4.894550195,2.486987701,3.158748029,-5.534919698,5.931069689,1.244094732,-1.820884038,0.95198948
Czechia,CZE,Europe,Eastern Europe,GDP (current US$),NY.GDP.MKTP.CD,1.37264E+11,1.56236E+11,1.90041E+11,2.36506E+11,2.06972E+11,2.11169E+11,2.31429E+11,2.10363E+11,2.13024E+11,2.10911E+11,1.89108E+11,1.98161E+11,2.21564E+11,2.51992E+11,2.56794E+11,2.5111E+11,2.90973E+11,3.01831E+11,3.43207E+11,3.45037E+11
Denmark,DNK,Europe,Northern Europe,"Total reserves (includes gold, current US$)",FI.RES.TOTL.CD,34028012497,31083835098,34318338718,42326707927,76617709422,76510022326,84955222078,89697829678,88676584007,75391887669,65185093406,64215805620,75244445866,70942078374,66835547934,72823350927,82235844736,96072552269,1.09371E+11,1.08405E+11
Denmark,DNK,Europe,Northern Europe,Total reserves minus gold (current US$),FI.RES.XGLD.CD,32930386411,29723677393,32534428042,40465790827,74290894422,73502814526,81679494478,86137535278,86099435807,72811530069,62917117406,61764037980,72470454466,68199860034,63576937134,68777153367,78341558776,92194848209,1.04958E+11,1.02823E+11
Denmark,DNK,Europe,Northern Europe,GDP growth (annual %),NY.GDP.MKTP.KD.ZG,2.35960883,3.816487699,0.987173816,-0.41717844,-4.974479057,1.582897031,1.310803761,-0.005432302,1.392673432,1.277999832,2.104414564,3.073045492,3.056477239,1.86000749,1.711400939,-1.780106018,7.382066334,1.540173074,2.495184345,3.67619735
Denmark,DNK,Europe,Northern Europe,GDP per capita (constant 2015 US$),NY.GDP.PCAP.KD,52015.18412,53823.15903,54113.97715,53572.53466,50635.91181,51209.44928,51667.53132,51470.68985,51970.39093,52368.3626,53094.01336,54300.20396,55601.01457,56355.07331,57114.62273,55934.55559,59803.92022,60248.67122,61295.98186,63229.94797
Denmark,DNK,Europe,Northern Europe,GDP (constant 2015 US$),NY.GDP.MKTP.KD,2.81893E+11,2.92651E+11,2.9554E+11,2.94307E+11,2.79667E+11,2.84094E+11,2.87818E+11,2.87802E+11,2.9181E+11,2.9554E+11,3.01759E+11,3.11032E+11,3.20539E+11,3.26501E+11,3.32089E+11,3.26177E+11,3.50256E+11,3.5565E+11,3.64524E+11,3.77925E+11
Denmark,DNK,Europe,Northern Europe,Current account balance (% of GDP),BN.CAB.XOKA.GD.ZS,4.151378749,3.338785879,1.511967543,2.933441976,3.670308988,6.396897407,6.338950255,6.04077393,7.384382131,8.337246417,7.953938174,7.078508777,7.360245321,6.244572667,7.425269603,7.231129654,8.559067959,11.10222293,11.0305913,12.13723695
Denmark,DNK,Europe,Northern Europe,Access to electricity (% of population),EG.ELC.ACCS.ZS,100,100,100,100,100,100,100,100,100,100,100,100,100,100,100,100,100,100,100,..
Denmark,DNK,Europe,Northern Europe,External balance on goods and services (% of GDP),NE.RSB.GNFS.ZS,5.351447223,3.938871486,2.747299876,3.471527288,4.602962853,6.793832839,6.15432402,5.799404707,6.229005223,6.455948278,6.498280693,6.035121988,6.476226202,5.15275126,6.009740768,5.640361978,6.236803878,9.553788516,8.150719287,10.81094361
Denmark,DNK,Europe,Northern Europe,GDP per capita (current US$),NY.GDP.PCAP.CD,48925.80767,52119.1788,58631.65664,64616.66576,58412.74724,58104.54456,61809.7379,58443.77471,61377.59406,62520.45097,53094.01336,54500.92604,57521.5515,61324.7665,59404.26632,60985.48856,69727.98737,68091.31911,68453.87693,71851.75621
Denmark,DNK,Europe,Northern Europe,GDP per capita growth (annual %),NY.GDP.PCAP.KD.ZG,2.078014853,3.475859873,0.540321532,-1.00055941,-5.48158281,1.132669383,0.894526404,-0.380977125,0.97084591,0.765766155,1.385666322,2.271801518,2.395590651,1.356196002,1.347792453,-2.066138377,6.91766402,0.743682018,1.738313259,3.155127057
Denmark,DNK,Europe,Northern Europe,GDP (current US$),NY.GDP.MKTP.CD,2.6515E+11,2.83386E+11,3.20213E+11,3.54979E+11,3.22619E+11,3.22346E+11,3.44316E+11,3.26793E+11,3.44631E+11,3.52833E+11,3.01759E+11,3.12182E+11,3.31611E+11,3.55293E+11,3.45401E+11,3.55631E+11,4.08378E+11,4.01946E+11,4.07092E+11,4.29457E+11
Djibouti,DJI,Africa,Eastern Africa,"Total reserves (includes gold, current US$)",FI.RES.TOTL.CD,89264770.32,120326699.2,132137437.9,175495410.9,241831914.4,248997896.3,244112095.2,248630000.3,424961509.9,393148391.7,364857284.1,407414266.7,556097628.9,454193909.7,501857934.4,686339280.9,588417559.8,589437241.8,502033555.8,348725427.3
Djibouti,DJI,Africa,Eastern Africa,Total reserves minus gold (current US$),FI.RES.XGLD.CD,89264770.32,120326699.2,132137437.9,175495410.9,241831914.4,248997896.3,244112095.2,248630000.3,424961509.9,393148391.7,364857284.1,407414266.7,556097628.9,454193909.7,501857934.4,686339280.9,588417559.8,589437241.8,502033555.8,348725427.3
Djibouti,DJI,Africa,Eastern Africa,GDP growth (annual %),NY.GDP.MKTP.KD.ZG,..,..,..,..,..,..,..,..,..,7.192987285,7.308985635,7.123432337,5.458091517,4.774339349,5.545080812,1.202115173,4.407156676,5.166537029,7.372071487,5.953829989
Djibouti,DJI,Africa,Eastern Africa,GDP per capita (constant 2015 US$),NY.GDP.PCAP.KD,..,..,..,..,..,..,..,..,2140.137694,2253.140822,2376.125547,2502.851814,2596.451347,2677.165033,2781.943501,2773.406618,2854.15987,2959.78673,3134.300766,3276.078678
Djibouti,DJI,Africa,Eastern Africa,GDP (constant 2015 US$),NY.GDP.MKTP.KD,..,..,..,..,..,..,..,..,2107658965,2259262606,2424391785,2597091694,2738843335,2869605010,3028726927,3065135713,3200221046,3365561652,3613673263,3828825225
Djibouti,DJI,Africa,Eastern Africa,Current account balance (% of GDP),BN.CAB.XOKA.GD.ZS,2.841057973,-2.154487907,-20.2086361,-22.5587851,-6.7771884,4.473571379,-13.86782429,-10.93116736,-30.75120969,23.89321748,29.45995118,-1.00034789,-4.79510874,14.71177991,18.25843919,11.65211719,-6.634815317,18.41821715,18.41513399,14.93057979
Djibouti,DJI,Africa,Eastern Africa,Access to electricity (% of population),EG.ELC.ACCS.ZS,56.8,55.5,57.2,57.4,57.6,57.9,58.1,54.6,58.6,58.9,59.1,59.8,60.2,62.4,64.7,64.5,65.4,65,65.2,..
Djibouti,DJI,Africa,Eastern Africa,External balance on goods and services (% of GDP),NE.RSB.GNFS.ZS,..,..,..,..,..,..,..,..,-34.89211207,17.33411986,22.47915871,-5.543948384,-5.771243462,12.84107252,12.4964986,8.524836747,21.97865921,16.21606183,15.50620768,12.53187656
Djibouti,DJI,Africa,Eastern Africa,GDP per capita (current US$),NY.GDP.PCAP.CD,844.4483574,898.4646281,969.5732202,1119.152333,1150.937586,1213.233526,1306.345528,1400.193579,2075.944984,2214.620841,2376.125547,2510.430008,2618.955211,2718.083388,2837.169023,2844.888106,3025.911264,3133.257798,3397.520158,3496.471119
Djibouti,DJI,Africa,Eastern Africa,GDP per capita growth (annual %),NY.GDP.PCAP.KD.ZG,..,..,..,..,..,..,..,..,..,5.28018026,5.458368313,5.333315297,3.73971531,3.108615401,3.913784409,-0.306867603,2.911698993,3.700803899,5.896169285,4.523430347
Djibouti,DJI,Africa,Eastern Africa,GDP (current US$),NY.GDP.MKTP.CD,708633194.7,768873684,847918929.1,999105339.3,1049110685,1128611700,1239144502,1353632942,2044440443,2220637966,2424391785,2604955229,2762581334,2913464658,3088851450,3144136197,3392796953,3562814909,3917150481,4086402719
Dominica,DMA,Americas,Caribbean,"Total reserves (includes gold, current US$)",FI.RES.TOTL.CD,49172196.73,63047100.26,60522068.62,55150083.36,75464032.69,76099741.29,81120934.27,94562315.38,87050886.03,101447737.7,126225919.3,221907763.5,212292574.6,191323608.3,155172395.3,165824163.3,190843317.1,204343039.9,183530007.1,155971242
Dominica,DMA,Americas,Caribbean,Total reserves minus gold (current US$),FI.RES.XGLD.CD,49172196.73,63047100.26,60522068.62,55150083.36,75464032.69,76099741.29,81120934.27,94562315.38,87050886.03,101447737.7,126225919.3,221907763.5,212292574.6,191323608.3,155172395.3,165824163.3,190843317.1,204343039.9,183530007.1,155971242
Dominica,DMA,Americas,Caribbean,GDP growth (annual %),NY.GDP.MKTP.KD.ZG,0.915286473,4.400774798,5.357937558,7.121312178,-1.135751456,-0.105610858,0.042738888,-0.157391793,0.004503997,2.335217421,-3.373382625,1.447245565,-7.544363755,2.96401061,3.948097579,-15.70640245,5.37983839,10.39680766,3.652210122,2.052738473
Dominica,DMA,Americas,Caribbean,GDP per capita (constant 2015 US$),NY.GDP.PCAP.KD,7381.747285,7698.537015,8106.189519,8682.573782,8582.714814,8574.273087,8553.838467,8532.343881,8459.658699,8576.263676,8282.598747,8499.522919,7985.63411,8261.164926,8624.51696,7302.94455,7738.317301,8590.922091,8946.988226,9172.710496
Dominica,DMA,Americas,Caribbean,GDP (constant 2015 US$),NY.GDP.MKTP.KD,507377017.9,529705537.8,558086829.8,597829935.2,591040073,590415870.5,590668207.7,589738544.4,589765106.2,603537403.7,583177777.8,591617792.3,546983994,563196657.6,585432211.2,493481872,520030399.2,574096959.6,595064186.9,607279298.4
Dominica,DMA,Americas,Caribbean,Current account balance (% of GDP),BN.CAB.XOKA.GD.ZS,-16.09120023,-6.98675383,-17.20683396,-24.51827748,-19.67054536,-16.93293655,-13.34674217,-16.51881789,-17.08364045,-6.212792552,-6.567102202,-8.452753867,-10.20995293,-41.19639494,-36.19514866,-35.23518671,-33.06045057,-26.28079547,-33.91908434,-23.24344665
Dominica,DMA,Americas,Caribbean,Access to electricity (% of population),EG.ELC.ACCS.ZS,86,87,88.1,90.9,90.2,91.3,90.1,93.5,94.6,95.7,96.7,97.8,98.9,99.6,99.9,100,100,100,100,..
Dominica,DMA,Americas,Caribbean,External balance on goods and services (% of GDP),NE.RSB.GNFS.ZS,..,..,..,..,..,..,..,..,..,..,..,..,..,..,..,..,..,..,..,..
Dominica,DMA,Americas,Caribbean,GDP per capita (current US$),NY.GDP.PCAP.CD,5695.224424,6055.781096,6459.035037,6971.326338,7487.490104,7549.619647,7705.407172,7528.51002,7822.217972,8131.748761,8282.598747,8802.56172,8224.648966,9215.308541,9491.14996,7827.748427,8376.404141,9323.660895,9912.962128,10405.27878
Dominica,DMA,Americas,Caribbean,GDP per capita growth (annual %),NY.GDP.PCAP.KD.ZG,0.790489439,4.291527701,5.29519444,7.110421755,-1.150107905,-0.098357311,-0.238324807,-0.251285852,-0.851878257,1.378365033,-3.424159288,2.619035144,-6.046090042,3.450331076,4.398314737,-15.32343686,5.961605599,11.0179611,4.1446789,2.522885519
Dominica,DMA,Americas,Caribbean,GDP (current US$),NY.GDP.MKTP.CD,391455555.6,416674074.1,444685185.2,480003703.7,515618518.5,519859259.3,532081481.5,520355555.6,545325925.9,572255555.6,583177777.8,612711111.1,563355555.6,628244444.4,644259259.3,528944444.4,562911111.1,623062963,659311111.1,688881481.5
Dominican Republic,DOM,Americas,Caribbean,"Total reserves (includes gold, current US$)",FI.RES.TOTL.CD,1929853895,2275420935,3044764601,2694510025,3580178696,3874458747,4114429337,3558641726,4700626508,4861785572,5266043354,6134227407,6872905749,7717561574,8870942286,10844812012,13124643489,14522975012,15546714438,13471257813
Dominican Republic,DOM,Americas,Caribbean,Total reserves minus gold (current US$),FI.RES.XGLD.CD,1920468047,2263790168,3029510311,2678597079,3560281796,3848743719,4086418161,3528197182,4678588976,4839720596,5246649594,6113262020,6849184985,7694112506,8843077478,10810213184,13091343649,14489816964,15508981572,13423522737
Dominican Republic,DOM,Americas,Caribbean,GDP growth (annual %),NY.GDP.MKTP.KD.ZG,9.43178932,9.17120651,7.418405778,3.268086713,1.00345293,8.401145412,3.191962275,2.775671008,4.934733007,7.111226297,6.987711312,6.719740787,3.933861764,7.097516402,4.894030115,-7.929052342,14.01242891,5.237956529,2.192298482,4.951696872
Dominican Republic,DOM,Americas,Caribbean,GDP per capita (constant 2015 US$),NY.GDP.PCAP.KD,4549.24957,4904.717158,5204.785007,5308.92665,5294.649534,5666.456334,5773.574035,5860.298933,6075.034,6430.278111,6800.953094,7177.753765,7379.399781,7818.705932,8117.046392,7395.873426,8344.905103,8698.135921,8809.963354,9168.294747
Dominican Republic,DOM,Americas,Caribbean,GDP (constant 2015 US$),NY.GDP.MKTP.KD,41966981959,45815860540,49214666985,50823044978,51333030312,55645592833,57421779163,59015618840,61927882063,66331713897,70966782572,75735566406,78714898895,84301701755,88427452426,81415993438,92824351637,97686450824,99828029403,1.04771E+11
Dominican Republic,DOM,Americas,Caribbean,Current account balance (% of GDP),BN.CAB.XOKA.GD.ZS,-1.321806157,-3.398668888,-4.927277171,-9.398139473,-4.775444665,-7.478478114,-7.521709674,-6.556246316,-4.105000184,-3.238411888,-1.804083479,-1.078317274,-0.168331273,-1.554802243,-1.332531194,-1.69224228,-2.831080263,-5.771070138,-3.668054084,-3.353013118
Dominican Republic,DOM,Americas,Caribbean,Access to electricity (% of population),EG.ELC.ACCS.ZS,90.1,90.1,96.9,97.6,97.9,98.1,97.9,97.9,98.4,98.5,98.6,98.9,100,98.9,99,100,98.1,98.1,99.6,..
Dominican Republic,DOM,Americas,Caribbean,External balance on goods and services (% of GDP),NE.RSB.GNFS.ZS,-4.991282433,-7.316650097,-7.705215129,-13.53180283,-8.464572459,-10.50715918,-10.41533741,-8.973010874,-6.046130388,-4.846298766,-4.273454419,-3.342923047,-2.400031623,-4.34899167,-4.262317027,-7.138746864,-8.893423133,-10.32582443,-7.196980112,-6.247659599
Dominican Republic,DOM,Americas,Caribbean,GDP per capita (current US$),NY.GDP.PCAP.CD,3878.312067,4055.142703,4649.645589,5023.585134,4973.95187,5478.624704,5826.510141,6013.81965,6136.594293,6496.45167,6800.953094,7160.44201,7412.715716,7882.982216,8183.016236,7135.222733,8527.075486,10104.24493,10630.43174,10875.66184
Dominican Republic,DOM,Americas,Caribbean,GDP per capita growth (annual %),NY.GDP.PCAP.KD.ZG,8.006607143,7.813763189,6.11794398,2.000882707,-0.2689266,7.02231183,1.890382524,1.502100746,3.664234009,5.847606957,5.76452491,5.540409787,2.809319218,5.953142055,3.815726823,-8.884672217,12.83190804,4.232891968,1.285648258,4.067342605
Dominican Republic,DOM,Americas,Caribbean,GDP (current US$),NY.GDP.MKTP.CD,35777560684,37879830084,43965458509,48091433554,48223781477,53801053353,57948261616,60561635556,62555417415,67014329100,70966782572,75552902636,79070274743,84994732049,89146130745,78546672407,94850719517,1.13478E+11,1.20456E+11,1.24282E+11
Ecuador,ECU,Americas,South America,"Total reserves (includes gold, current US$)",FI.RES.TOTL.CD,2147944603,2026480314,3520672992,4472854631,3792122232,2622493356,2957999384,2486036144,4345840333,3941357098,2487276600,4215553160,2169697857,2158694032,2939049266,7136589071,7912190380,8459270682,4441563799,6907743955
Ecuador,ECU,Americas,South America,Total reserves minus gold (current US$),FI.RES.XGLD.CD,1714231667,1489487163,2816381599,3738153054,2873184732,1434845856,1664304384,1079956144,3328037833,3484140018,2085430600,3781142470,1678194707,1896101675,1865090985,5235586638,6082559726,6490900849,2698912578,4703151586
Ecuador,ECU,Americas,South America,GDP growth (annual %),NY.GDP.MKTP.KD.ZG,5.39862244,4.341131986,1.902428597,6.564920682,1.09101297,4.02913788,8.481476563,5.783212336,7.211236537,4.226065204,0.119692109,-0.687954246,5.97039881,1.044294607,0.165404465,-9.245096192,9.42189269,5.868423549,1.98823814,-2.001254763
Ecuador,ECU,Americas,South America,GDP per capita (constant 2015 US$),NY.GDP.PCAP.KD,4589.328492,4706.980568,4715.303598,4939.90215,4909.336817,5022.203744,5359.457246,5579.856243,5893.321727,6055.041728,5976.159681,5849.135879,6104.272535,6063.095618,5971.389384,5355.689342,5815.094774,6107.49495,6174.818228,5999.393911
Ecuador,ECU,Americas,South America,GDP (constant 2015 US$),NY.GDP.MKTP.KD,63544590361,66303144899,67564514888,72000071700,72785601820,75718234074,82140258351,86890603905,93156490881,97093344927,97209558000,96540800718,1.02305E+11,1.03373E+11,1.03544E+11,93971273314,1.02825E+11,1.08859E+11,1.11024E+11,1.08802E+11
Ecuador,ECU,Americas,South America,Current account balance (% of GDP),BN.CAB.XOKA.GD.ZS,1.176611205,3.808049654,3.784427382,2.894052887,0.520924337,-2.321726166,-0.506587088,-0.166909556,-0.966037832,-0.651047971,-2.284844086,0.921880823,-0.388391058,-1.533967822,-0.510054109,2.091400038,2.837168369,1.936971118,1.940402448,5.668991259
Ecuador,ECU,Americas,South America,Access to electricity (% of population),EG.ELC.ACCS.ZS,95.8,96.3,96.8,97.2,96.5,97.5,96.9,97.2,98,99,98.8,98.7,99.2,98.7,99.1,98.9,100,100,98.7,..
Ecuador,ECU,Americas,South America,External balance on goods and services (% of GDP),NE.RSB.GNFS.ZS,3.296146819,5.561014719,6.114280756,5.962305378,1.271911606,-0.805994554,2.191055126,2.659892544,1.317232681,1.283696766,-2.319068255,0.544090512,-0.646548535,-0.921607346,0.014419704,2.577813391,0.870675557,-0.030301433,0.13410561,3.354061804
Ecuador,ECU,Americas,South America,GDP per capita (current US$),NY.GDP.PCAP.CD,2909.02606,3243.670104,3478.924888,4194.757507,4053.363311,4520.30959,5153.691642,5634.083932,6109.290315,6405.799793,5976.159681,5917.637713,6233.322448,6303.918867,6205.057652,5463.645153,6061.323502,6515.585284,6737.847484,6874.70574
Ecuador,ECU,Americas,South America,GDP per capita growth (annual %),NY.GDP.PCAP.KD.ZG,3.591033747,2.563601111,0.176823126,4.763183263,-0.618743696,2.299025938,6.715249311,4.112337995,5.617805735,2.744123065,-1.30274985,-2.125508822,4.361954674,-0.67455896,-1.512531548,-10.31083392,8.577895442,5.02829597,1.102305913,-2.840963263
Ecuador,ECU,Americas,South America,GDP (current US$),NY.GDP.MKTP.CD,40278849000,45690762000,49848725000,61139438000,60094978000,68151329000,78986648000,87735048000,96570334000,1.02718E+11,97209558000,97671433000,1.04467E+11,1.07479E+11,1.07596E+11,95865473000,1.07179E+11,1.16133E+11,1.21147E+11,1.24676E+11
"Egypt, Arab Rep.",EGY,Africa,Northern Africa,"Total reserves (includes gold, current US$)",FI.RES.TOTL.CD,21856784929,26006845068,32214421786,34330505048,34896678266,37028506135,18637541110,15672467971,16536236826,14926998052,15858887326,23642691706,36400242556,41839242991,44568837112,38972812937,39824388217,32143926008,33070180836,44921341018
"Egypt, Arab Rep.",EGY,Africa,Northern Africa,Total reserves minus gold (current US$),FI.RES.XGLD.CD,20609055556,24461557537,30187705601,32216142798,32252965766,33611735635,14915680110,11627543555,13608097326,11995212052,13282027326,20858154706,33213917119,38609411065,40685367786,34094946984,35089750384,24823644493,24695657741,34277830660
"Egypt, Arab Rep.",EGY,Africa,Northern Africa,GDP growth (annual %),NY.GDP.MKTP.KD.ZG,4.471744472,6.843838194,7.087827427,7.156283566,4.6735998,5.147234858,1.764571949,2.226199799,2.185466054,2.91591188,4.372019078,4.346643456,4.181221,5.331108619,5.552093072,3.550164838,3.290646012,6.587845609,3.760280523,2.399169268
"Egypt, Arab Rep.",EGY,Africa,Northern Africa,GDP per capita (constant 2015 US$),NY.GDP.PCAP.KD,2635.703052,2761.624108,2902.065598,3052.212978,3135.096613,3233.845212,3222.376501,3220.991942,3216.37839,3235.662462,3306.981594,3381.222463,3452.909612,3568.639663,3701.244635,3770.869479,3837.319923,4029.782955,4111.311848,4137.609292
"Egypt, Arab Rep.",EGY,Africa,Northern Africa,GDP (constant 2015 US$),NY.GDP.MKTP.KD,2.13758E+11,2.28387E+11,2.44575E+11,2.62078E+11,2.74326E+11,2.88446E+11,2.93536E+11,3.00071E+11,3.06629E+11,3.1557E+11,3.29367E+11,3.43683E+11,3.58053E+11,3.77141E+11,3.98081E+11,4.12213E+11,4.25778E+11,4.53827E+11,4.70892E+11,4.8219E+11
"Egypt, Arab Rep.",EGY,Africa,Northern Africa,Current account balance (% of GDP),BN.CAB.XOKA.GD.ZS,2.345295599,2.453221629,0.315552632,-0.868821887,-1.77073911,-2.056683076,-2.323788126,-2.497880217,-1.225132498,-1.948491315,-5.235291379,-6.164659519,-3.196815668,-2.931644837,-3.207585432,-3.709039906,-4.382402998,-2.210090428,-3.173387601,-5.72048144
"Egypt, Arab Rep.",EGY,Africa,Northern Africa,Access to electricity (% of population),EG.ELC.ACCS.ZS,99.4,99,98.4,99.8,98.9,99.4,99.4,99.7,99.9,99.8,99.3,100,100,100,100,100,100,100,100,..
"Egypt, Arab Rep.",EGY,Africa,Northern Africa,External balance on goods and services (% of GDP),NE.RSB.GNFS.ZS,-2.265552461,-1.618908855,-4.578410311,-5.594639866,-6.639800422,-5.237858445,-4.120778937,-7.91783603,-6.337346807,-8.431924883,-8.478251974,-9.555621171,-12.80396072,-9.941708457,-7.835954253,-7.180704093,-8.73467305,-6.809053236,-2.238218091,-6.848267667
"Egypt, Arab Rep.",EGY,Africa,Northern Africa,GDP per capita (current US$),NY.GDP.PCAP.CD,1105.539207,1298.979002,1547.741707,1896.215943,2161.639646,2455.081946,2590.643849,2996.067707,3025.525636,3133.391023,3306.981594,3270.628777,2395.103333,2484.703156,2962.98892,3511.11381,3827.354154,4233.307837,3456.789685,3338.473714
"Egypt, Arab Rep.",EGY,Africa,Northern Africa,GDP per capita growth (annual %),NY.GDP.PCAP.KD.ZG,2.380324618,4.777512979,5.085467278,5.173810699,2.715525921,3.149778512,-0.354646268,-0.042967018,-0.143233881,0.599558564,2.20415858,2.244973756,2.120154772,3.351667532,3.715840886,1.881119759,1.762204843,5.01555865,2.023158424,0.639636335
"Egypt, Arab Rep.",EGY,Africa,Northern Africa,GDP (current US$),NY.GDP.MKTP.CD,89660339660,1.07426E+11,1.30438E+11,1.62818E+11,1.89147E+11,2.18984E+11,2.3599E+11,2.79117E+11,2.88434E+11,3.05595E+11,3.29367E+11,3.32442E+11,2.48363E+11,2.62589E+11,3.18679E+11,3.83818E+11,4.24672E+11,4.76748E+11,3.95926E+11,3.8906E+11
El Salvador,SLV,Americas,Central America,"Total reserves (includes gold, current US$)",FI.RES.TOTL.CD,1851759755,1970971557,2302871089,2644386459,3120881836,2881775239,2493022512,3176161720,2744899176,2693299223,2786587496,3238334349,3567268276,3568810598,4445830633,3082859548,3426052270,2694849267,3079168947,3704746691
El Salvador,SLV,Americas,Central America,Total reserves minus gold (current US$),FI.RES.XGLD.CD,1721406455,1822789887,2108523964,2441647734,2867385586,2568208189,2151456412,2804923320,2476175226,2430270623,2739835136,3187788700,3510079661,3512277016,4378651103,2999443127,3345767659,2614906508,2988196483,3589659290
El Salvador,SLV,Americas,Central America,GDP growth (annual %),NY.GDP.MKTP.KD.ZG,2.680830094,4.336998603,1.847602206,2.154402983,-2.108768376,2.154195367,3.773584998,2.887700102,2.182952325,1.729399842,2.400000089,2.539062411,2.247619081,2.412444224,2.437471591,-7.89310136,11.9047617,2.954615165,3.539156693,2.602020161
El Salvador,SLV,Americas,Central America,GDP per capita (constant 2015 US$),NY.GDP.PCAP.KD,3163.361184,3302.348174,3359.162302,3420.449274,3337.811509,3398.493461,3514.069144,3601.442229,3665.154733,3713.94992,3790.340891,3875.846914,3954.840143,4046.162917,4143.114371,3808.531954,4247.547504,4355.960839,4489.177877,4585.225998
El Salvador,SLV,Americas,Central America,GDP (constant 2015 US$),NY.GDP.MKTP.KD,18997812331,19821747187,20187974225,20622904544,20188015255,20622904544,21401127376,22019127753,22499794814,22888906230,23438240000,24033351542,24573529737,25166352436,25779775127,23744951346,26571731219,27356823620,28325024474,29062047321
El Salvador,SLV,Americas,Central America,Current account balance (% of GDP),BN.CAB.XOKA.GD.ZS,-4.229078786,-4.784782895,-7.151292489,-8.518259688,-1.77368033,-2.888216228,-5.481051994,-5.797215033,-6.904746892,-5.371386987,-3.215929355,-2.274032866,-1.859907336,-3.301793065,-0.421693579,1.110304297,-4.305530387,-6.726430514,-1.086522813,-1.788631123
El Salvador,SLV,Americas,Central America,Access to electricity (% of population),EG.ELC.ACCS.ZS,87.5,89.2,91.1,91,91.1,91.6,92.6,93.7,95,95.1,95.4,96,96.8,97,97.4,99.7,97.9,100,98.3,..
El Salvador,SLV,Americas,Central America,External balance on goods and services (% of GDP),NE.RSB.GNFS.ZS,-19.18267792,-21.57621084,-26.48698694,-27.1847996,-18.16878219,-19.64394902,-21.31308859,-20.50644927,-21.00140239,-18.99867528,-17.58792469,-15.90191237,-16.24512244,-17.76486933,-16.13019388,-17.40591039,-24.2820852,-23.83414308,-18.92048606,-19.1382374
El Salvador,SLV,Americas,Central America,GDP per capita (current US$),NY.GDP.PCAP.CD,2447.391408,2665.618072,2830.656938,2983.248296,2910.186518,3040.07301,3330.600495,3497.912569,3582.26694,3666.012489,3790.340891,3901.34015,4020.126714,4183.54621,4320.116715,3997.192796,4642.607431,5074.602102,5365.444914,5579.659692
El Salvador,SLV,Americas,Central America,GDP per capita growth (annual %),NY.GDP.PCAP.KD.ZG,2.665322592,4.393649087,1.720416076,1.824471867,-2.415991532,1.818016136,3.400791706,2.486379215,1.769083037,1.331326807,2.05686594,2.255892674,2.038089506,2.309139463,2.396133219,-8.075625886,11.52715941,2.552374867,3.058269878,2.139548111
El Salvador,SLV,Americas,Central America,GDP (current US$),NY.GDP.MKTP.CD,14698000000,15999890000,17011750000,17986890000,17601620000,18447920000,20283780000,21386150000,21990960000,22593470000,23438240000,24191430000,24979190000,26020850000,26881140000,24921190000,29043140000,31870120000,33853940000,35364960000
Equatorial Guinea,GNQ,Africa,Middle Africa,"Total reserves (includes gold, current US$)",FI.RES.TOTL.CD,2102494662,3066739319,3845916300,4431191816,3251937926,2346355216,3053840572,4396979377,4566537481,2906843391,1205154516,62307444.14,45502925.11,48929813.61,40816834.6,60833004.02,44271185.59,1457611930,1538461554,..
Equatorial Guinea,GNQ,Africa,Middle Africa,Total reserves minus gold (current US$),FI.RES.XGLD.CD,2102494662,3066739319,3845916300,4431191816,3251937926,2346355216,3053840572,4396979377,4566537481,2906843391,1205154516,62307444.14,45502925.11,48929813.61,40816834.6,60833004.02,44271185.59,1457611930,1538461554,..
Equatorial Guinea,GNQ,Africa,Middle Africa,GDP growth (annual %),NY.GDP.MKTP.KD.ZG,16.74870061,7.704917607,15.28211392,17.79910913,1.343356288,-8.924175889,6.52392363,8.312871844,-4.133198501,0.415066302,-9.110041149,-8.816417232,-5.667508505,-6.236544067,-5.481825379,-4.791080834,0.860269956,3.223508317,-5.089308721,0.907248246
Equatorial Guinea,GNQ,Africa,Middle Africa,GDP per capita (constant 2015 US$),NY.GDP.PCAP.KD,10212.45451,10521.99968,11594.91721,13048.07031,12627.86238,10984.32439,11203.90737,11650.71963,10731.64557,10363.48725,9068.910032,7971.834019,7259.109365,6578.900398,6018.120663,5575.262415,5487.924792,5524.243124,5118.219861,5041.940386
Equatorial Guinea,GNQ,Africa,Middle Africa,GDP (constant 2015 US$),NY.GDP.MKTP.KD,9674942387,10420388727,12012844403,14151023688,14341122354,13061295371,13913404306,15070007775,14447134440,14507099626,13185496881,12023008462,11341603435,10634279339,10051326715,9569759527,9652085293,9963221065,9456161987,9541952851
Equatorial Guinea,GNQ,Africa,Middle Africa,Current account balance (% of GDP),BN.CAB.XOKA.GD.ZS,..,..,..,..,..,..,..,..,..,..,..,..,..,..,..,..,..,..,..,..
Equatorial Guinea,GNQ,Africa,Middle Africa,Access to electricity (% of population),EG.ELC.ACCS.ZS,65,65.1,65.1,65.2,65.4,66.1,66.1,65.7,65.9,66,66.1,66.2,66.4,66.5,66.6,66.7,66.8,67,66.9,..
Equatorial Guinea,GNQ,Africa,Middle Africa,External balance on goods and services (% of GDP),NE.RSB.GNFS.ZS,43.81029445,46.11851852,43.15879809,49.76069376,26.47234276,26.8486414,35.81327868,27.13456118,28.4133484,27.54737853,14.43888848,10.22492917,15.29795218,15.58338783,7.382706671,3.763015056,13.2884535,24.12115427,11.76137087,9.787054047
Equatorial Guinea,GNQ,Africa,Middle Africa,GDP per capita (current US$),NY.GDP.PCAP.CD,8673.902609,10184.88412,12616.95329,18210.5553,13232.50194,13720.16587,17198.21367,17308.57239,16304.07132,15548.66247,9068.910032,7453.197979,7809.104657,8102.470848,6804.149231,5764.055029,6945.630698,7589.299649,6677.793435,6745.400132
Equatorial Guinea,GNQ,Africa,Middle Africa,GDP per capita growth (annual %),NY.GDP.PCAP.KD.ZG,10.90120344,3.031055582,10.19689757,12.53267335,-3.220460295,-13.01517184,1.999057628,3.988003868,-7.888560394,-3.430585953,-12.49171427,-12.0971099,-8.94053555,-9.370419052,-8.52391282,-7.358746574,-1.5665204,0.661786259,-7.349844197,-1.490351685
Equatorial Guinea,GNQ,Africa,Middle Africa,GDP (current US$),NY.GDP.MKTP.CD,8217369093,10086528699,13071718759,19749893536,15027795173,16314443436,21357343669,22388344144,21948834284,21765453082,13185496881,11240808848,12200913879,13097012134,11364133550,9893816008,12215878033,13687643436,12337550584,12765777677
Eritrea,ERI,Africa,Eastern Africa,"Total reserves (includes gold, current US$)",FI.RES.TOTL.CD,27944199.05,23576837.33,32407629.66,56020972.23,90010612.77,114149602.7,115328815.9,132764717.8,133338047.5,151753160.4,145070693.2,145371150.9,143412422.7,163033689.4,191694416.4,..,..,..,..,..
Eritrea,ERI,Africa,Eastern Africa,Total reserves minus gold (current US$),FI.RES.XGLD.CD,27944199.05,23576837.33,32407629.66,56020972.23,90010612.77,114149602.7,115328815.9,132764717.8,133338047.5,151753160.4,145070693.2,145371150.9,143412422.7,163033689.4,191694416.4,..,..,..,..,..
Eritrea,ERI,Africa,Eastern Africa,GDP growth (annual %),NY.GDP.MKTP.KD.ZG,2.574449551,-0.969217111,1.426822211,-9.783030018,3.876501528,2.194190349,8.679800101,..,..,..,..,..,..,..,..,..,..,..,..,..
Eritrea,ERI,Africa,Eastern Africa,GDP per capita (constant 2015 US$),NY.GDP.PCAP.KD,809.7947935,789.402432,789.0727017,693.3988742,702.4309365,703.8773744,751.3748998,..,..,..,..,..,..,..,..,..,..,..,..,..
Eritrea,ERI,Africa,Eastern Africa,GDP (constant 2015 US$),NY.GDP.MKTP.KD,2155038051,2134151054,2164601595,1952837971,2028539765,2073049789,2252986366,..,..,..,..,..,..,..,..,..,..,..,..,..
Eritrea,ERI,Africa,Eastern Africa,Current account balance (% of GDP),BN.CAB.XOKA.GD.ZS,..,..,..,..,..,..,..,..,..,..,..,..,..,..,..,..,..,..,..,..
Eritrea,ERI,Africa,Eastern Africa,Access to electricity (% of population),EG.ELC.ACCS.ZS,34.5,35.6,36.7,37.8,38.9,40.1,41.2,42.3,43.5,44.6,45.8,46.9,48,49.1,50.3,51.4,52.5,53.4,54.4,..
Eritrea,ERI,Africa,Eastern Africa,External balance on goods and services (% of GDP),NE.RSB.GNFS.ZS,-48.77460438,-31.46182727,-23.01585437,-21.70343675,-18.9148939,-24.71471226,-11.08411561,..,..,..,..,..,..,..,..,..,..,..,..,..
Eritrea,ERI,Africa,Eastern Africa,GDP per capita (current US$),NY.GDP.PCAP.CD,412.7530792,447.9974047,480.4476237,490.066956,642.9257229,539.6995121,688.6816596,..,..,..,..,..,..,..,..,..,..,..,..,..
Eritrea,ERI,Africa,Eastern Africa,GDP per capita growth (annual %),NY.GDP.PCAP.KD.ZG,0.148823405,-2.518213455,-0.041769605,-12.12484316,1.302578156,0.205918878,6.747982979,..,..,..,..,..,..,..,..,..,..,..,..,..
Eritrea,ERI,Africa,Eastern Africa,GDP (current US$),NY.GDP.MKTP.CD,1098424686,1211161880,1317974491,1380188800,1856695551,1589515447,2065001626,..,..,..,..,..,..,..,..,..,..,..,..,..
Estonia,EST,Europe,Northern Europe,"Total reserves (includes gold, current US$)",FI.RES.TOTL.CD,1947311947,2786325227,3269362367,3971834389,3980641013,2567138087,207115695.5,300659803.2,314406126.7,436832954.5,414798362.4,352140743.4,345036507.9,755005588.3,1426439025,1996892749,2371477145,2216592399,2593038274,2074707140
Estonia,EST,Europe,Northern Europe,Total reserves minus gold (current US$),FI.RES.XGLD.CD,1943207947,2781239627,3262692367,3964876389,3971941013,2555894087,194867695.5,287347803.2,304770126.7,427184954.5,406318362.4,342973543.4,334664507.9,744752388.3,1414255025,1981763949,2356916345,2202093599,2576539074,2053834340
Estonia,EST,Europe,Northern Europe,GDP growth (annual %),NY.GDP.MKTP.KD.ZG,9.523053865,9.762571312,7.570918793,-5.125311543,-14.63022254,2.449750206,7.606974589,3.672018725,1.756493796,3.322789882,1.838152629,3.093019208,5.63467249,3.699697562,3.726649435,-2.883807515,7.154446763,0.060430517,-3.023038745,-0.26100621
Estonia,EST,Europe,Northern Europe,GDP per capita (constant 2015 US$),NY.GDP.PCAP.KD,14703.61797,16234.5152,17543.46618,16688.99777,14274.85111,14657.93981,15820.92234,16460.68435,16809.53267,17413.68676,17722.15577,18264.98733,19270.81412,19914.34549,20579.87567,19946.9457,21351.39548,21080.65314,20123.4227,20046.02988
Estonia,EST,Europe,Northern Europe,GDP (constant 2015 US$),NY.GDP.MKTP.KD,19920094036,21864807422,23520174236,22314692031,19050002927,19516680413,21001309333,21772481344,22154913628,22891074857,23311847751,24032887680,25387062190,26326306711,27307395871,26519903137,28417255488,28434428183,27574844402,27502872345
Estonia,EST,Europe,Northern Europe,Current account balance (% of GDP),BN.CAB.XOKA.GD.ZS,-8.633050038,-14.9718681,-14.80203142,-8.858510785,2.677519063,1.743660495,1.305487645,-1.858072591,-0.13314304,0.518408484,1.463273609,0.996247381,1.699709782,0.563761631,2.009059441,-2.73062427,-3.72846856,-3.897998547,-1.750173546,-1.351451437
Estonia,EST,Europe,Northern Europe,Access to electricity (% of population),EG.ELC.ACCS.ZS,100,100,100,100,100,100,100,100,100,100,100,100,100,100,100,100,100,100,100,..
Estonia,EST,Europe,Northern Europe,External balance on goods and services (% of GDP),NE.RSB.GNFS.ZS,-5.067806085,-10.10802832,-8.790011415,-3.904338681,4.963763773,6.420119543,5.79316261,1.64011297,2.306589113,3.225525617,3.561763343,3.207491618,3.975465822,2.31576545,3.686160711,-1.083534472,-1.30229805,-1.236320859,0.856161384,0.564129586
Estonia,EST,Europe,Northern Europe,GDP per capita (current US$),NY.GDP.PCAP.CD,10414.63812,12641.4801,16745.4308,18205.90641,14712.44942,14663.7041,17555.54552,17568.2138,19310.38749,20581.7899,17722.15577,18666.37365,20851.52235,23618.13613,24021.25014,23933.99394,27953.76702,28451.14778,30133.30445,31170.09151
Estonia,EST,Europe,Northern Europe,GDP per capita growth (annual %),NY.GDP.PCAP.KD.ZG,10.15160233,10.41170436,8.062766014,-4.870579153,-14.46549815,2.683661651,7.93414725,4.04377186,2.119282,3.594115908,1.77141702,3.063010903,5.506857314,3.339409364,3.341963617,-3.075480078,7.040926485,-1.268031117,-4.540800666,-0.384590772
Estonia,EST,Europe,Northern Europe,GDP (current US$),NY.GDP.MKTP.CD,14109491357,17025671810,22450264166,24342935404,19633984440,19524355419,23303915795,23237406116,25451032781,27055689003,23311847751,24561027788,27469461919,31222632741,31873748770,31820771494,37204563051,38376046175,41291245222,42764929169
Eswatini,SWZ,Africa,Southern Africa,"Total reserves (includes gold, current US$)",FI.RES.TOTL.CD,243897157.3,372529356.2,774192962.8,751935734.7,958869319.5,756344144.8,600507428.8,740960093.3,762540937.8,690755431.1,547997264.1,564314115.6,563119751.3,440685903,440314152.6,545564174.1,572281510.9,452351748.2,479261051.2,..
Eswatini,SWZ,Africa,Southern Africa,Total reserves minus gold (current US$),FI.RES.XGLD.CD,243897157.3,372529356.2,774192962.8,751935734.7,958869319.5,756344144.8,600507428.8,740960093.3,762540937.8,690755431.1,547997264.1,564314115.6,563119751.3,440685903,440314152.6,545564174.1,572281510.9,452351748.2,479261051.2,..
Eswatini,SWZ,Africa,Southern Africa,GDP growth (annual %),NY.GDP.MKTP.KD.ZG,5.998776474,5.992166937,4.435375509,0.821663935,1.565048841,3.793755077,2.247229618,5.39663077,3.861213805,1.435897493,2.046930151,4.675845837,1.456792976,0.256586002,6.083176451,-2.862882137,3.434968912,1.119590668,3.444478312,2.640704616
Eswatini,SWZ,Africa,Southern Africa,GDP per capita (constant 2015 US$),NY.GDP.PCAP.KD,2657.985449,2803.191343,2910.697,2914.874299,2941.575758,3035.32778,3086.372155,3235.478908,3342.186958,3371.354273,3420.753571,3559.850991,3584.618026,3560.814491,3742.384159,3596.064161,3676.849023,3680.423268,3771.338198,3832.568342
Eswatini,SWZ,Africa,Southern Africa,GDP (constant 2015 US$),NY.GDP.MKTP.KD,2868024775,3039881607,3174711772,3200797233,3250891273,3374222126,3450048645,3636235032,3776637841,3830866489,3909281650,4092073634,4151686675,4162339322,4415541767,4289130011,4436460293,4486130489,4640654280,4763200252
Eswatini,SWZ,Africa,Southern Africa,Current account balance (% of GDP),BN.CAB.XOKA.GD.ZS,-3.229783306,-5.974014874,-1.889168446,-7.019736862,-11.57161233,-8.748142493,-5.844202893,4.910185845,10.90813415,11.94783796,13.64250568,7.986224147,6.111521824,1.307549447,3.815125465,6.575270231,2.618582888,-2.973364163,2.335587231,..
Eswatini,SWZ,Africa,Southern Africa,Access to electricity (% of population),EG.ELC.ACCS.ZS,34.2,35.2,39.8,42.6,38.6,45.6,51.2,54.3,57.5,65,64.1,63.4,73.5,74,77,80,82.9,82.3,86.4,..
Eswatini,SWZ,Africa,Southern Africa,External balance on goods and services (% of GDP),NE.RSB.GNFS.ZS,..,..,..,..,..,..,..,..,-1.588827846,-0.978463148,1.455061499,1.21476193,-0.567412652,-3.747774486,2.882188426,3.203258371,-0.709399485,-3.584950864,-2.732630197,..
Eswatini,SWZ,Africa,Southern Africa,GDP per capita (current US$),NY.GDP.PCAP.CD,2945.363949,3035.061561,3180.861215,2999.828169,3239.757801,3992.951996,4312.342434,4347.995693,3951.120081,3771.907965,3420.753571,3239.807075,3853.991479,3973.463449,3913.12644,3454.784217,3966.298633,3889.65277,3741.690107,3936.109692
Eswatini,SWZ,Africa,Southern Africa,GDP per capita growth (annual %),NY.GDP.PCAP.KD.ZG,5.422818962,5.463005611,3.835116622,0.143515394,0.916041532,3.187136064,1.68167589,4.8311333,3.298060452,0.87270147,1.465265694,4.066280074,0.695732345,-0.664046641,5.09910496,-3.909807004,2.246479994,0.097209459,2.470230272,1.623565462
Eswatini,SWZ,Africa,Southern Africa,GDP (current US$),NY.GDP.MKTP.CD,3178112499,3291330019,3469381231,3294084314,3580428053,4438765086,4820478680,4886551484,4464726181,4286015248,3909281650,3724180911,4463673661,4644696656,4616996145,4120621325,4785708166,4741163885,4604172127,4891883720
Ethiopia,ETH,Africa,Eastern Africa,"Total reserves (includes gold, current US$)",FI.RES.TOTL.CD,1042595212,867438393.6,1289865496,870502510.2,1780874214,2241164556,2837310958,2301655548,2363513607,3525244981,3835287576,3030943951,3045571315,3987464166,2992704275,3046114359,1644005887,1191712941,2028214255,3784387425
Ethiopia,ETH,Africa,Eastern Africa,Total reserves minus gold (current US$),FI.RES.XGLD.CD,1042595212,867438393.6,1289865496,870502510.2,1780874214,2241164556,2837310958,2301655548,2363513607,3525244981,3826807166,3021776307,3035198813,3977210470,2980519685,3046114359,1644005887,1191712941,2028214255,3784387425
Ethiopia,ETH,Africa,Eastern Africa,GDP growth (annual %),NY.GDP.MKTP.KD.ZG,11.81876595,10.83472707,11.456167,10.78852169,8.802553198,12.55053835,11.17829623,8.647811633,10.58227005,10.25749296,10.39246302,9.433482658,9.564189658,6.816147786,8.364085733,6.059530891,5.641530693,5.321759884,6.594245994,7.316691128
Ethiopia,ETH,Africa,Eastern Africa,GDP per capita (constant 2015 US$),NY.GDP.PCAP.KD,302.4750227,325.5433921,352.3607031,379.2383104,401.0687299,438.7866165,474.1590343,500.9193553,539.0724518,578.6329229,621.8456738,662.3272959,706.1642274,734.2277266,774.5121697,799.4755953,822.3058811,843.6480053,876.1685289,916.2941368
Ethiopia,ETH,Africa,Eastern Africa,GDP (constant 2015 US$),NY.GDP.MKTP.KD,23704202269,26272487888,29282307976,32441436122,35297110795,39727088220,44167899824,47987456603,53065618850,58508820968,64589328551,70682351658,77442545825,82721144198,89640011618,95071775812,1.00435E+11,1.0578E+11,1.12756E+11,1.21006E+11
Ethiopia,ETH,Africa,Eastern Africa,Current account balance (% of GDP),BN.CAB.XOKA.GD.ZS,-12.64198426,-11.68716056,-4.201445981,-6.671395577,-6.753483621,-2.122260872,-3.303679641,-7.106748681,-6.366263992,-10.37817212,-11.71490206,-10.64041621,-7.250291588,-5.472099854,-5.239283162,-2.525414319,-4.051044247,-4.070591666,..,..
Ethiopia,ETH,Africa,Eastern Africa,Access to electricity (% of population),EG.ELC.ACCS.ZS,14,18.6,20.3,22,23.7,25.5,23,29,30.8,27.2,29,42.9,44.3,44.8,48,51.1,54.2,55.4,55.4,..
Ethiopia,ETH,Africa,Eastern Africa,External balance on goods and services (% of GDP),NE.RSB.GNFS.ZS,..,..,..,..,..,..,-14.85922901,-17.86330779,-16.50363996,-17.45784433,-20.92949695,-19.27489592,-15.84490006,-14.45401267,-12.93536388,-9.751714547,-9.081639083,-10.10757894,-7.406364927,-6.205682656
Ethiopia,ETH,Africa,Eastern Africa,GDP per capita (current US$),NY.GDP.PCAP.CD,158.2434581,189.3457375,237.146256,316.4104751,368.5747123,330.6194128,343.0249424,452.1010319,484.0398331,549.9865771,621.8456738,696.1960848,745.6324339,747.9680037,828.7090805,905.3131593,910.9478871,1011.073324,..,..
Ethiopia,ETH,Africa,Eastern Africa,GDP per capita growth (annual %),NY.GDP.PCAP.KD.ZG,8.550898627,7.626536948,8.237707078,7.627867427,5.756385597,9.404344878,8.061416761,5.643743768,7.616614545,7.338618592,7.468076766,6.509914561,6.6186207,3.974075459,5.48664148,3.223115995,2.855657631,2.595399676,3.854750252,4.579667789
Ethiopia,ETH,Africa,Eastern Africa,GDP (current US$),NY.GDP.MKTP.CD,12401139454,15280861835,19707616773,27066912635,32437389116,29933790334,31952763089,43310721414,47648276605,55612228234,64589328551,74296766562,81770885148,84269180857,95912620248,1.07658E+11,1.11262E+11,1.26773E+11,..,..
Faroe Islands,FRO,Europe,Northern Europe,"Total reserves (includes gold, current US$)",FI.RES.TOTL.CD,..,..,..,..,..,..,..,..,..,..,..,..,..,..,..,..,..,..,..,..
Faroe Islands,FRO,Europe,Northern Europe,Total reserves minus gold (current US$),FI.RES.XGLD.CD,..,..,..,..,..,..,..,..,..,..,..,..,..,..,..,..,..,..,..,..
Faroe Islands,FRO,Europe,Northern Europe,GDP growth (annual %),NY.GDP.MKTP.KD.ZG,..,..,..,..,-4.553298241,-0.379817991,3.566363179,7.081483445,5.856143897,5.432142068,0.958001934,1.386447959,3.512013675,2.763709523,4.538510287,-1.63732118,5.504380173,3.556023804,2.489058117,..
Faroe Islands,FRO,Europe,Northern Europe,GDP per capita (constant 2015 US$),NY.GDP.PCAP.KD,..,..,..,44623.03159,42378.21653,42333.52157,43946.25174,47303.86559,50120.75309,52644.7899,52635.03755,52757.39604,53831.0295,54433.59315,56028.41735,54299.59342,56495.29919,57829.49056,58711.47487,..
Faroe Islands,FRO,Europe,Northern Europe,GDP (constant 2015 US$),NY.GDP.MKTP.KD,..,..,..,2166314314,2067675563,2059822159,2133282898,2284350973,2418125854,2549481885,2573905971,2609591838,2701241060,2775895516,2901879820,2854366727,3011481923,3118570937,3196193980,..
Faroe Islands,FRO,Europe,Northern Europe,Current account balance (% of GDP),BN.CAB.XOKA.GD.ZS,1.771914051,1.052716526,-3.444594915,-1.228130963,-1.072944496,6.18734358,7.754369926,..,..,..,..,..,..,..,..,..,..,..,..,..
Faroe Islands,FRO,Europe,Northern Europe,Access to electricity (% of population),EG.ELC.ACCS.ZS,100,100,100,100,100,100,100,100,100,100,100,100,100,100,100,100,100,100,100,..
Faroe Islands,FRO,Europe,Northern Europe,External balance on goods and services (% of GDP),NE.RSB.GNFS.ZS,-16.87103193,-13.7956612,-15.24633037,-11.54667276,-9.543501044,-3.737170395,-0.977506207,-12.03954621,-3.176357679,0.686037127,0.822313334,4.519964939,5.491182599,-1.238154836,2.916645628,-1.368391054,0.476990317,-0.116092478,1.099913448,..
Faroe Islands,FRO,Europe,Northern Europe,GDP per capita (current US$),NY.GDP.PCAP.CD,36389.08164,41743.68128,48348.73937,51287.89111,47059.19473,47923.15154,51618.99078,50261.96163,55758.20837,60172.06325,52635.03755,56875.28038,59387.35309,62526.49085,63067.06957,62240.82241,68749.40056,66139.38097,71774.35224,..
Faroe Islands,FRO,Europe,Northern Europe,GDP per capita growth (annual %),NY.GDP.PCAP.KD.ZG,..,..,..,..,-5.03061978,-0.105466831,3.80958188,7.640273568,5.95487802,5.035911585,-0.018524822,0.232465867,2.035038749,1.119361202,2.929852887,-3.085619797,4.043687319,2.361597138,1.525146256,..
Faroe Islands,FRO,Europe,Northern Europe,GDP (current US$),NY.GDP.MKTP.CD,1759739599,2017680835,2339015313,2489873250,2296065170,2331796784,2505740669,2427200389,2690110521,2914012679,2573905971,2813278869,2980057378,3188600927,3266432734,3271813312,3664686797,3566698398,3907323961,..
Fiji,FJI,Oceania,Melanesia,"Total reserves (includes gold, current US$)",FI.RES.TOTL.CD,321301682,313300289,528272571.1,322181205,570005077.9,720523356.8,833453464.2,918737740.2,941999998.3,916228000.7,918959350.4,908823039.8,1116363704,947653331.9,1043304264,1081812965,1517816546,1556777406,1548302838,1599606710
Fiji,FJI,Oceania,Melanesia,Total reserves minus gold (current US$),FI.RES.XGLD.CD,320891282,312791729,527605571.1,321485405,569135077.9,719398956.8,832228664.2,917406540.2,941036398.3,915022000.7,917899350.4,907677139.8,1115067204,946371681.9,1041781264,1079921865,1515996446,1554965056,1546240438,1596997610
Fiji,FJI,Oceania,Melanesia,GDP growth (annual %),NY.GDP.MKTP.KD.ZG,0.700000402,1.852483872,-0.85065431,1.03279422,-1.386037708,2.954672422,2.705143029,1.411314382,4.73421949,5.603514406,4.50120041,2.445651797,5.35336456,3.812351222,-0.581946709,-17.03866737,-4.881036196,19.79272669,7.524291351,3.828998887
Fiji,FJI,Oceania,Melanesia,GDP per capita (constant 2015 US$),NY.GDP.PCAP.KD,4255.450974,4295.406797,4223.448006,4240.772657,4164.293148,4272.359151,4375.580854,4427.978445,4630.351265,4883.243004,5097.531069,5218.858234,5500.678402,5720.214472,5701.104353,4729.381311,4489.960608,5362.786808,5736.828864,5926.741071
Fiji,FJI,Oceania,Melanesia,GDP (constant 2015 US$),NY.GDP.MKTP.KD,3754920575,3824479873,3791946770,3831109777,3778009151,3889636946,3994857188,4051237183,4243031643,4480790532,4682479894,4796997048,5053797788,5246466309,5215934671,4327208912,4115996279,4930664173,5301661711,5504662279
Fiji,FJI,Oceania,Melanesia,Current account balance (% of GDP),BN.CAB.XOKA.GD.ZS,-6.895845426,-16.44889399,-11.45457523,-14.93823633,-4.319249673,-4.759196875,-5.161191927,-1.434044291,-9.711780735,-5.777812406,-3.47299249,-3.606969361,-6.639070882,-8.447298453,-12.82226849,-13.8552603,-15.94824417,-17.41955373,..,..
Fiji,FJI,Oceania,Melanesia,Access to electricity (% of population),EG.ELC.ACCS.ZS,81.6,82.6,88.9,86.2,85.6,92.4,92.5,92.6,91.8,93,93.2,93.4,96,95.1,96.1,97.1,92.1,92,99.3,..
Fiji,FJI,Oceania,Melanesia,External balance on goods and services (% of GDP),NE.RSB.GNFS.ZS,-9.60515873,-17.88497287,-13.18541939,-16.74829054,-9.996293961,-6.359099283,-5.914939677,-3.063504292,-12.60153009,-6.143754875,-3.515537796,-3.88000781,-4.990532448,-7.7378284,-10.48965984,-16.68442896,-27.21855206,-21.15832888,-12.24634625,..
Fiji,FJI,Oceania,Melanesia,GDP per capita (current US$),NY.GDP.PCAP.CD,3377.69127,3455.105999,3762.746928,3899.922315,3164.132754,3449.144529,4139.602886,4341.403387,4572.443775,5293.356767,5097.531069,5363.790267,5826.848145,6085.419795,5950.828669,4844.421272,4696.171039,5405.030062,5888.736673,6288.398673
Fiji,FJI,Oceania,Melanesia,GDP per capita growth (annual %),NY.GDP.PCAP.KD.ZG,-0.214469574,0.93893276,-1.67524974,0.410201584,-1.803433361,2.595062332,2.416035255,1.19750022,4.570320823,5.461610241,4.388232658,2.380116253,5.400034926,3.991072632,-0.334080464,-17.04447036,-5.062410641,19.43950686,6.974770196,3.310403901
Fiji,FJI,Oceania,Melanesia,GDP (current US$),NY.GDP.MKTP.CD,2980403845,3076305453,3378314600,3523185920,2870624636,3140166713,3779411899,3972028104,4189967999,4857104769,4682479894,4930213644,5353469174,5581425327,5444407198,4432466220,4305031650,4969503549,5442046553,5840564073
Finland,FIN,Europe,Northern Europe,"Total reserves (includes gold, current US$)",FI.RES.TOTL.CD,11331633301,7498639358,8380474053,8353577867,11428834792,9547427725,10276057418,11082344912,11272356806,10679250780,10016275637,10465361380,10506846392,10309164187,11426621293,13479975777,16744106303,16036363939,16928837297,17992736653
Finland,FIN,Europe,Northern Europe,Total reserves minus gold (current US$),FI.RES.XGLD.CD,10521093301,6494233358,7063149053,6979372867,9710584792,7326737725,7857077418,8453224912,9369246806,8773770780,8341475637,8654839380,8458376392,8284157187,9020281293,10492037777,13875628703,13180100339,13678494897,14321732953
Finland,FIN,Europe,Northern Europe,GDP growth (annual %),NY.GDP.MKTP.KD.ZG,2.777309185,4.019573265,5.312801767,0.784431236,-8.076031166,3.168287912,2.390394554,-1.52284013,-0.979741025,-0.478068425,0.466503766,2.571934149,3.303370036,1.192977597,1.349738457,-2.491036055,2.676346415,0.763041913,-0.946904863,-0.154214821
Finland,FIN,Europe,Northern Europe,GDP per capita (constant 2015 US$),NY.GDP.PCAP.KD,42529.35069,44069.39588,46213.6899,46359.87328,42412.51335,43556.53858,44391.45357,43507.93454,42883.6385,42502.48802,42560.34568,43529.67616,44862.2204,45337.24096,45898.57084,44690.98011,45792.04542,46016.14921,45353.45305,44855.33046
Finland,FIN,Europe,Northern Europe,GDP (constant 2015 US$),NY.GDP.MKTP.KD,2.23113E+11,2.32081E+11,2.44411E+11,2.46329E+11,2.26435E+11,2.33609E+11,2.39193E+11,2.35551E+11,2.33243E+11,2.32128E+11,2.33211E+11,2.39209E+11,2.47111E+11,2.50059E+11,2.53434E+11,2.47121E+11,2.53735E+11,2.55671E+11,2.5325E+11,2.52859E+11
Finland,FIN,Europe,Northern Europe,Current account balance (% of GDP),BN.CAB.XOKA.GD.ZS,3.79909505,3.943075779,4.080246532,2.467054841,2.100308392,1.392741087,-1.55989642,-2.254074291,-1.875861118,-1.403069588,-0.912485504,-1.982138961,-0.613710516,-1.638112719,-0.154995291,0.529983304,0.326640932,-2.506926505,-0.828622511,-0.030231308
Finland,FIN,Europe,Northern Europe,Access to electricity (% of population),EG.ELC.ACCS.ZS,100,100,100,100,100,100,100,100,100,100,100,100,100,100,100,100,100,100,100,..
Finland,FIN,Europe,Northern Europe,External balance on goods and services (% of GDP),NE.RSB.GNFS.ZS,3.968032259,4.165774813,4.794743904,3.615902972,2.038682697,1.364890219,-0.78115909,-1.560550559,-0.984781102,-1.015763523,-0.398683109,-1.055549632,0.393847961,-0.84517367,0.672485934,0.244091257,0.054268302,-1.992973491,0.315270069,0.64473043
Finland,FIN,Europe,Northern Europe,GDP per capita (current US$),NY.GDP.PCAP.CD,39049.87038,41214.01878,48473.02401,53769.47262,47478.34953,46506.2919,51060.32426,47551.67408,49691.01452,50073.77608,42560.34568,43451.25624,46085.01747,49654.2497,48358.18078,48828.68469,53099.13514,50440.56022,52821.51143,53188.61862
Finland,FIN,Europe,Northern Europe,GDP per capita growth (annual %),NY.GDP.PCAP.KD.ZG,2.42615654,3.621134972,4.865721372,0.316320526,-8.514604664,2.697376651,1.916853383,-1.99029083,-1.434901576,-0.888801632,0.136127694,2.277543731,3.061231693,1.058843157,1.238120975,-2.630998553,2.4637305,0.489394589,-1.440138245,-1.098312364
Finland,FIN,Europe,Northern Europe,GDP (current US$),NY.GDP.MKTP.CD,2.04859E+11,2.17044E+11,2.5636E+11,2.85699E+11,2.53481E+11,2.4943E+11,2.75127E+11,2.57443E+11,2.70268E+11,2.73479E+11,2.33211E+11,2.38778E+11,2.53846E+11,2.73869E+11,2.67015E+11,2.7E+11,2.94223E+11,2.80253E+11,2.94951E+11,2.99836E+11
France,FRA,Europe,Western Europe,"Total reserves (includes gold, current US$)",FI.RES.TOTL.CD,74359915676,98239163383,1.15487E+11,1.03306E+11,1.31786E+11,1.65852E+11,1.6849E+11,1.84522E+11,1.45161E+11,1.43977E+11,1.38199E+11,1.45866E+11,1.56322E+11,1.66483E+11,1.89006E+11,2.24236E+11,2.4428E+11,2.42416E+11,2.40792E+11,2.82857E+11
France,FRA,Europe,Western Europe,Total reserves minus gold (current US$),FI.RES.XGLD.CD,27752841215,42651647647,45709707997,33617482930,46633492571,55800028355,48611455551,54230620612,50848754565,49547304333,55192504338,56124910270,54780551109,66103290547,69725075295,76114119268,1.01703E+11,1.00429E+11,79200905384,78428799614
France,FRA,Europe,Western Europe,GDP growth (annual %),NY.GDP.MKTP.KD.ZG,1.888565841,2.714064488,2.530481884,0.380171436,-2.824551537,2.00032476,2.437576537,0.183835265,0.781756446,0.997832947,1.066754748,0.860031075,2.08361486,1.645908724,2.027446464,-7.440645899,6.882337834,2.570840476,0.936487519,1.166138515
France,FRA,Europe,Western Europe,GDP per capita (constant 2015 US$),NY.GDP.PCAP.KD,34946.03725,35645.41624,36322.16851,36257.36589,35052.85108,35578.1968,36269.95615,36161.29183,36256.08668,36444.39491,36702.43237,36920.53428,37580.59793,38062.4436,38705.20729,35709.20459,38030.85717,38881.22306,39117.4845,39441.26105
France,FRA,Europe,Western Europe,GDP (constant 2015 US$),NY.GDP.MKTP.KD,2.20792E+12,2.26784E+12,2.32523E+12,2.33407E+12,2.26815E+12,2.31352E+12,2.36991E+12,2.37427E+12,2.39283E+12,2.4167E+12,2.44248E+12,2.46349E+12,2.51482E+12,2.55621E+12,2.60804E+12,2.41398E+12,2.58012E+12,2.64645E+12,2.67123E+12,2.70239E+12
France,FRA,Europe,Western Europe,Current account balance (% of GDP),BN.CAB.XOKA.GD.ZS,-0.006509192,0.022189659,-0.32827995,-0.962244945,-0.818480148,-0.832545469,-1.028027979,-1.225308078,-0.597990457,-0.962733699,-0.334528437,-0.538632352,-0.474615185,-0.735670615,0.587362765,-2.003136137,0.244238512,-1.431572999,-1.044527321,0.085083933
France,FRA,Europe,Western Europe,Access to electricity (% of population),EG.ELC.ACCS.ZS,100,100,100,100,100,100,100,100,100,100,100,100,100,100,100,100,100,100,100,..
France,FRA,Europe,Western Europe,External balance on goods and services (% of GDP),NE.RSB.GNFS.ZS,0.504276927,-0.013580562,-0.435492193,-0.781673485,-0.43721584,-0.934579065,-1.527940809,-0.947599772,-0.636663188,-0.715641135,-0.117697743,-0.346336298,-0.772180066,-0.966296997,-0.649858392,-1.724445086,-1.212382764,-2.78280583,-1.999493632,-0.734802262
France,FRA,Europe,Western Europe,GDP per capita (current US$),NY.GDP.PCAP.CD,34696.37183,36431.56589,41486.19078,45464.81814,41728.08842,40694.82117,43929.78409,40863.58144,42669.17951,43148.04593,36702.43237,37024.21571,38687.16264,41418.17665,40408.28486,39169.8606,43725.09995,41082.81193,44690.93454,46150.48769
France,FRA,Europe,Western Europe,GDP per capita growth (annual %),NY.GDP.PCAP.KD.ZG,1.125353714,2.001311302,1.898567453,-0.178410661,-3.322124446,1.498724662,1.944335054,-0.299598729,0.26214455,0.519383765,0.70803059,0.594243752,1.787795494,1.282166037,1.688708441,-7.740567513,6.501552198,2.235989289,0.607649203,0.827702874
France,FRA,Europe,Western Europe,GDP (current US$),NY.GDP.MKTP.CD,2.19215E+12,2.31786E+12,2.65582E+12,2.9268E+12,2.70008E+12,2.64623E+12,2.87041E+12,2.68301E+12,2.81608E+12,2.86124E+12,2.44248E+12,2.47041E+12,2.58887E+12,2.78158E+12,2.72279E+12,2.64793E+12,2.96643E+12,2.7963E+12,3.05183E+12,3.16208E+12
French Polynesia,PYF,Oceania,Polynesia,"Total reserves (includes gold, current US$)",FI.RES.TOTL.CD,..,..,..,..,..,..,..,..,..,..,..,..,..,..,..,..,..,..,..,..
French Polynesia,PYF,Oceania,Polynesia,Total reserves minus gold (current US$),FI.RES.XGLD.CD,..,..,..,..,..,..,..,..,..,..,..,..,..,..,..,..,..,..,..,..
French Polynesia,PYF,Oceania,Polynesia,GDP growth (annual %),NY.GDP.MKTP.KD.ZG,0.309973476,0.889584118,1.704975638,0.006767551,-4.231391831,-2.46606419,-2.961957454,-0.927537713,0.398801414,0.593554453,1.803340815,2.302198237,4.292633631,1.871231911,2.700012067,-7.050944221,2.094529907,4.4663797,2.996927078,..
French Polynesia,PYF,Oceania,Polynesia,GDP per capita (constant 2015 US$),NY.GDP.PCAP.KD,21661.42447,21545.59971,21648.53224,21493.41783,20499.7723,19913.02527,19241.6438,18968.44222,18930.12689,18928.18586,19166.95948,19516.07184,20287.76858,20687.48996,21305.52116,19790.86863,20163.2925,21019.83748,21592.79694,..
French Polynesia,PYF,Oceania,Polynesia,GDP (constant 2015 US$),NY.GDP.MKTP.KD,5621291279,5671297393,5767991632,5768381984,5524299140,5388066377,5228474144,5179978074,5200635900,5231504506,5325846362,5448457903,5682340239,5788670003,5944964792,5525788640,5641527936,5893499994,6070123891,..
French Polynesia,PYF,Oceania,Polynesia,Current account balance (% of GDP),BN.CAB.XOKA.GD.ZS,0.153096372,2.718563204,4.092278404,-6.035790733,-2.596382428,-0.294406119,2.826633637,1.37240718,3.27354525,4.296497389,5.467328805,7.494274614,..,..,..,..,..,..,..,..
French Polynesia,PYF,Oceania,Polynesia,Access to electricity (% of population),EG.ELC.ACCS.ZS,100,100,100,100,100,100,100,100,100,100,100,100,100,100,100,100,100,100,100,..
French Polynesia,PYF,Oceania,Polynesia,External balance on goods and services (% of GDP),NE.RSB.GNFS.ZS,-17.95523572,-16.10473952,-16.69584946,-20.17445847,-18.25020813,-21.28762478,-19.76757085,-19.32558557,-19.02978259,-16.82268698,-16.40293849,-14.39122673,-15.46377364,-23.05632535,-22.12139434,-26.83372649,-25.43200565,-25.03732107,-22.56297888,..
French Polynesia,PYF,Oceania,Polynesia,GDP per capita (current US$),NY.GDP.PCAP.CD,21984.19362,22330.86767,24888.17813,26592.02628,24434.21976,22494.80671,22831.51853,20846.54575,21955.63293,22258.63214,19166.95948,19690.07757,20826.93125,21925.61604,21582.5892,19966.48385,21982.90389,20738.65,22774.1419,..
French Polynesia,PYF,Oceania,Polynesia,GDP per capita growth (annual %),NY.GDP.PCAP.KD.ZG,-1.179367188,-0.534705153,0.477742673,-0.716512348,-4.623022432,-2.862212447,-3.371569435,-1.419845322,-0.201995117,-0.010253638,1.261471204,1.821427961,3.954160214,1.970257964,2.987463451,-7.109201959,1.88179648,4.248041248,2.725803471,..
French Polynesia,PYF,Oceania,Polynesia,GDP (current US$),NY.GDP.MKTP.CD,5705052135,5877997980,6631156406,7136741422,6584557974,6086644799,6203940037,5692858099,6031827123,6151996561,5325846362,5497036477,5833352693,6135116253,6022276196,5574821989,6150640646,5814661209,6402221222,..
Gabon,GAB,Africa,Middle Africa,"Total reserves (includes gold, current US$)",FI.RES.TOTL.CD,675149856.2,1121592476,1237944498,1934656663,1993241390,1735883130,2157316879,2351562307,3003573133,2478480388,1863120981,789346604.5,965054219.2,1321051089,1371973833,1386494675,1304391855,1415483891,1447408423,..
Gabon,GAB,Africa,Middle Africa,Total reserves minus gold (current US$),FI.RES.XGLD.CD,668564475.2,1113431995,1227241649,1923491683,1993241390,1735883130,2157316879,2351562307,3003573133,2478480388,1863120981,789346604.5,965054219.2,1321051089,1371973833,1386494675,1304391855,1415483891,1447408423,..
Gabon,GAB,Africa,Middle Africa,GDP growth (annual %),NY.GDP.MKTP.KD.ZG,2.676203333,-2.806578356,6.008108025,-3.308430649,0.13033112,7.089887315,7.091753343,5.251076918,5.638699003,4.314964441,3.878899395,2.091442208,0.472642031,0.837916581,3.920808795,-1.837761064,1.467957315,3.037614495,2.445880831,3.383907608
Gabon,GAB,Africa,Middle Africa,GDP per capita (constant 2015 US$),NY.GDP.PCAP.KD,7130.225058,6724.08149,6908.673992,6468.385234,6264.836115,6481.496121,6699.233946,6803.226681,6938.257539,6998.605454,7047.126546,6991.325145,6840.059593,6724.596143,6817.568795,6534.279665,6479.049007,6527.482079,6541.697108,6618.786924
Gabon,GAB,Africa,Middle Africa,GDP (constant 2015 US$),NY.GDP.MKTP.KD,10435048721,10142180902,10751534087,10395827038,10409376036,11147389067,11937934403,12564804521,13273296029,13846034032,14383107763,14683922149,14753324537,14876945090,15460241661,15176119360,15398898314,15866657481,16254737015,16804782297
Gabon,GAB,Africa,Middle Africa,Current account balance (% of GDP),BN.CAB.XOKA.GD.ZS,20.69305688,..,22.06393639,24.5939589,6.637818683,17.06850596,14.30205454,11.51765233,8.312421476,6.108920584,0.980288665,..,..,..,..,..,..,..,..,..
Gabon,GAB,Africa,Middle Africa,Access to electricity (% of population),EG.ELC.ACCS.ZS,81.6,80.5,81.3,82,82.7,89.3,88.7,89.3,86.4,87.1,87.3,88.1,86.3,89.6,90.3,91.1,91.8,93.5,94.1,..
Gabon,GAB,Africa,Middle Africa,External balance on goods and services (% of GDP),NE.RSB.GNFS.ZS,36.06774567,32.49422379,31.92473001,35.40055143,20.83888694,26.16932203,32.99036692,29.55787393,24.07977561,15.52145577,18.11423555,17.93731352,25.3847675,31.56155528,29.43405701,25.08491099,36.52992878,43.09437754,37.33925409,36.07507933
Gabon,GAB,Africa,Middle Africa,GDP per capita (current US$),NY.GDP.PCAP.CD,6547.87614,6847.009857,8003.542897,9688.645197,7290.575261,8356.74662,10219.11393,9296.965879,9197.701063,9201.362766,7047.126546,6677.070039,6921.733731,7624.277523,7441.178647,6605.803461,8181.409141,8409.207415,8071.397774,8218.763071
Gabon,GAB,Africa,Middle Africa,GDP per capita growth (annual %),NY.GDP.PCAP.KD.ZG,-0.262443846,-5.696083429,2.745244866,-6.372985013,-3.146830491,3.458350737,3.359376003,1.552307854,1.984806095,0.869784891,0.693296575,-0.79183198,-2.163617741,-1.688047436,1.382575991,-4.155280833,-0.845244789,0.747533659,0.217772009,1.17843756
Gabon,GAB,Africa,Middle Africa,GDP (current US$),NY.GDP.MKTP.CD,9582783991,10327598306,12455409587,15571348344,12113699068,14372593020,18210307744,17170464016,17595744798,18203966896,14383107763,14023890265,14929487485,16867326402,16874405465,15342236164,19444935097,20440655695,20055720403,20867044936
"Gambia, The",GMB,Africa,Western Africa,"Total reserves (includes gold, current US$)",FI.RES.TOTL.CD,98312848.54,120615997.8,142784444.7,116517123,224175097.1,201627626.7,223241852.8,236241441.1,210553598.7,159330829.4,111040203.2,87635582.42,169969976.5,191773261,256957421.7,387046403.6,652670952.2,568244498.4,577028229.5,628849157.5
"Gambia, The",GMB,Africa,Western Africa,Total reserves minus gold (current US$),FI.RES.XGLD.CD,98312848.54,120615997.8,142784444.7,116517123,224175097.1,201627626.7,223241852.8,236241441.1,210553598.7,159330829.4,111040203.2,87635582.42,169969976.5,191773261,256957421.7,387046403.6,652670952.2,568244498.4,577028229.5,628849157.5
"Gambia, The",GMB,Africa,Western Africa,GDP growth (annual %),NY.GDP.MKTP.KD.ZG,-2.351729362,-0.555580977,3.043249508,6.255905534,6.665724308,5.90833581,-8.130444223,5.241569246,2.87276879,-1.407382495,4.058073804,1.943359655,4.822611249,7.234890333,6.22205316,0.591487288,5.255968788,5.492998255,4.797508945,5.746717655
"Gambia, The",GMB,Africa,Western Africa,GDP per capita (constant 2015 US$),NY.GDP.PCAP.KD,658.6762854,636.5960269,637.209306,657.6756792,681.4334691,701.0145246,625.4643603,639.1398819,638.5223685,611.879473,619.5363643,615.1933655,628.7772993,658.1278333,682.7976429,670.7586429,689.4932396,710.6869794,727.8387234,752.3360182
"Gambia, The",GMB,Africa,Western Africa,GDP (constant 2015 US$),NY.GDP.MKTP.KD,1098037739,1091937250,1125167625,1195557049,1275249586,1350595614,1240786190,1305822858,1343336129,1324430252,1378176609,1404959537,1472715274,1579264609,1677527292,1687449653,1776141480,1873704901,1963596061,2076438382
"Gambia, The",GMB,Africa,Western Africa,Current account balance (% of GDP),BN.CAB.XOKA.GD.ZS,-4.22219702,-6.223246232,-6.19477968,-0.402650265,1.931104127,1.133911817,-7.671352279,-6.557071527,-7.059356592,-6.877587197,-3.902280613,-5.127966475,-6.328755935,-8.083325297,-2.044452216,-4.776218486,-4.313331603,-4.093504273,-5.010767564,-2.966051928
"Gambia, The",GMB,Africa,Western Africa,Access to electricity (% of population),EG.ELC.ACCS.ZS,30.5,38.1,39.8,41.5,43.2,46.8,48.3,49.9,51.5,53,54.7,56.4,56.2,60.3,62.1,62.2,63.7,65.4,66.9,..
"Gambia, The",GMB,Africa,Western Africa,External balance on goods and services (% of GDP),NE.RSB.GNFS.ZS,-10.21214184,-8.305043904,-8.227929545,-10.13869911,-10.28517937,-11.67688527,-8.92089311,-8.017308645,-7.503590631,-14.58413989,-13.38067591,-12.60281837,-18.77210996,-20.23610446,-15.66612914,-28.1802324,-28.86331328,-27.58222028,-23.22701031,-30.6362197
"Gambia, The",GMB,Africa,Western Africa,GDP per capita (current US$),NY.GDP.PCAP.CD,616.4836579,614.5443079,724.7264072,859.1276714,774.8880309,801.0333727,710.6084115,692.5793616,653.8627133,568.0045356,619.5363643,650.0565013,642.5226413,696.219807,738.186752,720.3351434,781.8909252,836.2448756,888.1574074,908.5256742
"Gambia, The",GMB,Africa,Western Africa,GDP per capita growth (annual %),NY.GDP.PCAP.KD.ZG,-5.03011453,-3.352217018,0.096337244,3.21187607,3.612386872,2.873509505,-10.77726091,2.186458971,-0.096616308,-4.172586098,1.251372481,-0.701007891,2.208075467,4.667874305,3.74848296,-1.763187113,2.793045884,3.073814015,2.413403442,3.365758653
"Gambia, The",GMB,Africa,Western Africa,GDP (current US$),NY.GDP.MKTP.CD,1027701068,1054112488,1279703047,1561766956,1450142509,1543294927,1409693597,1415004738,1375609453,1229461721,1378176609,1484578886,1504909463,1670671328,1813609692,1812170891,2014158842,2204734527,2396111021,2507519958
Georgia,GEO,Asia,Western Asia,"Total reserves (includes gold, current US$)",FI.RES.TOTL.CD,478637800.6,930833393.9,1361156504,1480157559,2110323626,2263794873,2818191101,2872949024,2823383516,2699169280,2520721328,2756383663,3038762324,3289463517,3505823162,3913274195,4270945063,4886343006,5002255638,4447216641
Georgia,GEO,Asia,Western Asia,Total reserves minus gold (current US$),FI.RES.XGLD.CD,478637800.6,930833393.9,1361156504,1480157559,2110323626,2263794873,2818191101,2872949024,2823383516,2699169280,2520721328,2756383663,3038762324,3289463517,3505823162,3913274195,4270945063,4886343006,5002255638,3848485592
Georgia,GEO,Asia,Western Asia,GDP growth (annual %),NY.GDP.MKTP.KD.ZG,9.591138329,9.421480812,12.57556982,2.42161441,-3.650752296,6.246408653,7.934336525,6.57883102,5.132885312,4.090490596,3.351023503,3.45021518,5.159902617,6.062036413,5.380719266,-6.290471785,10.64423366,10.95853214,7.832201266,9.428572202
Georgia,GEO,Asia,Western Asia,GDP per capita (constant 2015 US$),NY.GDP.PCAP.KD,2321.600843,2554.812535,2891.137023,2970.158583,2887.256079,3090.065137,3362.103003,3609.780799,3806.506006,3960.350801,4086.622347,4225.091549,4442.507441,4713.653548,4975.811482,4659.609253,5175.198652,5736.304496,6180.620602,6840.009045
Georgia,GEO,Asia,Western Asia,GDP (constant 2015 US$),NY.GDP.MKTP.KD,9059975320,9913559156,11160245710,11430503828,11013204447,11701134203,12629541567,13460417766,14151325572,14730184214,15223796149,15749049875,16561685511,17565660917,18510819818,17346401921,19192793472,21296041913,22963990777,25129167228
Georgia,GEO,Asia,Western Asia,Current account balance (% of GDP),BN.CAB.XOKA.GD.ZS,-10.85115545,-15.38107432,-19.58193114,-21.97091878,-10.59862829,-9.646839122,-11.90982345,-11.14417867,-5.45445308,-9.930878443,-11.60711642,-12.24173294,-7.951247435,-6.65935234,-5.99374849,-12.43357965,-10.30459947,-4.420876101,-5.551134778,-4.531210625
Georgia,GEO,Asia,Western Asia,Access to electricity (% of population),EG.ELC.ACCS.ZS,97.9,100,100,100,100,100,100,100,100,100,100,100,100,99.9,100,100,100,100,100,..
Georgia,GEO,Asia,Western Asia,External balance on goods and services (% of GDP),NE.RSB.GNFS.ZS,-18.01151374,-24.18364165,-26.75681719,-29.77158465,-19.10263538,-16.73845365,-17.73905054,-18.45572033,-11.93092525,-16.58692642,-16.74181284,-14.92766777,-10.83117271,-10.45665844,-9.20146342,-19.09043584,-16.25218513,-9.737679248,-8.617059499,-7.605943932
Georgia,GEO,Asia,Western Asia,GDP per capita (current US$),NY.GDP.PCAP.CD,1642.783594,1996.020133,2635.366503,3324.753721,2822.689397,3281.729309,4119.668183,4530.695334,4712.002294,4830.334862,4086.622347,4143.401257,4418.752065,4804.054604,4741.283272,4300.857013,5083.606955,6729.846599,8283.669607,9193.663664
Georgia,GEO,Asia,Western Asia,GDP per capita growth (annual %),NY.GDP.PCAP.KD.ZG,10.28957852,10.04529667,13.16435095,2.733234671,-2.791181048,7.024283669,8.803628873,7.366752155,5.449782655,4.041627523,3.188392949,3.388353283,5.145826776,6.103447451,5.561671659,-6.354787152,11.06507801,10.84220881,7.745685517,10.66864454
Georgia,GEO,Asia,Western Asia,GDP (current US$),NY.GDP.MKTP.CD,6410912050,7745250734,10172931089,12795145131,10766920066,12426907967,15475290469,16894392033,17517660144,17966015109,15223796149,15444548902,16473125375,17902544881,17638337117,16010869216,18853115589,24984568960,30777833601,33776141251
Germany,DEU,Europe,Western Europe,"Total reserves (includes gold, current US$)",FI.RES.TOTL.CD,1.01676E+11,1.11637E+11,1.35932E+11,1.38564E+11,1.7904E+11,2.15978E+11,2.34104E+11,2.48856E+11,1.98535E+11,1.93485E+11,1.73731E+11,1.84031E+11,1.99983E+11,1.98027E+11,2.24028E+11,2.68409E+11,2.95736E+11,2.93914E+11,3.227E+11,3.77936E+11
Germany,DEU,Europe,Western Europe,Total reserves minus gold (current US$),FI.RES.XGLD.CD,45139728832,41686538618,44326512207,43137195662,59925314607,62294943890,66928070887,67422250286,67365115664,62265928848,58506810555,59582016353,59356901124,59173100675,59184533016,63969346749,99169059614,98413683337,1.00392E+11,96792003856
Germany,DEU,Europe,Western Europe,GDP growth (annual %),NY.GDP.MKTP.KD.ZG,0.885697257,3.855736146,2.890107179,0.910403214,-5.545164545,4.14676755,3.757968845,0.474291321,0.386224592,2.169498898,1.652719787,2.294710664,2.716024546,1.116443109,0.98789335,-4.095137517,3.669999884,1.369731046,-0.266438401,-0.238526858
Germany,DEU,Europe,Western Europe,GDP per capita (constant 2015 US$),NY.GDP.PCAP.KD,36006.85781,37437.39188,38570.91464,38996.14341,36927.19203,38517.43979,40712.65773,40829.03489,40875.02629,41588.07638,41911.01099,42528.06371,43520.18643,43874.0131,44207.63206,42362.64721,43898.77132,44180.42984,44008.13116,44108.70126
Germany,DEU,Europe,Western Europe,GDP (constant 2015 US$),NY.GDP.MKTP.KD,2.96946E+12,3.08396E+12,3.17309E+12,3.20198E+12,3.02442E+12,3.14984E+12,3.26821E+12,3.28371E+12,3.29639E+12,3.36791E+12,3.42357E+12,3.50213E+12,3.59725E+12,3.63741E+12,3.67334E+12,3.52291E+12,3.65221E+12,3.70223E+12,3.69237E+12,3.68356E+12
Germany,DEU,Europe,Western Europe,Current account balance (% of GDP),BN.CAB.XOKA.GD.ZS,4.643241458,5.836617269,6.705740965,5.576814582,5.87415967,5.771011026,6.258866463,7.192718167,6.727231047,7.192490052,8.100335396,8.899853532,8.083585738,8.444743691,7.880058745,6.349851028,6.931137378,3.885066896,5.556685859,5.665835627
Germany,DEU,Europe,Western Europe,Access to electricity (% of population),EG.ELC.ACCS.ZS,100,100,100,100,100,100,100,100,100,100,100,100,100,100,100,100,100,100,100,..
Germany,DEU,Europe,Western Europe,External balance on goods and services (% of GDP),NE.RSB.GNFS.ZS,4.953197088,5.17970637,6.389769571,5.78368756,4.768184314,5.1038967,4.852664486,6.037144959,5.772927653,6.537450128,7.417529532,7.263047893,7.085325912,5.987123776,5.638861857,5.345110476,5.158549257,2.496908077,4.005590663,3.855864686
Germany,DEU,Europe,Western Europe,GDP per capita (current US$),NY.GDP.PCAP.CD,35084.43635,36980.33499,42350.92172,46386.32959,42487.21371,42409.9357,47646.58204,44735.58823,47220.01021,48971.08247,41911.01099,42961.03569,45526.59996,48874.8595,47623.86561,47379.76519,52265.65416,49686.11546,53940.40734,55800.21945
Germany,DEU,Europe,Western Europe,GDP per capita growth (annual %),NY.GDP.PCAP.KD.ZG,0.942994667,3.972948912,3.02778239,1.102459658,-5.30552819,4.306441058,5.699283115,0.285850077,0.112643841,1.744463942,0.776507672,1.472292617,2.332865961,0.813017363,0.760402195,-4.173453235,3.626128709,0.641609114,-0.389988691,0.228526174
Germany,DEU,Europe,Western Europe,GDP (current US$),NY.GDP.MKTP.CD,2.89339E+12,3.04631E+12,3.48406E+12,3.80879E+12,3.4798E+12,3.46815E+12,3.82483E+12,3.5979E+12,3.80809E+12,3.9658E+12,3.42357E+12,3.53778E+12,3.76309E+12,4.05201E+12,3.95721E+12,3.94014E+12,4.3483E+12,4.1636E+12,4.5257E+12,4.65993E+12
Ghana,GHA,Africa,Western Africa,"Total reserves (includes gold, current US$)",FI.RES.TOTL.CD,1897057040,2268926567,2218311348,2014205287,3691822335,5158151629,5913600037,5835098328,5587739126,5563709271,5742645886,5866729596,7015187160,6294851564,7563210341,7884091539,9916916900,5205457212,3623904995,..
Ghana,GHA,Africa,Western Africa,Total reserves minus gold (current US$),FI.RES.XGLD.CD,1752904040,2090294867,1984027598,1769805537,3386234835,4763206129,5483389037,5367514328,5249274626,5224823271,5444785886,5544731696,6650870660,5934707914,7135247341,7352692439,9405468800,4696186862,3044370595,..
Ghana,GHA,Africa,Western Africa,GDP growth (annual %),NY.GDP.MKTP.KD.ZG,5.900003819,6.399912606,4.346819104,9.149798938,4.844487052,7.899711941,14.04712358,9.292789406,7.312525017,2.856240163,2.120759338,3.37346575,8.128894881,6.200077681,6.507774794,0.513941671,5.076466435,3.80484981,3.140090998,5.684872604
Ghana,GHA,Africa,Western Africa,GDP per capita (constant 2015 US$),NY.GDP.PCAP.KD,1143.311789,1185.265707,1205.317058,1282.634169,1311.630538,1381.22795,1537.81834,1640.540721,1718.597048,1726.369301,1722.772828,1740.811019,1841.446362,1915.453232,1999.553722,1970.194115,2030.048665,2067.208959,2091.813356,2169.665273
Ghana,GHA,Africa,Western Africa,GDP (constant 2015 US$),NY.GDP.MKTP.KD,25666707130,27309353955,28496442170,31103809333,32610629349,35186775129,40129504915,43858655297,47065830438,48410143590,49436806230,51104539956,55258774289,58684861221,62503939827,62825173619,66014472471,68526224001,70678009792,74695964608
Ghana,GHA,Africa,Western Africa,Current account balance (% of GDP),BN.CAB.XOKA.GD.ZS,-10.28063187,-5.056607765,-9.581309614,-11.60216351,-7.283142833,-8.532733057,-9.002581734,-11.90092376,-9.076249539,-6.756902721,-5.711615603,-5.044240206,-3.316430275,-3.03986603,-2.726993758,-3.048163134,-2.820557414,-2.301617397,-0.814651045,2.029050669
Ghana,GHA,Africa,Western Africa,Access to electricity (% of population),EG.ELC.ACCS.ZS,41.3,55.1,56.9,60.5,61.1,64.2,64.1,56.5,70.7,78.3,74,79.3,79,80.4,83.5,85.4,86.3,85.1,89.5,..
Ghana,GHA,Africa,Western Africa,External balance on goods and services (% of GDP),NE.RSB.GNFS.ZS,-25.27308021,-15.20667326,-16.30414108,-19.45531101,-13.01100657,-16.42437983,-12.42223675,-12.44959878,-9.877755109,-7.372758122,-8.857861278,-5.490521148,-2.79461573,-1.048726567,-1.925603007,-3.524657743,-2.597591974,-0.787368689,-0.846228541,1.151097673
Ghana,GHA,Africa,Western Africa,GDP per capita (current US$),NY.GDP.PCAP.CD,478.6119092,906.4410276,1050.124615,1182.657613,1047.704301,1263.892518,1507.435732,1543.775242,2294.795847,1949.908329,1722.772828,1912.479913,2012.286626,2195.32166,2186.658227,2195.454817,2445.186625,2229.891226,2383.904105,2405.794664
Ghana,GHA,Africa,Western Africa,GDP per capita growth (annual %),NY.GDP.PCAP.KD.ZG,3.158610995,3.669508041,1.691717775,6.414669925,2.260688935,5.306175082,11.33704178,6.679747406,4.757963385,0.452244094,-0.20832582,1.047044067,5.780945858,4.018953383,4.390631335,-1.468308017,3.0380027,1.830512477,1.190223042,3.721742988
Ghana,GHA,Africa,Western Africa,GDP (current US$),NY.GDP.MKTP.CD,10744568381,20885037597,24827339138,28679383241,26048720006,32197655567,39336668081,41271701061,62845721960,54678533806,49436806230,56144179398,60385409435,67259353966,68352629246,70008243860,79514204730,73919003210,80547146878,82825288889
Gibraltar,GIB,Europe,Southern Europe,"Total reserves (includes gold, current US$)",FI.RES.TOTL.CD,..,..,..,..,..,..,..,..,..,..,..,..,..,..,..,..,..,..,..,..
Gibraltar,GIB,Europe,Southern Europe,Total reserves minus gold (current US$),FI.RES.XGLD.CD,..,..,..,..,..,..,..,..,..,..,..,..,..,..,..,..,..,..,..,..
Gibraltar,GIB,Europe,Southern Europe,GDP growth (annual %),NY.GDP.MKTP.KD.ZG,..,..,..,..,..,..,..,..,..,..,..,..,..,..,..,..,..,..,..,..
Gibraltar,GIB,Europe,Southern Europe,GDP per capita (constant 2015 US$),NY.GDP.PCAP.KD,..,..,..,..,..,..,..,..,..,..,..,..,..,..,..,..,..,..,..,..
Gibraltar,GIB,Europe,Southern Europe,GDP (constant 2015 US$),NY.GDP.MKTP.KD,..,..,..,..,..,..,..,..,..,..,..,..,..,..,..,..,..,..,..,..
Gibraltar,GIB,Europe,Southern Europe,Current account balance (% of GDP),BN.CAB.XOKA.GD.ZS,..,..,..,..,..,..,..,..,..,..,..,..,..,..,..,..,..,..,..,..
Gibraltar,GIB,Europe,Southern Europe,Access to electricity (% of population),EG.ELC.ACCS.ZS,99.7,99.7,99.7,99.7,100,100,99.8,99.9,99.9,99.9,100,100,100,100,100,100,100,100,100,..
Gibraltar,GIB,Europe,Southern Europe,External balance on goods and services (% of GDP),NE.RSB.GNFS.ZS,..,..,..,..,..,..,..,..,..,..,..,..,..,..,..,..,..,..,..,..
Gibraltar,GIB,Europe,Southern Europe,GDP per capita (current US$),NY.GDP.PCAP.CD,..,..,..,..,..,..,..,..,..,..,..,..,..,..,..,..,..,..,..,..
Gibraltar,GIB,Europe,Southern Europe,GDP per capita growth (annual %),NY.GDP.PCAP.KD.ZG,..,..,..,..,..,..,..,..,..,..,..,..,..,..,..,..,..,..,..,..
Gibraltar,GIB,Europe,Southern Europe,GDP (current US$),NY.GDP.MKTP.CD,..,..,..,..,..,..,..,..,..,..,..,..,..,..,..,..,..,..,..,..
Greece,GRC,Europe,Southern Europe,"Total reserves (includes gold, current US$)",FI.RES.TOTL.CD,2287009893,2849953559,3647605325,3489670238,5486122598,6352405963,6743416891,7255024355,5763071364,6236284819,6027606781,6851247713,7803722132,7578500699,8507452887,11931180005,14447242598,12061425398,13608310629,15221540695
Greece,GRC,Europe,Southern Europe,Total reserves minus gold (current US$),FI.RES.XGLD.CD,506386892.7,565883459.4,631097825.1,343784488,1554810098,1309471963,1248657891,1269616355,1419644364,1876594819,2189346781,2695068413,3096130632,2918421299,2950025887,5005971805,7772935898,5404663848,6022803429,5609616295
Greece,GRC,Europe,Southern Europe,GDP growth (annual %),NY.GDP.MKTP.KD.ZG,1.183506355,6.443397625,3.506869766,0.057474024,-4.119276067,-5.693741216,-9.876778753,-8.331134211,-2.272116999,0.792225061,-0.228301892,-0.031794768,1.473124727,2.064672079,2.277180653,-9.196231497,8.65449786,5.743649025,2.332124449,2.271736226
Greece,GRC,Europe,Southern Europe,GDP per capita (constant 2015 US$),NY.GDP.PCAP.KD,21880.52658,23220.53244,23973.69361,23923.88007,22878.13466,21547.72418,19448.2558,17924.66205,17644.87666,17903.52524,17980.72982,18049.929,18352.08845,18769.03896,19216.67596,17486.95133,19232.96833,20595.49526,21139.1917,21654.34431
Greece,GRC,Europe,Southern Europe,GDP (constant 2015 US$),NY.GDP.MKTP.KD,2.40408E+11,2.55899E+11,2.64873E+11,2.65025E+11,2.54108E+11,2.3964E+11,2.15971E+11,1.97978E+11,1.9348E+11,1.95013E+11,1.94567E+11,1.94506E+11,1.97371E+11,2.01446E+11,2.06033E+11,1.87086E+11,2.03277E+11,2.14953E+11,2.19966E+11,2.24963E+11
Greece,GRC,Europe,Southern Europe,Current account balance (% of GDP),BN.CAB.XOKA.GD.ZS,-7.518603352,-10.99193909,-14.18695709,-14.60949221,-10.99828604,-10.20944995,-10.09762724,-2.584185061,-2.092162261,-1.596634093,-0.828192198,-1.688816363,-1.799568308,-2.929468372,-1.501218406,-6.486642004,-6.347952835,-10.3357101,-6.163304182,-6.377319772
Greece,GRC,Europe,Southern Europe,Access to electricity (% of population),EG.ELC.ACCS.ZS,100,100,100,100,100,100,100,100,100,100,100,100,100,100,100,100,100,100,100,..
Greece,GRC,Europe,Southern Europe,External balance on goods and services (% of GDP),NE.RSB.GNFS.ZS,-8.370472863,-9.554800976,-11.02930688,-11.53569963,-8.91819538,-7.464851346,-5.677790699,-4.462651053,-2.300328087,-1.403570246,-0.899046034,-1.298890556,-1.32396574,-1.976211298,-1.469517305,-7.392927441,-7.491839139,-9.63943834,-4.739772362,-5.357781149
Greece,GRC,Europe,Southern Europe,GDP per capita (current US$),NY.GDP.PCAP.CD,22054.13158,24416.0233,28440.76253,31695.83311,29425.45732,26653.0488,25504.78665,21624.34605,21573.34498,21474.72571,17980.72982,17919.24264,18631.99301,19873.40152,19335.3602,17886.73317,20654.7002,20971.83493,23400.72788,24752.10684
Greece,GRC,Europe,Southern Europe,GDP per capita growth (annual %),NY.GDP.PCAP.KD.ZG,0.887221298,6.124193827,3.24351377,-0.207784152,-4.37113631,-5.815205242,-9.743341609,-7.834089434,-1.560896297,1.465856551,0.431225576,0.384851865,1.674020149,2.271951322,2.38497558,-9.001164553,9.984684958,7.084329926,2.639880388,2.436955089
Greece,GRC,Europe,Southern Europe,GDP (current US$),NY.GDP.MKTP.CD,2.42316E+11,2.69073E+11,3.14227E+11,3.51121E+11,3.26829E+11,2.96418E+11,2.83228E+11,2.38841E+11,2.36556E+11,2.33912E+11,1.94567E+11,1.93097E+11,2.00381E+11,2.13299E+11,2.07306E+11,1.91363E+11,2.18304E+11,2.18881E+11,2.43498E+11,2.57145E+11
Greenland,GRL,Americas,Northern America,"Total reserves (includes gold, current US$)",FI.RES.TOTL.CD,..,..,..,..,..,..,..,..,..,..,..,..,..,..,..,..,..,..,..,..
Greenland,GRL,Americas,Northern America,Total reserves minus gold (current US$),FI.RES.XGLD.CD,..,..,..,..,..,..,..,..,..,..,..,..,..,..,..,..,..,..,..,..
Greenland,GRL,Americas,Northern America,GDP growth (annual %),NY.GDP.MKTP.KD.ZG,4.987491771,5.555694901,2.352437981,6.166132702,0.865952329,1.735825059,-0.496519392,1.39419336,-1.298280693,4.742135673,-2.529318024,4.68195411,0.052728183,0.623065429,2.832177568,0.250789762,1.63409411,2.004555809,0.865961987,..
Greenland,GRL,Americas,Northern America,GDP per capita (constant 2015 US$),NY.GDP.PCAP.KD,36681.80559,38828.85249,39896.87536,42527.66685,42899.7442,43481.51611,42994.87909,43655.70047,43338.38392,45545.14294,44536.35497,46561.78314,46597.94525,47012.98604,48170.7897,48169.9407,48709.93398,49679.33654,49929.77554,..
Greenland,GRL,Americas,Northern America,GDP (constant 2015 US$),NY.GDP.MKTP.KD,2088478601,2204508100,2256367786,2395498418,2416242292,2458184032,2445978671,2480080343,2447881939,2563963822,2499113023,2616120348,2617499780,2633808517,2708402651,2715195047,2759563890,2814880888,2839256686,..
Greenland,GRL,Americas,Northern America,Current account balance (% of GDP),BN.CAB.XOKA.GD.ZS,..,..,..,..,..,..,..,..,..,..,..,..,..,..,..,..,..,..,..,..
Greenland,GRL,Americas,Northern America,Access to electricity (% of population),EG.ELC.ACCS.ZS,100,100,100,100,100,100,100,100,100,100,100,100,100,100,100,100,100,100,100,..
Greenland,GRL,Americas,Northern America,External balance on goods and services (% of GDP),NE.RSB.GNFS.ZS,-17.58660789,-14.08762478,-22.56252398,-33.4149615,-24.2951308,-42.36042051,-54.55207777,-25.95442067,-20.50996386,-10.14293775,-7.941690754,-4.307577495,-2.822788373,-0.867532818,-10.10535057,-10.72785562,-15.57291943,-11.78495858,-10.2928151,..
Greenland,GRL,Americas,Northern America,GDP per capita (current US$),NY.GDP.PCAP.CD,32489.72773,35457.62976,39780.94414,44366.78587,44918.84138,44277.19934,47186.876,45936.95628,47535.48838,50485.22441,44536.35497,48181.74535,50765.74947,54545.13586,53309.20359,54812.66618,58135.99399,55635.00065,58498.97431,..
Greenland,GRL,Americas,Northern America,GDP per capita growth (annual %),NY.GDP.PCAP.KD.ZG,4.919264192,5.853165816,2.750590865,6.593978749,0.874906571,1.356119765,-1.119181355,1.536976945,-0.726861643,5.091927333,-2.214918882,4.547808581,0.077664774,0.890684741,2.462731594,-0.001762479,1.121017116,1.990153725,0.504111002,..
Greenland,GRL,Americas,Northern America,GDP (current US$),NY.GDP.MKTP.CD,1849802648,2013106930,2249811296,2499092314,2529963903,2503167187,2684461375,2609678486,2684946990,2842065708,2499113023,2707139544,2851613679,3055782146,2997309972,3089625554,3293578468,3152334772,3326544174,..
Grenada,GRD,Americas,Caribbean,"Total reserves (includes gold, current US$)",FI.RES.TOTL.CD,94252920.21,99961392.63,110569734.8,105341634.3,129078999.9,119154979.9,120710917.7,119485006.8,150571015.9,169949409.7,197973503.3,207689282.8,199125887.3,233815853.8,236325345.1,293320432.2,348259248.6,371767322.5,404129916.3,423263143.6
Grenada,GRD,Americas,Caribbean,Total reserves minus gold (current US$),FI.RES.XGLD.CD,94252920.21,99961392.63,110569734.8,105341634.3,129078999.9,119154979.9,120710917.7,119485006.8,150571015.9,169949409.7,197973503.3,207689282.8,199125887.3,233815853.8,236325345.1,293320432.2,348259248.6,371767322.5,404129916.3,423263143.6
Grenada,GRD,Americas,Caribbean,GDP growth (annual %),NY.GDP.MKTP.KD.ZG,13.27618833,-3.995328244,6.123450947,0.947542625,-6.613281348,-0.511146187,0.76477355,-1.154838164,2.351098017,7.34212396,6.445223147,3.739603956,4.438675669,4.361440394,0.676511739,-13.75662226,4.687478169,7.320740616,4.679761816,3.693059328
Grenada,GRD,Americas,Caribbean,GDP per capita (constant 2015 US$),NY.GDP.PCAP.KD,8162.912321,7808.243583,8257.362257,8307.492215,7733.129906,7670.711658,7695.37616,7559.562848,7688.752977,8206.628621,8694.12438,8983.683973,9357.407289,9744.169196,9785.560402,8413.283355,8781.462485,9406.193376,9832.252211,10184.40289
Grenada,GRD,Americas,Caribbean,GDP (constant 2015 US$),NY.GDP.MKTP.KD,895749020.7,859960907,912620191.3,921267656.7,860341634.6,855944031.1,862490064.7,852529700.2,872573509.1,936638937.8,997007407.4,1034291536,1080200383,1127312678,1134939081,978809798.8,1024691294,1099706286,1151169921,1193683309
Grenada,GRD,Americas,Caribbean,Current account balance (% of GDP),BN.CAB.XOKA.GD.ZS,-36.19709604,-35.35797677,-29.29065587,-26.31048324,-16.92278775,-19.44829945,-18.66564956,-14.98307075,-17.06409799,-9.082369007,-10.6165101,-8.849574675,-11.46353067,-12.75789363,-10.32821323,-16.10600342,-14.37205116,-12.05170777,-18.38942349,-19.45980784
Grenada,GRD,Americas,Caribbean,Access to electricity (% of population),EG.ELC.ACCS.ZS,87.5,87.9,88.2,90,89,89.4,88.8,90.2,90.6,91,91.4,91.8,92.2,92.3,93,93.4,93.7,94.2,94.4,..
Grenada,GRD,Americas,Caribbean,External balance on goods and services (% of GDP),NE.RSB.GNFS.ZS,..,..,..,..,..,..,..,..,..,..,..,..,..,..,..,..,..,..,..,..
Grenada,GRD,Americas,Caribbean,GDP per capita (current US$),NY.GDP.PCAP.CD,6338.560114,6344.038377,6864.548168,7448.204056,6932.564722,6909.601696,6947.381361,7092.719854,7424.802123,7986.334212,8694.12438,9221.234611,9751.426612,10083.02128,10462.79292,8968.558901,9622.240505,10535.45888,11308.28742,11871.6117
Grenada,GRD,Americas,Caribbean,GDP per capita growth (annual %),NY.GDP.PCAP.KD.ZG,12.85192134,-4.344879916,5.751852754,0.607094088,-6.913786905,-0.807153746,0.321541247,-1.764869045,1.708962955,6.735495934,5.940268306,3.330520483,4.160022955,4.133216552,0.424779227,-14.02348962,4.376164624,7.114200995,4.529556403,3.581587099
Grenada,GRD,Americas,Caribbean,GDP (current US$),NY.GDP.MKTP.CD,695555555.6,698700666.7,758683592.6,825976037,771275555.6,771014814.8,778655555.6,799881481.5,842618518.5,911496296.3,997007407.4,1061640741,1125685185,1166514815,1213485185,1043411111,1122800000,1231732104,1323985600,1391435993
Guam,GUM,Oceania,Micronesia,"Total reserves (includes gold, current US$)",FI.RES.TOTL.CD,..,..,..,..,..,..,..,..,..,..,..,..,..,..,..,..,..,..,..,..
Guam,GUM,Oceania,Micronesia,Total reserves minus gold (current US$),FI.RES.XGLD.CD,..,..,..,..,..,..,..,..,..,..,..,..,..,..,..,..,..,..,..,..
Guam,GUM,Oceania,Micronesia,GDP growth (annual %),NY.GDP.MKTP.KD.ZG,3.642316349,-3.652517275,0.717213115,2.034587996,0.438683948,2.263251936,0.077654824,2.13385063,1.690408357,1.793051924,0.825688073,0.181983621,0.890099909,-0.828231905,2.523602033,-10.51885957,2.058183257,5.099864262,..,..
Guam,GUM,Oceania,Micronesia,GDP per capita (constant 2015 US$),NY.GDP.PCAP.KD,32520.37296,31242.4629,31385.04752,31941.2706,31988.72294,32644.14841,32665.37875,33404.93176,34044.31904,34755.26911,35165.70146,35373.84831,35850.90255,35731.22037,36830.12644,32884.88526,33239.48463,34627.98628,..,..
Guam,GUM,Oceania,Micronesia,GDP (constant 2015 US$),NY.GDP.MKTP.KD,5345211101,5149976342,5186912648,5292444950,5315662056,5435968881,5440190173,5556275705,5650199454,5751510464,5799000000,5809553230,5861264058,5812719199,5959409099,5332547225,5442300819,5719850773,..,..
Guam,GUM,Oceania,Micronesia,Current account balance (% of GDP),BN.CAB.XOKA.GD.ZS,..,..,..,..,..,..,..,..,..,..,..,..,..,..,..,..,..,..,..,..
Guam,GUM,Oceania,Micronesia,Access to electricity (% of population),EG.ELC.ACCS.ZS,100,100,100,100,100,100,100,100,100,100,100,100,100,100,100,100,100,100,100,..
Guam,GUM,Oceania,Micronesia,External balance on goods and services (% of GDP),NE.RSB.GNFS.ZS,-21.05388085,-25.34214252,-33.75028428,-36.49635036,-37.30323115,-37.8460295,-40.54975923,-38.61348528,-40.52602334,-40.67736185,-35.1957234,-32.48601932,-31.31548312,-34.45711453,-33.56412274,-50.86206897,-55.64645492,-56.09261939,..,..
Guam,GUM,Oceania,Micronesia,GDP per capita (current US$),NY.GDP.PCAP.CD,25631.97761,25709.93515,26605.43242,28112.23166,29054.05812,29719.79678,29926.20524,31653.75065,32530.75931,33900.14865,35165.70146,35930.65949,36779.00789,37195.95031,39274.94314,36482.9364,38074.87937,41833.15171,..,..
Guam,GUM,Oceania,Micronesia,GDP per capita growth (annual %),NY.GDP.PCAP.KD.ZG,3.292354462,-3.929567651,0.456380842,1.77225504,0.148561195,2.048926652,0.065035676,2.264027064,1.914050543,2.088307504,1.180921237,0.591903023,1.348607122,-0.333833095,3.075478686,-10.71199466,1.078305018,4.177265865,..,..
Guam,GUM,Oceania,Micronesia,GDP (current US$),NY.GDP.MKTP.CD,4213000000,4238000000,4397000000,4658000000,4828000000,4949000000,4984000000,5265000000,5399000000,5610000000,5799000000,5901000000,6013000000,6051000000,6355000000,5916000000,6234000000,6910000000,..,..
Guatemala,GTM,Americas,Central America,"Total reserves (includes gold, current US$)",FI.RES.TOTL.CD,3777008774,4055245981,4314534130,4653932355,5204831200,5948553459,6174185213,6693770271,7269204344,7330866098,7745916506,9152627961,11765104231,12583121642,14784046765,18463562202,20934881435,20414938168,21311089849,24412418012
Guatemala,GTM,Americas,Central America,Total reserves minus gold (current US$),FI.RES.XGLD.CD,3663840974,3914946991,4129941880,4461891555,4963623700,5636813559,5834915613,6325027871,7002287144,7063616498,7511020506,8898696521,11477799831,12299108002,14446549965,18044494442,20531547275,20013321408,20854062009,23834241452
Guatemala,GTM,Americas,Central America,GDP growth (annual %),NY.GDP.MKTP.KD.ZG,3.276026926,5.351397787,6.33771869,3.293524,0.476898107,2.884175428,4.163906883,2.974708568,3.694819024,4.44397783,4.092170721,2.677802733,3.079851271,3.406873465,4.017897934,-1.785551945,8.041703837,4.184518087,3.533156701,3.651864629
Guatemala,GTM,Americas,Central America,GDP per capita (constant 2015 US$),NY.GDP.PCAP.KD,3284.809622,3388.149937,3527.778171,3569.928509,3516.192177,3546.625715,3621.373994,3655.573054,3717.304523,3809.61577,3893.505221,3924.778834,3972.740462,4040.212018,4139.12192,4005.838994,4268.628458,4385.148777,4470.707111,4563.095765
Guatemala,GTM,Americas,Central America,GDP (constant 2015 US$),NY.GDP.MKTP.KD,42990369673,45290955364,48161368707,49747574944,49984820187,51426470089,53567820416,55161306960,57199417424,59741346853,62186064758,63851284899,65817809509,68060138996,70794725915,69530649310,75122098204,78265595990,81030842140,83989978802
Guatemala,GTM,Americas,Central America,Current account balance (% of GDP),BN.CAB.XOKA.GD.ZS,-4.63346885,-5.123679913,-5.319375403,-4.034837805,0.194641495,-1.885485505,-3.370242147,-3.724801703,-4.224398618,-3.300320269,-1.244310093,0.964776435,1.196141124,0.885829177,2.3602906,5.041311349,2.166906748,1.166942108,3.077621306,2.944104769
Guatemala,GTM,Americas,Central America,Access to electricity (% of population),EG.ELC.ACCS.ZS,78.3,83.7,80.7,81.9,83.1,84.3,84,86.8,88.1,85.5,90.5,91.8,93.3,94.2,95.4,96.6,97.9,99.1,100,..
Guatemala,GTM,Americas,Central America,External balance on goods and services (% of GDP),NE.RSB.GNFS.ZS,-16.19389658,-17.23225687,-17.0403291,-14.93003868,-9.30503401,-10.67426391,-10.91163947,-11.42523406,-12.68890981,-11.59455348,-10.23363778,-8.866559182,-9.07932785,-10.67302902,-10.29279044,-8.453536207,-14.00183589,-16.54003944,-15.084594,-15.55845222
Guatemala,GTM,Americas,Central America,GDP per capita (current US$),NY.GDP.PCAP.CD,2046.466117,2225.123475,2458.815739,2763.059882,2611.646328,2805.259602,3168.983706,3286.619593,3444.159713,3689.144718,3893.505221,4060.13755,4324.996082,4352.946518,4511.997552,4477.617618,4912.622257,5358.701275,5758.308763,6150.025978
Guatemala,GTM,Americas,Central America,GDP per capita growth (annual %),NY.GDP.PCAP.KD.ZG,1.064722556,3.146006198,4.121076026,1.194812594,-1.505249539,0.865525448,2.107588602,0.944366953,1.688694724,2.483284492,2.202044943,0.803225141,1.222021181,1.698363049,2.448136415,-3.220077328,6.560160413,2.72968988,1.951093092,2.066533354
Guatemala,GTM,Americas,Central America,GDP (current US$),NY.GDP.MKTP.CD,26783389294,29744246827,33567850824,38503720224,37126148265,40676578423,46876006272,49593929487,52996446180,57852152955,62186064758,66053403364,71653754107,73328365862,77172317259,77719464221,86455519687,95641441235,1.04368E+11,1.132E+11
Guinea,GIN,Africa,Western Africa,"Total reserves (includes gold, current US$)",FI.RES.TOTL.CD,96326734.16,39685709.65,46811611.56,55670498.07,414058705.5,301523167,947127106,762924793.4,853882934.8,983969561.3,654264223.6,840496671.4,980319295.4,1242328573,1379136557,1499116033,2183067127,2109566460,1887171051,..
Guinea,GIN,Africa,Western Africa,Total reserves minus gold (current US$),FI.RES.XGLD.CD,95055709.97,28077694.15,44093411.48,49482896.53,406329549.4,291533899,936245875.6,751098296.1,845322228.1,975398193.7,572750223.6,832360781.4,971114145.4,1179205090,1188592631,1245320957,1938798045,1866337478,1204651458,..
Guinea,GIN,Africa,Western Africa,GDP growth (annual %),NY.GDP.MKTP.KD.ZG,2.997272563,1.189602117,6.817471111,4.13301616,-1.122642048,4.81336017,5.612111774,5.915286261,3.945687086,3.696553117,3.825910569,10.8206272,10.30000534,6.358491927,5.616914469,4.704590961,5.582332811,3.972407842,5.541726686,5.668523935
Guinea,GIN,Africa,Western Africa,GDP per capita (constant 2015 US$),NY.GDP.PCAP.KD,651.3596069,645.4720019,673.6989974,684.7757804,660.7567013,675.7369173,696.1999914,719.5059168,729.8331432,738.2722745,747.3569668,807.236421,867.9075026,899.907328,926.4222195,945.5709034,973.6468901,987.5025015,1016.880948,1049.083938
Guinea,GIN,Africa,Western Africa,GDP (constant 2015 US$),NY.GDP.MKTP.KD,6022369313,6094011546,6509469022,6778506429,6702408066,7025019106,7419271030,7858142150,8168199850,8470141696,8794201743,9745789528,10749606370,11433119224,12075307752,12643401589,13349198344,13879482946,14648645956,15479007958
Guinea,GIN,Africa,Western Africa,Current account balance (% of GDP),BN.CAB.XOKA.GD.ZS,-3.744102143,-5.245235997,-7.236483883,-6.292341684,-6.005146412,-4.769702591,-17.11652934,-13.597983,-14.20347249,-11.1827727,-11.6007987,-31.93283907,5.030185826,-1.606388734,-2.340424322,19.05606048,27.17615881,16.82653869,8.484258377,-1.546598399
Guinea,GIN,Africa,Western Africa,Access to electricity (% of population),EG.ELC.ACCS.ZS,20.2,22.8,24.1,25.4,26.7,28.1,29.5,26.2,32.2,33.5,34.9,33.5,35.4,45,42.2,44.7,46.8,47.7,51.1,..
Guinea,GIN,Africa,Western Africa,External balance on goods and services (% of GDP),NE.RSB.GNFS.ZS,-0.223184618,-21.73767819,-24.01912027,-20.90331917,-24.78376878,-12.8641599,-20.7501907,-20.39954283,-27.48520427,-23.39494396,-29.44898678,-53.09644221,-11.93103686,-8.569920478,-8.331214557,-21.82562325,-2.758266233,-3.32796983,-7.56540066,-12.01763053
Guinea,GIN,Africa,Western Africa,GDP per capita (current US$),NY.GDP.PCAP.CD,463.1776869,446.9805541,650.1485753,703.5328258,662.1859147,659.2353262,636.6949587,699.3533772,748.4550208,765.1469994,747.3569668,711.9965098,833.5986217,933.2736156,1031.341465,1053.660977,1244.965505,1416.59612,1555.493758,1717.023181
Guinea,GIN,Africa,Western Africa,GDP per capita growth (annual %),NY.GDP.PCAP.KD.ZG,0.957366357,-0.903894697,4.373078215,1.644173882,-3.507583027,2.267130393,3.028260488,3.34759059,1.435321962,1.156309675,1.230534126,8.012162454,7.515899921,3.687008739,2.946402444,2.066949976,2.969210094,1.42306328,2.975025025,3.166839784
Guinea,GIN,Africa,Western Africa,GDP (current US$),NY.GDP.MKTP.CD,4282468637,4220019845,6281918226,6964179983,6716905340,6853467146,6785137203,7638044557,8376613539,8778473373,8794201743,8595955222,10324668271,11857030367,13442861496,14088693743,17069115738,19910452542,22407615556,25334307879
Guinea-Bissau,GNB,Africa,Western Africa,"Total reserves (includes gold, current US$)",FI.RES.TOTL.CD,..,..,..,..,..,..,..,..,..,..,..,..,..,..,..,..,..,..,..,..
Guinea-Bissau,GNB,Africa,Western Africa,Total reserves minus gold (current US$),FI.RES.XGLD.CD,..,..,..,..,..,..,..,..,..,..,..,..,..,..,..,..,..,..,..,..
Guinea-Bissau,GNB,Africa,Western Africa,GDP growth (annual %),NY.GDP.MKTP.KD.ZG,6.559771118,2.666504933,2.559826471,4.524575146,2.447951061,5.605363114,8.085041672,-1.712869584,3.256071909,0.964525746,6.134089362,5.432678265,4.663679439,3.761453596,5.565745336,2.128114901,5.237366406,5.58513728,4.463699361,4.813485952
Guinea-Bissau,GNB,Africa,Western Africa,GDP per capita (constant 2015 US$),NY.GDP.PCAP.KD,595.9425556,597.2571517,597.4820209,608.9586205,608.2021319,625.9040273,658.9534705,630.668623,634.0954561,623.6101591,645.0668372,663.242608,677.4661313,686.4568198,707.8962024,706.6007834,727.1433956,750.7311453,766.8292254,786.210311
Guinea-Bissau,GNB,Africa,Western Africa,GDP (constant 2015 US$),NY.GDP.MKTP.KD,823345295.7,845299838.6,866938047.6,906163311.1,928345745.5,980382895.4,1059647261,1041496885,1075408773,1085781367,1152384167,1214989491,1271652706,1319485332,1392924526,1422567560,1497072636,1580686198,1651243277,1730725641
Guinea-Bissau,GNB,Africa,Western Africa,Current account balance (% of GDP),BN.CAB.XOKA.GD.ZS,-1.638675916,-6.313245853,-4.069529695,-3.021024651,-5.34847492,-7.529995172,-1.214319105,-7.932246541,-4.731876539,0.555849591,1.817263366,1.362937393,0.263885195,-3.483247955,-8.019420152,-2.297624735,-0.752015006,-7.973672452,-7.708503189,..
Guinea-Bissau,GNB,Africa,Western Africa,Access to electricity (% of population),EG.ELC.ACCS.ZS,5.2,14.5,7.9,9.3,4.7,6,13.5,14.9,16.3,17.2,20.1,22.9,26,28.4,30.9,33.4,35.8,37.4,40.5,..
Guinea-Bissau,GNB,Africa,Western Africa,External balance on goods and services (% of GDP),NE.RSB.GNFS.ZS,-18.65862597,-28.00537785,-24.00392374,-21.60573773,-21.33913133,-18.23575624,-10.02126857,-15.89451143,-13.52861944,-13.48141641,-4.276951665,-6.75121097,-3.844986779,-4.065854376,-13.44454855,-12.10062542,-9.885429621,-16.49204875,-14.24367487,-15.70980045
Guinea-Bissau,GNB,Africa,Western Africa,GDP per capita (current US$),NY.GDP.PCAP.CD,463.0739627,448.5130755,519.0697898,640.2103311,583.1900201,600.1942985,719.5395735,635.4616533,654.3045344,652.022501,645.0668372,679.6653866,783.1231866,808.5316132,807.4255249,836.2673142,912.4841047,873.4378619,964.9275542,962.9836279
Guinea-Bissau,GNB,Africa,Western Africa,GDP per capita growth (annual %),NY.GDP.PCAP.KD.ZG,4.089957831,0.22059108,0.037650317,1.9208276,-0.124226604,2.91052834,5.2802733,-4.292389185,0.543365079,-1.653583366,3.440719781,2.817656989,2.144543054,1.32710524,3.12319463,-0.182995607,2.907244466,3.243892448,2.144320264,2.52743179
Guinea-Bissau,GNB,Africa,Western Africa,GDP (current US$),NY.GDP.MKTP.CD,639776040.7,634781901.3,753162998,952667544,890167833.4,940112538.9,1157074319,1049412177,1109682824,1135250721,1152384167,1245074264,1469978606,1554133594,1588767976,1683619352,1878659687,1839048748,2077816135,2119865935
Guyana,GUY,Americas,South America,"Total reserves (includes gold, current US$)",FI.RES.TOTL.CD,251872586.4,279636390.8,313007749.4,355913639.7,631410304.7,782063529.8,801777696.1,864028135.1,783621040.9,667925088.8,531887027.9,580981472.7,565363504.4,518509369.5,573446281.4,680634183.7,790784502.1,917877051.4,895275181.2,1009772164
Guyana,GUY,Americas,South America,Total reserves minus gold (current US$),FI.RES.XGLD.CD,251872586.4,279636390.8,313007749.4,355913639.7,631410304.7,782063529.8,801777696.1,864028135.1,783621040.9,667925088.8,531887027.9,580981472.7,565363504.4,518509369.5,573446281.4,680634183.7,790784502.1,917877051.4,895275181.2,1009772164
Guyana,GUY,Americas,South America,GDP growth (annual %),NY.GDP.MKTP.KD.ZG,-1.950957595,5.129609348,7.191236241,1.755223496,3.611508472,4.138441601,5.196251561,5.27633062,3.653384333,1.68649445,0.687404591,3.807456264,3.734491546,4.440912885,5.352840035,43.47965172,20.05999756,63.33463437,33.79501112,43.37200948
Guyana,GUY,Americas,South America,GDP per capita (constant 2015 US$),NY.GDP.PCAP.KD,3867.933082,4076.779817,4382.104497,4472.345179,4649.341448,4860.09111,5133.895398,5403.798994,5573.342179,5635.717041,5640.415606,5818.616822,5997.182714,6080.906121,6278.630541,9010.610005,10711.99734,17365.33364,23101.35383,32932.21358
Guyana,GUY,Americas,South America,GDP (constant 2015 US$),NY.GDP.MKTP.KD,2943164433,3094137271,3316643991,3374858506,3496741807,3641452425,3830671453,4032790344,4180123674,4250621228,4279840194,4442793237,4608708975,4813377726,5071030136,7275896377,8735441013,14268000638,19089873040,27369534584
Guyana,GUY,Americas,South America,Current account balance (% of GDP),BN.CAB.XOKA.GD.ZS,-11.67053823,-7.590538466,-6.066595503,-10.62293295,-7.284097273,-7.176246319,-10.08533626,-9.024419099,-10.94173657,-9.331747022,-0.907095962,3.372255537,-2.560425525,-26.67731108,-57.10700481,-11.6095975,-16.90761423,28.82077702,13.9022288,..
Guyana,GUY,Americas,South America,Access to electricity (% of population),EG.ELC.ACCS.ZS,77.5,73.4,78.5,79.1,77.6,83.3,84.2,85.1,86,86.9,88,89,90,90.9,91.6,92.3,92.9,93,98.9,..
Guyana,GUY,Americas,South America,External balance on goods and services (% of GDP),NE.RSB.GNFS.ZS,-25.10502017,..,..,..,..,..,..,..,..,..,..,..,..,..,..,..,..,..,..,..
Guyana,GUY,Americas,South America,GDP per capita (current US$),NY.GDP.PCAP.CD,1084.065414,3135.605535,3608.286852,4008.962867,4209.132306,4581.761797,4947.221706,5444.397519,5556.912312,5472.688205,5640.415606,5870.878238,6178.665044,6048.386972,6405.824434,6775.709391,9860.870148,17913.49281,20473.70022,29883.63412
Guyana,GUY,Americas,South America,GDP per capita growth (annual %),NY.GDP.PCAP.KD.ZG,-1.757156772,5.399440248,7.489359083,2.059300099,3.957571743,4.53289276,5.633727478,5.257286626,3.137481334,1.11916441,0.083371193,3.159363224,3.068871824,1.396045628,3.251561782,43.5123463,18.88204386,62.11107131,33.03144243,42.55534035
Guyana,GUY,Americas,South America,GDP (current US$),NY.GDP.MKTP.CD,824880550.3,2379817991,2730971595,3025187433,3165663153,3432912517,3691384318,4063088536,4167800929,4127660152,4279840194,4482697337,4748174334,4787636998,5173760192,5471256595,8041362110,14718388489,16918503597,24835899826
Haiti,HTI,Americas,Caribbean,"Total reserves (includes gold, current US$)",FI.RES.TOTL.CD,219055947.4,367815247,582010074.4,705361460.2,1092529059,1934159447,1923168995,2210669134,2444136224,1960922746,1902499198,2081778585,2316457387,2273981844,2355488438,2590258527,2457439222,2173397186,2586418762,2717628883
Haiti,HTI,Americas,Caribbean,Total reserves minus gold (current US$),FI.RES.XGLD.CD,218384943.4,366983751.4,580919529.4,704223827.2,1091106609,1932321053,1921166447,2208492622,2374003645,1890702829,1840780200,2015058019,2240968065,2199357170,2266811047,2480148341,2352803894,2067769333,2466360230,2565745293
Haiti,HTI,Americas,Caribbean,GDP growth (annual %),NY.GDP.MKTP.KD.ZG,3.072173377,1.768750603,4.70652994,2.658032308,5.890378948,-5.651511534,5.098213544,0.502424404,4.324784115,2.888772509,1.400000009,1.812468078,2.510271345,1.667810955,-1.723096998,-3.30550547,-1.798239889,-1.681983969,-1.863884203,-4.169633958
Haiti,HTI,Americas,Caribbean,GDP per capita (constant 2015 US$),NY.GDP.PCAP.KD,1304.333037,1305.038138,1343.611114,1356.534001,1412.896535,1317.583893,1369.169213,1354.885461,1392.382047,1411.768348,1411.126847,1416.748819,1432.672286,1437.352519,1394.421141,1331.697785,1292.71955,1256.721436,1219.118716,1154.873009
Haiti,HTI,Americas,Caribbean,GDP (constant 2015 US$),NY.GDP.MKTP.KD,11818917734,12027964913,12594064682,12928818991,13690375423,12916662277,13575181302,13643386326,14233433331,14644604840,14849629309,15118774100,15498296354,15756778638,15485274058,14973407477,14704149691,14456828251,14187369713,13595808327
Haiti,HTI,Americas,Caribbean,Current account balance (% of GDP),BN.CAB.XOKA.GD.ZS,0.10025391,-1.113128733,-0.929422111,-1.963148829,-1.053597025,-0.858601856,-2.487741446,-3.145018335,-3.763383894,-4.955821028,-1.823452841,-1.69084789,-2.152529383,-2.89019633,-1.122652603,0.355302484,0.419859714,-2.428975239,-3.438536611,..
Haiti,HTI,Americas,Caribbean,Access to electricity (% of population),EG.ELC.ACCS.ZS,34.5,33.9,35.5,36.1,36.6,37.2,37.8,37.9,38.9,39.6,40.8,40.4,43.3,44.4,45.4,46.3,47.2,49.3,51.3,..
Haiti,HTI,Americas,Caribbean,External balance on goods and services (% of GDP),NE.RSB.GNFS.ZS,-17.75048598,-19.01473428,-17.39517032,-18.562258,-15.26426819,-27.58094781,-23.99734207,-20.94805418,-19.29993824,-20.40185466,-18.41024415,-18.20696033,-20.0676071,-23.57693112,-23.45337191,-22.11187116,-22.89029976,-22.05203005,-20.24404373,-15.44633551
Haiti,HTI,Americas,Caribbean,GDP per capita (current US$),NY.GDP.PCAP.CD,775.8457041,828.8057003,984.5669834,1094.660584,1196.852871,1209.727335,1312.039536,1361.393966,1457.832212,1460.188986,1411.126847,1318.402682,1395.239452,1496.38049,1352.172042,1290.325387,1835.443941,1760.626357,1705.758085,2142.623305
Haiti,HTI,Americas,Caribbean,GDP per capita growth (annual %),NY.GDP.PCAP.KD.ZG,1.35443141,0.054058344,2.955697227,0.961802641,4.154892821,-6.745903855,3.915144942,-1.043242222,2.767509668,1.392311879,-0.045439505,0.398402974,1.123944279,0.32667856,-2.986837119,-4.498164422,-2.926958043,-2.784680848,-2.992128438,-5.269848333
Haiti,HTI,Americas,Caribbean,GDP (current US$),NY.GDP.MKTP.CD,7030149730,7638739123,9228637768,10432962635,11597002835,11859312725,13008746039,13708925477,14902488604,15146883498,14849629309,14069277526,15093357161,16403864618,15016090930,14508222518,20877414953,20253551921,19850585722,25224154991
Honduras,HND,Americas,Central America,"Total reserves (includes gold, current US$)",FI.RES.TOTL.CD,2338186933,2642084906,2545868542,2491985115,2109755373,2701658714,2783412546,2531802699,3008344136,3458313626,3754265678,3813545536,4708097401,4769082162,5744253369,8138457728,8666862381,8410394831,7543352780,8036257489
Honduras,HND,Americas,Central America,Total reserves minus gold (current US$),FI.RES.XGLD.CD,2327208733,2628480926,2528026292,2473372465,2086482873,2670774351,2749770454,2495238074,2981876534,3431758698,3730883436,3788205638,4679394465,4740702501,5710486083,8096529091,8626200784,8369906372,7497278127,7977882379
Honduras,HND,Americas,Central America,GDP growth (annual %),NY.GDP.MKTP.KD.ZG,6.050599222,6.567243552,6.188327167,4.23160011,-2.43162788,3.731140344,3.835690662,4.128687749,2.791559757,3.058080562,3.840079971,3.892972197,4.842913911,3.84499477,2.559634346,-8.965082233,12.56528438,4.14356194,3.575847605,3.553970033
Honduras,HND,Americas,Central America,GDP per capita (constant 2015 US$),NY.GDP.PCAP.KD,1975.856479,2056.534915,2134.195406,2175.147094,2076.308599,2108.473145,2144.562655,2188.393788,2205.401267,2229.247722,2271.20266,2315.729831,2383.373984,2430.135037,2447.616493,2189.431687,2423.766349,2482.223849,2527.273663,2573.3716
Honduras,HND,Americas,Central America,GDP (constant 2015 US$),NY.GDP.MKTP.KD,14776156180,15746542344,16720989902,17428555329,17004757718,17639229094,18315815357,19072018182,19604424966,20203944076,20979791685,21796529143,22852116285,23730778961,24338200129,22156260474,24940257610,25973672632,26902451582,27858556650
Honduras,HND,Americas,Central America,Current account balance (% of GDP),BN.CAB.XOKA.GD.ZS,-3.119141257,-3.504962537,-9.029473634,-15.34285206,-3.815963041,-5.076429076,-7.953918119,-8.531405029,-9.527293886,-6.945166366,-4.670901416,-3.143414009,-1.245895113,-6.572346508,-2.656008564,2.851352573,-5.464342925,-6.862342456,-3.98129051,-4.610289187
Honduras,HND,Americas,Central America,Access to electricity (% of population),EG.ELC.ACCS.ZS,68.9,71.3,73.5,76.4,78.3,81,82.2,83.6,87.2,88.7,90,91.6,86.5,91.6,91.1,93.1,94.1,94.4,95.6,..
Honduras,HND,Americas,Central America,External balance on goods and services (% of GDP),NE.RSB.GNFS.ZS,-18.47808459,-21.022551,-28.05261184,-33.09840182,-17.84450438,-17.92402585,-19.70152925,-19.38261817,-20.42306861,-17.84978782,-16.93089044,-14.38750739,-15.62540141,-20.64152909,-19.02205052,-16.25057618,-24.64184674,-27.82016132,-24.05461889,-24.0119566
Honduras,HND,Americas,Central America,GDP per capita (current US$),NY.GDP.PCAP.CD,1304.700392,1425.847801,1577.737892,1732.490627,1781.157036,1893.327227,2073.661211,2126.034747,2081.128435,2179.88172,2271.20266,2307.344684,2413.007656,2464.642415,2502.327443,2307.614943,2735.147515,3003.289968,3227.457625,3426.434833
Honduras,HND,Americas,Central America,GDP per capita growth (annual %),NY.GDP.PCAP.KD.ZG,3.507079755,4.083213351,3.776278786,1.918834963,-4.543991317,1.549121631,1.711641948,2.04382617,0.777167217,1.081275113,1.88202222,1.960510683,2.921072783,1.961968725,0.719361516,-10.54841749,10.70299037,2.411845511,1.814897327,1.824018399
Honduras,HND,Americas,Central America,GDP (current US$),NY.GDP.MKTP.CD,9757012697,10917477066,12361257681,13881731876,14587496229,15839344592,17710275685,18528554398,18499729215,19756533972,20979791685,21717604952,23136247991,24067750760,24882225742,23352232484,28144331507,31426041807,34355805528,37093565854
"Hong Kong SAR, China",HKG,Asia,Eastern Asia,"Total reserves (includes gold, current US$)",FI.RES.TOTL.CD,1.24278E+11,1.33211E+11,1.52693E+11,1.82527E+11,2.55841E+11,..,2.85399E+11,3.17362E+11,3.1121E+11,3.28517E+11,3.58773E+11,3.86293E+11,4.31442E+11,4.2462E+11,4.4135E+11,4.91776E+11,4.96867E+11,4.2403E+11,4.25554E+11,..
"Hong Kong SAR, China",HKG,Asia,Eastern Asia,Total reserves minus gold (current US$),FI.RES.XGLD.CD,1.24244E+11,1.33168E+11,1.52637E+11,1.82469E+11,2.55768E+11,..,2.85296E+11,3.17251E+11,3.11129E+11,3.28436E+11,3.58702E+11,3.86217E+11,4.31355E+11,4.24534E+11,4.41248E+11,4.91649E+11,4.96745E+11,4.23908E+11,4.25416E+11,..
"Hong Kong SAR, China",HKG,Asia,Eastern Asia,GDP growth (annual %),NY.GDP.MKTP.KD.ZG,7.388176319,7.032624791,6.464864119,2.127920936,-2.459140986,6.767665817,4.814681001,1.700293803,3.101516964,2.762430301,2.387783395,2.175436928,3.796113581,2.846934576,-1.672395165,-6.544783202,6.454424733,-3.683751417,3.214489017,2.541197539
"Hong Kong SAR, China",HKG,Asia,Eastern Asia,GDP per capita (constant 2015 US$),NY.GDP.PCAP.KD,32401.40239,34458.04535,36371.70019,36924.10484,35938.61065,38090.035,39656.34373,39887.83357,40959.97816,41796.86657,42432.16197,43087.54896,44380.81458,45280.50519,44195.29698,41451.32626,44530.94835,43281.72145,43546.71268,44724.53714
"Hong Kong SAR, China",HKG,Asia,Eastern Asia,GDP (constant 2015 US$),NY.GDP.MKTP.KD,2.20757E+11,2.36282E+11,2.51558E+11,2.56911E+11,2.50593E+11,2.67552E+11,2.80434E+11,2.85202E+11,2.94048E+11,3.0217E+11,3.09386E+11,3.16116E+11,3.28116E+11,3.37457E+11,3.31814E+11,3.10097E+11,3.30112E+11,3.17952E+11,3.28172E+11,3.36512E+11
"Hong Kong SAR, China",HKG,Asia,Eastern Asia,Current account balance (% of GDP),BN.CAB.XOKA.GD.ZS,11.88231966,12.68771953,13.02222502,14.99098916,9.883590423,7.003273063,5.556417879,1.579162534,1.520032105,1.392010987,3.317562788,3.954409376,4.577291822,3.736035658,5.85365355,6.994121895,11.83305684,10.18321203,8.486180903,12.90735514
"Hong Kong SAR, China",HKG,Asia,Eastern Asia,Access to electricity (% of population),EG.ELC.ACCS.ZS,100,100,100,100,100,100,100,100,100,100,100,100,100,100,100,100,100,100,100,..
"Hong Kong SAR, China",HKG,Asia,Eastern Asia,External balance on goods and services (% of GDP),NE.RSB.GNFS.ZS,12.21662388,11.16166484,10.67535117,10.17354744,7.872556494,5.874633796,3.850126394,1.130600537,0.600101482,0.204955299,2.389253965,2.283026004,1.009132539,-0.21375954,1.559109209,1.929259849,5.568846011,4.091892791,0.586474487,4.055847778
"Hong Kong SAR, China",HKG,Asia,Eastern Asia,GDP per capita (current US$),NY.GDP.PCAP.CD,26649.63772,28224.09516,30593.95117,31515.52921,30697.53839,32550.13649,35142.48793,36730.7962,38403.77771,40315.37395,42432.16197,43734.19807,46160.42979,48537.56689,48359.0012,46109.22999,49770.56424,48825.84419,50565.46477,54107.03452
"Hong Kong SAR, China",HKG,Asia,Eastern Asia,GDP per capita growth (annual %),NY.GDP.PCAP.KD.ZG,6.92005138,6.347388725,5.55357919,1.518775988,-2.668972458,5.986387092,4.11212205,0.58373976,2.687898765,2.043185682,1.519959412,1.544552418,3.001483377,2.027206171,-2.396634506,-6.208739179,7.429489879,-2.805300449,0.612247418,2.704737945
"Hong Kong SAR, China",HKG,Asia,Eastern Asia,GDP (current US$),NY.GDP.MKTP.CD,1.81569E+11,1.93535E+11,2.11597E+11,2.19279E+11,2.14048E+11,2.28639E+11,2.48514E+11,2.62629E+11,2.75697E+11,2.9146E+11,3.09386E+11,3.2086E+11,3.41273E+11,3.61731E+11,3.63075E+11,3.44943E+11,3.68954E+11,3.5868E+11,3.81066E+11,4.07107E+11
Hungary,HUN,Europe,Eastern Europe,"Total reserves (includes gold, current US$)",FI.RES.TOTL.CD,18602833678,21589904537,24052210871,33873898858,44181292717,44988182851,48831918089,44670620404,46508013998,42019881301,33124288326,25824253667,28002680652,31366581856,31831003375,41349416013,43483375179,41218685384,45718623573,46422357554
Hungary,HUN,Europe,Eastern Europe,Total reserves minus gold (current US$),FI.RES.XGLD.CD,18552097978,21527033807,23969752996,33787880583,44073738967,44849178901,48680502189,44506050804,46388888948,41900607901,33019454326,25824253667,27874456802,30068270406,30288204375,39433731713,37953911379,35712766084,39453052373,37193970854
Hungary,HUN,Europe,Eastern Europe,GDP growth (annual %),NY.GDP.MKTP.KD.ZG,4.300283185,3.933931627,0.332354338,0.993437085,-6.740166085,1.067950682,1.916709166,-1.339484465,2.032169907,4.334353641,3.659816154,2.438641413,4.124183895,5.606138138,5.077184951,-4.3387254,7.222915808,4.270347552,-0.842528841,0.512305791
Hungary,HUN,Europe,Eastern Europe,GDP per capita (constant 2015 US$),NY.GDP.PCAP.KD,11272.73454,11734.45447,11791.70744,11929.72099,11142.88593,11287.36867,11536.3579,11440.76227,11729.57208,12287.37794,12782.94126,13145.65599,13734.24428,14533.77831,15290.80855,14664.29712,15787.95354,16506.4721,16389.39145,16524.81686
Hungary,HUN,Europe,Eastern Europe,GDP (constant 2015 US$),NY.GDP.MKTP.KD,1.13709E+11,1.18182E+11,1.18575E+11,1.19753E+11,1.11681E+11,1.12874E+11,1.15037E+11,1.13497E+11,1.15803E+11,1.20822E+11,1.25244E+11,1.28298E+11,1.3359E+11,1.41079E+11,1.48242E+11,1.4181E+11,1.52053E+11,1.58546E+11,1.5721E+11,1.58015E+11
Hungary,HUN,Europe,Eastern Europe,Current account balance (% of GDP),BN.CAB.XOKA.GD.ZS,-9.886810197,-7.285442703,-7.286364401,-7.268320362,-1.219749514,-0.188218208,0.428842718,1.079045123,2.991090622,0.747477578,2.118560595,4.402340473,1.719546551,0.340906702,-0.606737569,-0.850111356,-3.877304865,-8.279671542,0.350930604,2.266224341
Hungary,HUN,Europe,Eastern Europe,Access to electricity (% of population),EG.ELC.ACCS.ZS,99.9,99.9,100,100,100,100,100,100,100,100,100,100,100,100,100,100,100,100,100,..
Hungary,HUN,Europe,Eastern Europe,External balance on goods and services (% of GDP),NE.RSB.GNFS.ZS,-2.961768093,-1.618558611,0.042898909,-0.04533439,3.400021913,4.668047005,5.631953426,5.999520803,6.311545623,5.695973134,7.57902978,8.250982419,6.45945085,4.092700222,2.205844929,1.871185827,0.111624334,-4.801753859,4.563524455,5.550146138
Hungary,HUN,Europe,Eastern Europe,GDP per capita (current US$),NY.GDP.PCAP.CD,11212.2047,11478.48916,13934.60546,15762.63225,13051.18318,13189.84339,14211.46056,12950.15945,13739.46202,14352.50188,12782.94126,13215.86053,14736.16682,16605.05705,17012.85986,16386.93088,19030.62813,18483.63669,22312.17903,23310.75127
Hungary,HUN,Europe,Eastern Europe,GDP per capita growth (annual %),NY.GDP.PCAP.KD.ZG,4.507920786,4.095899965,0.487904818,1.170428844,-6.595586428,1.296636608,2.205910345,-0.828646516,2.524393053,4.755551698,4.033108739,2.837490398,4.477435682,5.821463618,5.208764134,-4.09730738,7.662531754,4.551055711,-0.709301494,0.826299203
Hungary,HUN,Europe,Eastern Europe,GDP (current US$),NY.GDP.MKTP.CD,1.13098E+11,1.15604E+11,1.40123E+11,1.58228E+11,1.30807E+11,1.31899E+11,1.41713E+11,1.2847E+11,1.35646E+11,1.41129E+11,1.25244E+11,1.28984E+11,1.43335E+11,1.61185E+11,1.64937E+11,1.58468E+11,1.83283E+11,1.77537E+11,2.14023E+11,2.22905E+11
Iceland,ISL,Europe,Northern Europe,"Total reserves (includes gold, current US$)",FI.RES.TOTL.CD,1068602214,2342225223,2631913597,3570697294,3882623016,5788562800,8548042323,4191506844,4237652259,4177067541,5040573412,7225621330,6566175920,6321213332,6782387112,6419314385,7078849096,5887412718,5808710368,6402950469
Iceland,ISL,Europe,Northern Europe,Total reserves minus gold (current US$),FI.RES.XGLD.CD,1035688647,2301280989,2578650500,3515220211,3813240516,5698912855,8450364523,4085343644,4160805159,4100124741,4972945412,7152512910,6483459220,6239444062,6685219712,6298662205,6962726716,5771784788,5677129248,6236489889
Iceland,ISL,Europe,Northern Europe,GDP growth (annual %),NY.GDP.MKTP.KD.ZG,6.124439054,6.316993022,8.454860104,2.209496413,-7.66380952,-2.832774923,1.845779149,1.063636596,4.552460289,1.687215035,4.436663739,6.303687125,4.194948789,4.889173002,1.861177946,-6.940453068,5.033406131,8.978970852,5.646461819,0.516863122
Iceland,ISL,Europe,Northern Europe,GDP per capita (constant 2015 US$),NY.GDP.PCAP.KD,48850.76588,50731.69068,53646.36901,53821.47081,49527.39884,48193.70141,48933.54566,49191.57441,50946.81624,51233.24404,52951.68151,55513.64231,56501.45767,57697.80442,57493.41953,52641.72349,54392.38315,57804.76107,59307.1822,57954.56567
Iceland,ISL,Europe,Northern Europe,GDP (constant 2015 US$),NY.GDP.MKTP.KD,14495683163,15411374457,16714384607,17083688336,15774427003,15327572990,15610486136,15776524980,16494745015,16773046832,17517210519,18621440663,19402600563,20351227271,20729999825,19291243916,20262250570,22081592143,23328420812,23448996816
Iceland,ISL,Europe,Northern Europe,Current account balance (% of GDP),BN.CAB.XOKA.GD.ZS,-15.82013521,-22.93176257,-13.8265961,-23.17350307,-8.906704378,-5.971982431,-4.530769198,-2.890005266,6.870125045,4.996435964,6.368292409,9.223153852,4.996447621,4.512176272,7.454965463,1.934657612,-2.618941855,-1.899596912,-1.01080186,-2.590839383
Iceland,ISL,Europe,Northern Europe,Access to electricity (% of population),EG.ELC.ACCS.ZS,100,100,100,100,100,100,100,100,100,100,100,100,100,100,100,100,100,100,100,..
Iceland,ISL,Europe,Northern Europe,External balance on goods and services (% of GDP),NE.RSB.GNFS.ZS,-11.73384177,-16.72502926,-8.990710839,-2.087221903,8.044866945,9.846069495,7.682370761,5.766633973,7.705979414,6.372604008,7.485234985,6.635048954,4.485533039,3.456617812,4.563751098,-1.355785528,-1.946250096,-0.461634843,0.153742096,-1.144374054
Iceland,ISL,Europe,Northern Europe,GDP per capita (current US$),NY.GDP.PCAP.CD,56794.85016,57492.93425,69495.72674,56943.37045,41301.27322,43237.07295,47714.59223,45995.54788,49804.983,54576.74481,52951.68151,61987.92636,72010.14903,74452.18907,68452.23622,59023.56635,69178.4047,75121.01523,79960.09615,82703.85799
Iceland,ISL,Europe,Northern Europe,GDP per capita growth (annual %),NY.GDP.PCAP.KD.ZG,4.457828939,3.850348629,5.745281295,0.326400094,-7.978362365,-2.692847715,1.535147192,0.527304422,3.568175752,0.562209406,3.354145353,4.838299232,1.779410096,2.117373247,-0.35423339,-8.438697985,3.325612346,6.273631939,2.599130427,-2.280695998
Iceland,ISL,Europe,Northern Europe,GDP (current US$),NY.GDP.MKTP.CD,16852963067,17465318552,21652505597,18074622987,13154414219,13751161918,15221622926,14751508134,16125060515,17867662178,17517210519,20793168031,24728285177,26260850582,24681343649,21629953194,25770339317,28696453180,31452223862,33462807983
India,IND,Asia,Southern Asia,"Total reserves (includes gold, current US$)",FI.RES.TOTL.CD,1.37825E+11,1.7805E+11,2.76578E+11,2.57423E+11,2.84683E+11,3.0048E+11,2.98739E+11,3.00426E+11,2.98092E+11,3.25081E+11,3.53319E+11,3.61694E+11,4.12614E+11,3.99167E+11,4.6347E+11,5.90227E+11,6.38485E+11,5.67298E+11,6.27793E+11,6.43043E+11
India,IND,Asia,Southern Asia,Total reserves minus gold (current US$),FI.RES.XGLD.CD,1.31924E+11,1.70738E+11,2.66988E+11,2.47419E+11,2.65182E+11,2.75277E+11,2.71285E+11,2.70587E+11,2.76493E+11,3.03455E+11,3.34311E+11,3.41145E+11,3.8935E+11,3.74425E+11,4.32378E+11,5.49087E+11,5.94356E+11,5.21419E+11,5.74509E+11,5.69544E+11
India,IND,Asia,Southern Asia,GDP growth (annual %),NY.GDP.MKTP.KD.ZG,7.923430621,8.060732572,7.660815067,3.086698059,7.861888833,8.497584702,5.241316199,5.456387552,6.386106401,7.410227605,7.996253786,8.256305502,6.795383419,6.453851345,3.871436941,-5.777724707,9.689592492,7.609364978,9.19075493,6.48422363
India,IND,Asia,Southern Asia,GDP per capita (constant 2015 US$),NY.GDP.PCAP.KD,947.7325656,1008.232753,1069.246968,1086.506053,1155.101633,1235.159391,1281.610544,1333.096266,1399.453798,1484.316407,1583.998159,1694.46535,1788.697703,1883.357727,1936.030677,1806.501106,1965.309434,2098.211245,2270.905181,2396.712719
India,IND,Asia,Southern Asia,GDP (constant 2015 US$),NY.GDP.MKTP.KD,1.09432E+12,1.18253E+12,1.27313E+12,1.31242E+12,1.41561E+12,1.5359E+12,1.6164E+12,1.7046E+12,1.81345E+12,1.94783E+12,2.10359E+12,2.27727E+12,2.43202E+12,2.58897E+12,2.68921E+12,2.53383E+12,2.77935E+12,2.99084E+12,3.26572E+12,3.47748E+12
India,IND,Asia,Southern Asia,Current account balance (% of GDP),BN.CAB.XOKA.GD.ZS,-1.253504002,-0.988988303,-0.663717649,-2.583377493,-1.951462091,-3.253483689,-3.429284686,-5.004889718,-2.645667117,-1.339508965,-1.067549072,-0.527880606,-1.439488203,-2.426975458,-1.049612039,1.22362111,-1.055241668,-2.362474815,-0.878262847,-0.821660553
India,IND,Asia,Southern Asia,Access to electricity (% of population),EG.ELC.ACCS.ZS,68.8,67.9,72.3,74.1,75,76.3,79.5,79.9,83.1,85.1,88,89.6,91.8,95.7,95.9,96.5,99.6,99.2,99.5,..
India,IND,Asia,Southern Asia,External balance on goods and services (% of GDP),NE.RSB.GNFS.ZS,-2.791176225,-3.188597655,-4.086869182,-5.173505919,-5.471830894,-4.45334,-6.543057374,-6.724860406,-2.982409346,-2.986259731,-2.296535553,-1.766015892,-3.158967276,-3.761312135,-2.576873736,-0.39315147,-2.624772123,-3.572187741,-2.095446721,-2.314847993
India,IND,Asia,Southern Asia,GDP per capita (current US$),NY.GDP.PCAP.CD,710.4880804,801.6683537,1021.887077,992.5195849,1094.949746,1347.519391,1445.461275,1429.321995,1432.843975,1553.883961,1583.998159,1707.508929,1950.104683,1966.254552,2041.428637,1907.042516,2239.613844,2347.448294,2530.120313,2696.6639
India,IND,Asia,Southern Asia,GDP per capita growth (annual %),NY.GDP.PCAP.KD.ZG,6.177028925,6.383677209,6.051600137,1.614134517,6.313409858,6.930797804,3.760741531,4.017267358,4.977699973,6.063980742,6.715667346,6.973946909,5.561185035,5.292119719,2.7967576,-6.690471028,8.790934477,6.762386017,8.230531433,5.539973172
India,IND,Asia,Southern Asia,GDP (current US$),NY.GDP.MKTP.CD,8.20384E+11,9.4026E+11,1.21674E+12,1.1989E+12,1.34189E+12,1.67562E+12,1.82305E+12,1.82764E+12,1.85672E+12,2.03913E+12,2.10359E+12,2.2948E+12,2.65147E+12,2.70293E+12,2.83561E+12,2.67485E+12,3.16727E+12,3.34611E+12,3.63849E+12,3.91269E+12
Indonesia,IDN,Asia,South-Eastern Asia,"Total reserves (includes gold, current US$)",FI.RES.TOTL.CD,34730799049,42597040282,56935744023,51640625721,66118917968,96210980584,1.10137E+11,1.12798E+11,99386826239,1.11863E+11,1.05929E+11,1.1637E+11,1.30215E+11,1.20661E+11,1.29186E+11,1.35916E+11,1.44908E+11,1.37222E+11,1.46359E+11,1.55708E+11
Indonesia,IDN,Asia,South-Eastern Asia,Total reserves minus gold (current US$),FI.RES.XGLD.CD,33140499049,41103145282,54976431523,49596713221,63563292968,92908055584,1.06539E+11,1.08837E+11,96363531239,1.08836E+11,1.03268E+11,1.13493E+11,1.26857E+11,1.17425E+11,1.25339E+11,1.31139E+11,1.4031E+11,1.32644E+11,1.41149E+11,1.49118E+11
Indonesia,IDN,Asia,South-Eastern Asia,GDP growth (annual %),NY.GDP.MKTP.KD.ZG,5.692571304,5.500951785,6.345022227,6.0137036,4.628871183,6.223854181,6.169784208,6.030050653,5.557263689,5.006668426,4.8763223,5.033069183,5.069785901,5.17429154,5.01928768,-2.065511829,3.702885628,5.307197227,5.049023318,5.030344694
Indonesia,IDN,Asia,South-Eastern Asia,GDP per capita (constant 2015 US$),NY.GDP.PCAP.KD,2155.447802,2244.080223,2355.152857,2464.601934,2546.219697,2670.81291,2799.624688,2930.518445,3055.24246,3170.72103,3288.222697,3416.810052,3553.519993,3701.321555,3850.903217,3739.449066,3850.688773,4024.912253,4192.651679,4367.862666
Indonesia,IDN,Asia,South-Eastern Asia,GDP (constant 2015 US$),NY.GDP.MKTP.KD,4.97632E+11,5.25006E+11,5.58318E+11,5.91894E+11,6.19292E+11,6.57835E+11,6.98422E+11,7.40538E+11,7.81691E+11,8.20828E+11,8.60854E+11,9.04182E+11,9.50022E+11,9.99179E+11,1.04933E+12,1.02766E+12,1.06571E+12,1.12227E+12,1.17893E+12,1.23824E+12
Indonesia,IDN,Asia,South-Eastern Asia,Current account balance (% of GDP),BN.CAB.XOKA.GD.ZS,0.097088246,2.97870868,2.427264127,0.024693325,1.969770562,0.681277287,0.188703954,-2.660273595,-3.189964829,-3.088169075,-2.035041927,-1.819150893,-1.5946569,-2.939072915,-2.705661981,-0.418606248,0.295885915,1.001828751,-0.148899339,-0.621711021
Indonesia,IDN,Asia,South-Eastern Asia,Access to electricity (% of population),EG.ELC.ACCS.ZS,84.8,90.6,91.1,92.7,93.6,94.2,94.8,96,96.5,97,97.5,97.6,98.1,98.5,98.9,97,99.2,100,99.4,..
Indonesia,IDN,Asia,South-Eastern Asia,External balance on goods and services (% of GDP),NE.RSB.GNFS.ZS,4.146599387,5.412305814,4.042186992,1.055168703,2.806117969,1.896787997,2.474692994,-0.394140723,-0.790219917,-0.748206392,0.382718278,0.756645905,0.9991118,-1.068815961,-0.444721942,1.69016117,2.628353003,3.541153177,2.171407537,1.793978435
Indonesia,IDN,Asia,South-Eastern Asia,GDP per capita (current US$),NY.GDP.PCAP.CD,1238.214476,1558.315628,1823.219763,2124.554839,2218.485419,3065.683484,3579.464425,3632.27254,3566.602845,3441.068085,3288.222697,3521.469435,3798.883262,3860.953531,4106.948562,3853.702888,4287.17314,4730.834848,4876.307745,4925.430488
Indonesia,IDN,Asia,South-Eastern Asia,GDP per capita growth (annual %),NY.GDP.PCAP.KD.ZG,4.344355842,4.112018902,4.949583923,4.647217583,3.311600213,4.893262469,4.822942765,4.675403742,4.256039232,3.779685952,3.705834289,3.910542755,4.001098652,4.159300139,4.041304182,-2.89423404,2.974761922,4.524475766,4.16753001,4.179001756
Indonesia,IDN,Asia,South-Eastern Asia,GDP (current US$),NY.GDP.MKTP.CD,2.85869E+11,3.64571E+11,4.32217E+11,5.10229E+11,5.3958E+11,7.55094E+11,8.92969E+11,9.1787E+11,9.12524E+11,8.90815E+11,8.60854E+11,9.31877E+11,1.01562E+12,1.04227E+12,1.1191E+12,1.05905E+12,1.18651E+12,1.3191E+12,1.37117E+12,1.3963E+12
"Iran, Islamic Rep.",IRN,Asia,Southern Asia,"Total reserves (includes gold, current US$)",FI.RES.TOTL.CD,..,..,..,..,..,..,..,..,..,..,..,..,..,..,..,..,..,..,..,..
"Iran, Islamic Rep.",IRN,Asia,Southern Asia,Total reserves minus gold (current US$),FI.RES.XGLD.CD,..,..,..,..,..,..,..,..,..,..,..,..,..,..,..,..,..,..,..,..
"Iran, Islamic Rep.",IRN,Asia,Southern Asia,GDP growth (annual %),NY.GDP.MKTP.KD.ZG,3.189804081,4.999795269,8.155773518,0.250856553,1.007385463,5.797938296,2.64571792,-3.747171399,-1.521979205,4.984775067,-1.424884939,8.815086643,2.758505246,-1.838007571,-3.070587985,3.330288459,4.719777732,3.776631402,5.044890195,3.040000309
"Iran, Islamic Rep.",IRN,Asia,Southern Asia,GDP per capita (constant 2015 US$),NY.GDP.PCAP.KD,4650.358415,4778.793459,5084.71796,5035.940085,5023.893144,5249.061334,5321.758707,5058.646378,4916.972919,5093.203197,4952.733555,5312.61725,5381.1871,5215.34607,5000.98599,5127.959757,5325.546805,5460.694571,5667.526461,5778.656172
"Iran, Islamic Rep.",IRN,Asia,Southern Asia,GDP (constant 2015 US$),NY.GDP.MKTP.KD,3.34028E+11,3.50729E+11,3.79333E+11,3.80285E+11,3.84116E+11,4.06387E+11,4.17139E+11,4.01508E+11,3.95397E+11,4.15106E+11,4.09192E+11,4.45262E+11,4.57545E+11,4.49135E+11,4.35344E+11,4.49842E+11,4.71074E+11,4.88865E+11,5.13527E+11,5.29138E+11
"Iran, Islamic Rep.",IRN,Asia,Southern Asia,Current account balance (% of GDP),BN.CAB.XOKA.GD.ZS,..,..,..,..,..,..,..,..,..,..,..,..,..,..,..,..,..,..,..,..
"Iran, Islamic Rep.",IRN,Asia,Southern Asia,Access to electricity (% of population),EG.ELC.ACCS.ZS,98.4,98.4,98.7,98.8,99.7,99.4,99.5,99.5,99.8,100,100,100,99.9,100,100,100,100,100,100,..
"Iran, Islamic Rep.",IRN,Asia,Southern Asia,External balance on goods and services (% of GDP),NE.RSB.GNFS.ZS,6.221143109,6.570711787,7.799917888,4.924852129,1.723398051,5.028662829,8.647211461,0.861253718,3.279095564,0.309924637,-1.980919647,1.935569077,0.72650576,3.667670485,-3.786599815,-4.960946635,1.304629927,2.034266299,-3.777949495,-3.924261269
"Iran, Islamic Rep.",IRN,Asia,Southern Asia,GDP per capita (current US$),NY.GDP.PCAP.CD,3132.050819,3618.916014,4687.991663,5377.411507,5415.522806,6291.194437,8025.687434,8114.080998,6222.741948,5672.063729,4952.733555,5477.037124,5753.115447,4631.78709,3831.278948,2988.781224,4334.792686,4405.092915,4465.637669,4771.40029
"Iran, Islamic Rep.",IRN,Asia,Southern Asia,GDP per capita growth (annual %),NY.GDP.PCAP.KD.ZG,0.931246308,2.761831077,6.401710063,-0.959303457,-0.239219317,4.481946239,1.384959505,-4.94408604,-2.80061993,3.584121378,-2.757982281,7.266364932,1.290698109,-3.081867017,-4.110179395,2.538974658,3.85313179,2.53772563,3.787648033,1.960815034
"Iran, Islamic Rep.",IRN,Asia,Southern Asia,GDP (current US$),NY.GDP.MKTP.CD,2.2497E+11,2.65602E+11,3.49737E+11,4.06071E+11,4.14059E+11,4.8707E+11,6.29082E+11,6.44019E+11,5.004E+11,4.62285E+11,4.09192E+11,4.59043E+11,4.89169E+11,3.9888E+11,3.33519E+11,2.62186E+11,3.83436E+11,3.94363E+11,4.04626E+11,4.36906E+11
Iraq,IRQ,Asia,Western Asia,"Total reserves (includes gold, current US$)",FI.RES.TOTL.CD,12200841777,20051759952,31454864112,50101816706,44332623238,50622117150,61033121084,70327019949,77747258750,66281655807,53992019679,45298562241,49315419400,64719421423,68017647834,54424472658,64231022303,97009236972,1.12233E+11,1.00691E+11
Iraq,IRQ,Asia,Western Asia,Total reserves minus gold (current US$),FI.RES.XGLD.CD,12104090954,19931867508,31297619617,49937782643,44127521722,50357041122,60744375869,68733378174,76112204641,62798913763,50930903122,41989379729,45571327310,60752414325,63303605926,48562062658,58588712303,89415490472,1.02779E+11,87047970882
Iraq,IRQ,Asia,Western Asia,GDP growth (annual %),NY.GDP.MKTP.KD.ZG,1.675228636,5.638299152,1.888539362,8.228107104,3.379299094,6.402564845,7.5464712,13.93643017,7.628285923,2.263688176,2.606766429,13.78737302,-1.819750351,2.633850991,5.513790575,-12.03679309,1.50218071,7.95904805,0.517705525,-1.545251983
Iraq,IRQ,Asia,Western Asia,GDP per capita (constant 2015 US$),NY.GDP.PCAP.KD,3310.863445,3471.987447,3565.580541,3781.780017,3768.172843,3881.94327,4030.016869,4387.904691,4504.826875,4446.973432,4440.141893,4932.927291,4736.327108,4749.009218,4898.148977,4213.998438,4182.50064,4412.997331,4337.087053,4180.296195
Iraq,IRQ,Asia,Western Asia,GDP (constant 2015 US$),NY.GDP.MKTP.KD,94053181142,99356180856,1.01233E+11,1.09562E+11,1.13265E+11,1.20516E+11,1.29611E+11,1.47674E+11,1.58939E+11,1.62537E+11,1.66774E+11,1.89768E+11,1.86315E+11,1.91222E+11,2.01765E+11,1.77479E+11,1.80145E+11,1.94483E+11,1.9549E+11,1.92469E+11
Iraq,IRQ,Asia,Western Asia,Current account balance (% of GDP),BN.CAB.XOKA.GD.ZS,-6.662125291,4.115919172,17.46943277,21.60880012,-1.010679254,4.684127574,14.06516673,13.55076352,6.858439215,6.94151192,-1.656021013,1.294166941,7.954621373,15.11627857,6.746645809,-3.485982266,11.71480379,20.18618833,10.55283971,..
Iraq,IRQ,Asia,Western Asia,Access to electricity (% of population),EG.ELC.ACCS.ZS,97.4,97.6,98.1,97.9,98.1,98.4,98,99.3,99,99.2,99.4,99.7,99.9,99.9,100,100,100,100,100,..
Iraq,IRQ,Asia,Western Asia,External balance on goods and services (% of GDP),NE.RSB.GNFS.ZS,-7.046799148,12.41336612,17.70682524,19.60107118,0.112841694,5.336178808,16.66371786,15.40818613,11.91705466,8.900966046,-0.563475716,1.62872717,8.051214435,15.80349228,7.113797977,-2.241761293,13.14003736,20.29309833,9.801143681,0.278564183
Iraq,IRQ,Asia,Western Asia,GDP per capita (current US$),NY.GDP.PCAP.CD,1762.393604,2276.554357,3128.990103,4542.96609,3714.71206,4461.751962,5775.542291,6477.596185,6650.352822,6249.39227,4440.141893,4334.420964,4759.284644,5646.689321,5671.856863,4295.189451,4868.494311,6520.731546,5965.318351,6073.610323
Iraq,IRQ,Asia,Western Asia,GDP per capita growth (annual %),NY.GDP.PCAP.KD.ZG,-1.293947596,4.866525151,2.69566337,6.06351403,-0.359808708,3.019246513,3.814419425,8.880553944,2.664647321,-1.284254526,-0.153622232,11.09841556,-3.985466873,0.267762551,3.140439433,-13.96753227,-0.747456309,5.510978021,-1.720152371,-3.615119008
Iraq,IRQ,Asia,Western Asia,GDP (current US$),NY.GDP.MKTP.CD,50065104668,65147051918,88837057320,1.31614E+11,1.11658E+11,1.38517E+11,1.8575E+11,2.18002E+11,2.34638E+11,2.28416E+11,1.66774E+11,1.66744E+11,1.87218E+11,2.27367E+11,2.33636E+11,1.80899E+11,2.09692E+11,2.87372E+11,2.68881E+11,2.79641E+11
Ireland,IRL,Europe,Northern Europe,"Total reserves (includes gold, current US$)",FI.RES.TOTL.CD,868977916.8,831899692.3,925477308.1,1038963263,2150685637,2113857314,1694805971,1707531869,1635949833,1749390343,2203153449,3589332627,4412516407,5222681913,5732541811,7463044895,13246996093,13039213741,12904794778,12697664212
Ireland,IRL,Europe,Northern Europe,Total reserves minus gold (current US$),FI.RES.XGLD.CD,778689916.8,720016492.3,778737308.1,871101513.3,1940798137,1842595814,1399322971,1386379869,1403481333,1516632343,1998573449,3368173927,4162291907,4975323463,5438602811,7098062595,12690045493,12337834291,12106645978,11687942512
Ireland,IRL,Europe,Northern Europe,GDP growth (annual %),NY.GDP.MKTP.KD.ZG,5.739782666,4.987854805,5.31011673,-4.484069567,-5.095781788,1.682972271,1.648774004,-0.398960482,2.192176195,9.33603375,24.6155699,1.222638492,10.04962848,7.544342141,5.040549962,7.1578988,16.25561352,8.619503456,-5.530007389,1.221334299
Ireland,IRL,Europe,Northern Europe,GDP per capita (constant 2015 US$),NY.GDP.PCAP.KD,50599.60448,51710.36227,52904.47326,49512.42629,46514.54267,47040.35439,47607.88535,47217.4432,47999.12382,52098.10499,64311.82347,64267.57273,69777.97736,73960.96123,76464.54289,80908.79243,92757.23,98776.15987,91647.7687,91514.33284
Ireland,IRL,Europe,Northern Europe,GDP (constant 2015 US$),NY.GDP.MKTP.KD,2.1049E+11,2.20989E+11,2.32724E+11,2.22288E+11,2.10961E+11,2.14511E+11,2.18048E+11,2.17178E+11,2.21939E+11,2.42659E+11,3.02391E+11,3.06089E+11,3.36849E+11,3.62262E+11,3.80522E+11,4.0776E+11,4.74044E+11,5.14904E+11,4.8643E+11,4.92371E+11
Ireland,IRL,Europe,Northern Europe,Current account balance (% of GDP),BN.CAB.XOKA.GD.ZS,-3.372038462,-3.386210969,-5.12758717,-5.555680757,-2.117797278,1.044960169,1.172225656,-3.391799434,2.396193736,2.074632679,6.166118367,-1.190436086,1.647766821,4.536842814,-20.56196144,-6.712762626,12.25627994,8.827774231,8.114688501,..
Ireland,IRL,Europe,Northern Europe,Access to electricity (% of population),EG.ELC.ACCS.ZS,100,100,100,100,100,100,100,100,100,100,100,100,100,100,100,100,100,100,100,..
Ireland,IRL,Europe,Northern Europe,External balance on goods and services (% of GDP),NE.RSB.GNFS.ZS,10.87980797,8.047547775,8.27672654,8.627120703,13.52084336,16.55500304,18.48915698,17.26115079,19.71975196,18.9917833,29.64364551,18.62992745,23.67639577,29.50755797,4.797320114,20.81730109,41.69129135,41.23938971,32.90054727,42.19073751
Ireland,IRL,Europe,Northern Europe,GDP per capita (current US$),NY.GDP.PCAP.CD,50933.02161,54329.16186,61396.41746,61353.10656,52133.09092,48679.40268,52692.78131,49411.73875,52619.21237,57278.25909,64311.82347,64192.94181,72198.1077,80738.96288,81810.19265,86622.50673,103961.9764,105234.5116,103887.8004,107316.3373
Ireland,IRL,Europe,Northern Europe,GDP per capita growth (annual %),NY.GDP.PCAP.KD.ZG,3.460941566,2.195190657,2.309229598,-6.411644913,-6.054810584,1.130424374,1.206476785,-0.820120764,1.655491211,8.53969999,23.44369048,-0.068806532,8.574160175,5.994704954,3.385004229,5.812170419,14.64419034,6.488906436,-7.216712186,-0.145596405
Ireland,IRL,Europe,Northern Europe,GDP (current US$),NY.GDP.MKTP.CD,2.11877E+11,2.32181E+11,2.70079E+11,2.75447E+11,2.36443E+11,2.21986E+11,2.41337E+11,2.27271E+11,2.43302E+11,2.66787E+11,3.02391E+11,3.05733E+11,3.48532E+11,3.95461E+11,4.07125E+11,4.36556E+11,5.31307E+11,5.4857E+11,5.51395E+11,5.77389E+11
Isle of Man,IMN,Europe,Northern Europe,"Total reserves (includes gold, current US$)",FI.RES.TOTL.CD,..,..,..,..,..,..,..,..,..,..,..,..,..,..,..,..,..,..,..,..
Isle of Man,IMN,Europe,Northern Europe,Total reserves minus gold (current US$),FI.RES.XGLD.CD,..,..,..,..,..,..,..,..,..,..,..,..,..,..,..,..,..,..,..,..
Isle of Man,IMN,Europe,Northern Europe,GDP growth (annual %),NY.GDP.MKTP.KD.ZG,5.899999336,7.699998713,7.50000023,4.900001001,2.100000272,3.399998424,1.999999382,7.303891085,4.141861588,5.155099837,-0.385866882,6.952302849,2.837758071,2.213397539,0.254877847,-8.836816975,3.837836323,-4.165393452,..,..
Isle of Man,IMN,Europe,Northern Europe,GDP per capita (constant 2015 US$),NY.GDP.PCAP.KD,58201.59908,62075.76016,66029.97559,68520.68256,69192.02582,70747.84176,71727.50551,77009.29786,80383.82731,84778.58066,84753.51874,90783.76472,93200.31081,95040.40617,95110.1386,86595.06761,89873.54201,86103.33793,..,..
Isle of Man,IMN,Europe,Northern Europe,GDP (constant 2015 US$),NY.GDP.MKTP.KD,4627958353,4984311086,5358134429,5620683070,5738717430,5933833732,6052510370,6494579135,6763575614,7112244689,7084800892,7577357706,7792384786,7964861239,7985161906,7279527764,7558904124,7244046027,..,..
Isle of Man,IMN,Europe,Northern Europe,Current account balance (% of GDP),BN.CAB.XOKA.GD.ZS,..,..,..,..,..,..,..,..,..,..,..,..,..,..,..,..,..,..,..,..
Isle of Man,IMN,Europe,Northern Europe,Access to electricity (% of population),EG.ELC.ACCS.ZS,100,100,100,100,100,100,100,100,100,100,100,100,100,100,100,100,100,100,100,..
Isle of Man,IMN,Europe,Northern Europe,External balance on goods and services (% of GDP),NE.RSB.GNFS.ZS,..,..,..,..,..,..,..,..,..,..,..,..,..,..,..,..,..,..,..,..
Isle of Man,IMN,Europe,Northern Europe,GDP per capita (current US$),NY.GDP.PCAP.CD,38135.85979,42627.50894,55040.2437,72276.77413,66156.10566,70587.31403,77808.85796,79329.20343,83207.65884,91885.45287,84753.51874,82025.94545,83481.30385,89393.82442,87127.5518,79513.53303,94299.96935,88328.54813,..,..
Isle of Man,IMN,Europe,Northern Europe,GDP per capita growth (annual %),NY.GDP.PCAP.KD.ZG,4.935770759,6.656451262,6.369983098,3.772085253,0.979767327,2.248548034,1.384725986,7.363691677,4.381976646,5.467210883,-0.02956162,7.115039082,2.661870315,1.974344667,0.073371345,-8.952853097,3.785982839,-4.195010004,..,..
Isle of Man,IMN,Europe,Northern Europe,GDP (current US$),NY.GDP.MKTP.CD,3032411027,3422733202,4466350656,5928791505,5486921247,5920369790,6565667053,6690228372,7001175623,7708454412,7084800892,6846377563,6979788334,7491649456,7314967866,6684225641,7931193222,7431257411,..,..
Israel,ISR,Asia,Western Asia,"Total reserves (includes gold, current US$)",FI.RES.TOTL.CD,28059414574,29153237864,28518505747,42513241647,60611355181,70907310771,74874110293,75907618701,81785518233,86101256622,90575018408,95446290282,1.1301E+11,1.15266E+11,1.26008E+11,1.73292E+11,2.12934E+11,1.94231E+11,2.04661E+11,2.14544E+11
Israel,ISR,Asia,Western Asia,Total reserves minus gold (current US$),FI.RES.XGLD.CD,28059414574,29153237864,28518505747,42513241647,60611355181,70907310771,74874110293,75907618701,81785518233,86101256622,90575018408,95446290282,1.1301E+11,1.15266E+11,1.26008E+11,1.73292E+11,2.12934E+11,1.94231E+11,2.04661E+11,2.14544E+11
Israel,ISR,Asia,Western Asia,GDP growth (annual %),NY.GDP.MKTP.KD.ZG,4.38778887,5.601626982,6.323349505,3.222096,1.237731597,5.534340339,5.518796214,2.447168367,4.085709186,3.775828432,2.237603175,4.459782719,4.346931167,4.003898622,3.710496328,-2.021615482,9.388374034,6.263263438,1.826520495,0.871968424
Israel,ISR,Asia,Western Asia,GDP per capita (constant 2015 US$),NY.GDP.PCAP.KD,29623.71728,30734.96198,32103.16286,32554.04132,32178.57274,33344.72133,34540.67498,34738.6587,35489.50866,36129.31461,36213.10415,37093.78791,37963.04912,38729.6426,39407.20161,37935.54327,40804.96898,42516.38881,42011.6214,41845.16606
Israel,ISR,Asia,Western Asia,GDP (constant 2015 US$),NY.GDP.MKTP.KD,2.05295E+11,2.16795E+11,2.30504E+11,2.37931E+11,2.40876E+11,2.54207E+11,2.68236E+11,2.748E+11,2.86028E+11,2.96828E+11,3.03469E+11,3.17004E+11,3.30783E+11,3.44028E+11,3.56793E+11,3.4958E+11,3.824E+11,4.0635E+11,4.13772E+11,4.1738E+11
Israel,ISR,Asia,Western Asia,Current account balance (% of GDP),BN.CAB.XOKA.GD.ZS,3.077618221,4.384314652,2.970469958,1.216010409,3.509507185,3.440684724,1.696413596,0.37281501,2.921789189,4.164789942,5.317734898,3.95715399,3.684009555,2.896764964,3.335394872,4.062971232,3.257864551,3.256800939,3.632283865,3.092805514
Israel,ISR,Asia,Western Asia,Access to electricity (% of population),EG.ELC.ACCS.ZS,100,100,100,100,100,100,100,100,100,100,100,100,100,100,100,100,100,100,100,..
Israel,ISR,Asia,Western Asia,External balance on goods and services (% of GDP),NE.RSB.GNFS.ZS,-0.684315086,-0.361958024,-1.37522073,-1.033779933,1.967485711,1.423675289,-0.545399028,-0.528188767,1.476190122,1.264765057,2.825760476,1.592986193,1.675203262,0.641250228,1.636735855,3.107925085,2.74512503,2.125803519,2.830684541,2.417522879
Israel,ISR,Asia,Western Asia,GDP per capita (current US$),NY.GDP.PCAP.CD,21286.83886,22527.26198,25721.25941,30269.21777,28508.49389,31439.0887,34522.5216,33321.43009,37034.31611,38343.30466,36213.10415,37671.53891,41138.47096,42362.66528,44250.63136,44575.5719,52270.90402,54949.62156,52003.72007,54176.68444
Israel,ISR,Asia,Western Asia,GDP per capita growth (annual %),NY.GDP.PCAP.KD.ZG,2.563664943,3.751199391,4.451610758,1.404467421,-1.153370111,3.623991033,3.586635609,0.573190077,2.161424719,1.802803078,0.231915658,2.431947714,2.343414522,2.01931484,1.749458447,-3.734490844,7.563950483,4.194145643,-1.187230213,-0.396212603
Israel,ISR,Asia,Western Asia,GDP (current US$),NY.GDP.MKTP.CD,1.4752E+11,1.58901E+11,1.84681E+11,2.21232E+11,2.13403E+11,2.39679E+11,2.68095E+11,2.63589E+11,2.98478E+11,3.15017E+11,3.03469E+11,3.21941E+11,3.58452E+11,3.76299E+11,4.00645E+11,4.10768E+11,4.89852E+11,5.25181E+11,5.12185E+11,5.4038E+11
Italy,ITA,Europe,Southern Europe,"Total reserves (includes gold, current US$)",FI.RES.TOTL.CD,65954006492,75773325816,94108647219,1.05649E+11,1.31497E+11,1.58478E+11,1.69872E+11,1.8167E+11,1.45725E+11,1.42756E+11,1.30592E+11,1.35133E+11,1.5112E+11,1.52362E+11,1.75398E+11,2.10687E+11,2.27478E+11,2.24581E+11,2.47396E+11,2.90547E+11
Italy,ITA,Europe,Southern Europe,Total reserves minus gold (current US$),FI.RES.XGLD.CD,25514729492,25661729245,28384966801,37087581338,45770376941,47684143902,49185158923,50498859373,50774976280,47688719255,47033692980,44803132687,48918641550,51330748572,55341387131,61613808653,84001664259,81714839462,84819454654,84874502826
Italy,ITA,Europe,Southern Europe,GDP growth (annual %),NY.GDP.MKTP.KD.ZG,0.762410677,1.799479922,1.462292053,-1.023138512,-5.305154012,1.529105732,0.695463154,-3.125238773,-1.818025107,-0.001387617,0.885667635,1.236221085,1.603699953,0.826646712,0.429162534,-8.868221222,8.931062108,4.821176699,0.715372501,0.72579238
Italy,ITA,Europe,Southern Europe,GDP per capita (constant 2015 US$),NY.GDP.PCAP.KD,33407.67547,33873.04937,34159.91092,33550.63408,31587.06384,31928.55436,32039.50325,30953.41474,30330.02216,30325.02878,30639.88298,31077.67927,31635.52277,31819.39718,32180.4341,29469.79892,32267.70911,33891.88665,34146.02323,34398.19761
Italy,ITA,Europe,Southern Europe,GDP (constant 2015 US$),NY.GDP.MKTP.KD,1.94321E+12,1.97818E+12,2.00711E+12,1.98657E+12,1.88118E+12,1.90995E+12,1.92323E+12,1.86312E+12,1.82925E+12,1.82923E+12,1.84543E+12,1.86824E+12,1.8982E+12,1.91389E+12,1.92211E+12,1.75165E+12,1.90809E+12,2.00008E+12,2.01439E+12,2.02901E+12
Italy,ITA,Europe,Southern Europe,Current account balance (% of GDP),BN.CAB.XOKA.GD.ZS,-0.896244192,-1.446038559,-1.355662953,-2.686691734,-1.774117641,-3.244122153,-2.741638087,-0.215238993,1.038255998,1.709795525,1.233266525,2.46140246,2.479683096,2.571446696,3.233881964,3.93695456,2.124300415,-1.726427521,0.141483236,1.127796773
Italy,ITA,Europe,Southern Europe,Access to electricity (% of population),EG.ELC.ACCS.ZS,100,100,100,100,100,100,100,100,100,100,100,100,100,100,100,100,100,100,100,..
Italy,ITA,Europe,Southern Europe,External balance on goods and services (% of GDP),NE.RSB.GNFS.ZS,-0.098467513,-0.817417311,-0.337932478,-0.728731703,-0.587157381,-1.824808969,-1.346241636,1.085878883,2.320700181,2.79027554,2.85253629,3.165351082,2.696777803,2.352031034,3.205557577,3.51222647,2.041240106,-1.818222221,1.428663924,2.28962783
Italy,ITA,Europe,Southern Europe,GDP per capita (current US$),NY.GDP.PCAP.CD,32062.72383,33537.1287,37826.17546,40828.57956,37099.6134,35856.86255,38432.37428,34854.39494,35701.6746,36028.3494,30639.88298,31391.56929,32844.11566,34904.10819,33812.78872,32091.48666,36852.54254,35653.90421,39065.42444,40226.04724
Italy,ITA,Europe,Southern Europe,GDP per capita growth (annual %),NY.GDP.PCAP.KD.ZG,0.176020374,1.393014898,0.846872548,-1.783601971,-5.85255776,1.08110878,0.347491108,-3.389841897,-2.013970316,-0.016463491,1.038265118,1.428844532,1.794997299,0.58122767,1.134644119,-8.423239939,9.494161085,5.033445487,0.749844869,0.738517575
Italy,ITA,Europe,Southern Europe,GDP (current US$),NY.GDP.MKTP.CD,1.86498E+12,1.95856E+12,2.22252E+12,2.41751E+12,2.20948E+12,2.14494E+12,2.30697E+12,2.09793E+12,2.15323E+12,2.17326E+12,1.84543E+12,1.88711E+12,1.97072E+12,2.09944E+12,2.01961E+12,1.90748E+12,2.17921E+12,2.10407E+12,2.30461E+12,2.37277E+12
Jamaica,JAM,Americas,Caribbean,"Total reserves (includes gold, current US$)",FI.RES.TOTL.CD,2169806026,2318429014,1878513939,1772712407,2075840758,2501094876,2281909630,1996447947,1818363782,2473010905,2913835196,3291468022,3781167558,3532039680,3631089258,3938028781,4837564537,4520481085,4868643493,5632916052
Jamaica,JAM,Americas,Caribbean,Total reserves minus gold (current US$),FI.RES.XGLD.CD,2169806026,2318429014,1878513939,1772712407,2075840758,2501094876,2281909630,1996447947,1818363782,2473010905,2913835196,3291468022,3781167558,3532039680,3631089258,3938028781,4837564537,4520481085,4868643493,5632916052
Jamaica,JAM,Americas,Caribbean,GDP growth (annual %),NY.GDP.MKTP.KD.ZG,0.893797936,2.89912535,1.431954037,-0.811736703,-4.345301858,-1.457147209,1.730376267,-0.61363604,0.517686013,0.689822357,0.921487125,1.375223064,0.997123062,1.889923681,0.892291654,-9.920322451,4.6014245,5.221519852,2.604663055,-0.718806912
Jamaica,JAM,Americas,Caribbean,GDP per capita (constant 2015 US$),NY.GDP.PCAP.KD,5239.672888,5363.826888,5414.908791,5347.63273,5094.03086,4998.667167,5063.193787,5010.45966,5016.031332,5032.442616,5062.89555,5119.039704,5159.343359,5248.774007,5289.654909,4752.333409,4958.8458,5215.086058,5349.711777,5312.400679
Jamaica,JAM,Americas,Caribbean,GDP (constant 2015 US$),NY.GDP.MKTP.KD,14079346868,14487524782,14694979478,14575694936,13942336993,13739176618,13976916070,13891148676,13963061209,14059381527,14188936918,14384066451,14527493295,14802051831,14934129304,13452615522,14071627469,14806380290,15192036608,15082835198
Jamaica,JAM,Americas,Caribbean,Current account balance (% of GDP),BN.CAB.XOKA.GD.ZS,-9.528054545,-9.914841073,-15.92346598,-20.37480787,-9.302472666,-7.06479945,-14.28340924,-9.726347028,-9.512238584,-8.017387272,-3.031241512,-0.308749955,-2.684068654,-1.492781652,-1.911686167,-1.136003208,1.018326891,-0.797768637,2.929113201,3.405913491
Jamaica,JAM,Americas,Caribbean,Access to electricity (% of population),EG.ELC.ACCS.ZS,88,88.7,89.4,92,91,92.2,91.1,93.1,93.9,93.3,94.9,96.6,97.4,98.2,98.9,99.7,100,100,97.7,..
Jamaica,JAM,Americas,Caribbean,External balance on goods and services (% of GDP),NE.RSB.GNFS.ZS,-19.9414231,-20.4825483,-21.78704022,-29.69078966,-17.92593191,-18.24986706,-23.08459243,-21.67265544,-22.10780562,-22.23174869,-16.2741907,-12.82829115,-14.20904737,-12.85020947,-14.03844614,..,..,..,..,..
Jamaica,JAM,Americas,Caribbean,GDP per capita (current US$),NY.GDP.PCAP.CD,4184.439749,4417.001271,4716.486125,5029.800953,4428.381533,4809.97738,5232.636449,5340.833332,5124.213014,4975.113255,5062.89555,5009.794487,5259.313328,5578.103475,5607.242993,4879.440258,5165.337821,6022.153398,6839.725024,7019.746348
Jamaica,JAM,Americas,Caribbean,GDP per capita growth (annual %),NY.GDP.PCAP.KD.ZG,0.336548931,2.369499067,0.952340641,-1.242422799,-4.742320256,-1.872067428,1.290876501,-1.041519031,0.111200804,0.327176682,0.605132261,1.108933685,0.78732843,1.733372669,0.778865726,-10.15796889,4.345494593,5.167336668,2.581466873,-0.697441265
Jamaica,JAM,Americas,Caribbean,GDP (current US$),NY.GDP.MKTP.CD,11243865778,11930179090,12799600047,13709401520,12120458115,13220549908,14444661522,14807086556,14264205153,13899217680,14188936918,14077096677,14808985133,15730792876,15830766531,13812421836,14657586159,17097760687,19423355367,19930288337
Japan,JPN,Asia,Eastern Asia,"Total reserves (includes gold, current US$)",FI.RES.TOTL.CD,8.46896E+11,8.95321E+11,9.73297E+11,1.03076E+12,1.05165E+12,1.10456E+12,1.29584E+12,1.26809E+12,1.26685E+12,1.26068E+12,1.2331E+12,1.21652E+12,1.26414E+12,1.27047E+12,1.32244E+12,1.39081E+12,1.40575E+12,1.22757E+12,1.29464E+12,1.23067E+12
Japan,JPN,Asia,Eastern Asia,Total reserves minus gold (current US$),FI.RES.XGLD.CD,8.34275E+11,8.79682E+11,9.52784E+11,1.00936E+12,1.0249E+12,1.06999E+12,1.25817E+12,1.22715E+12,1.23722E+12,1.23101E+12,1.20702E+12,1.18833E+12,1.23224E+12,1.23894E+12,1.28497E+12,1.34428E+12,1.35624E+12,1.17828E+12,1.23854E+12,1.1597E+12
Japan,JPN,Asia,Eastern Asia,GDP growth (annual %),NY.GDP.MKTP.KD.ZG,1.803900872,1.372350128,1.483969412,-1.224289001,-5.693236359,4.097917919,0.023809524,1.374750999,2.005100177,0.296205514,1.560626697,0.753826746,1.675331752,0.643391024,-0.402169201,-4.168764571,2.696574042,0.941998775,1.475034811,0.083698564
Japan,JPN,Asia,Eastern Asia,GDP per capita (constant 2015 US$),NY.GDP.PCAP.KD,33098.54747,33531.51856,33990.03603,33557.6454,31651.08377,32942.20208,33011.13423,33518.44494,34239.88625,34386.90586,34960.63938,35242.19938,35861.97285,36138.52908,36043.7844,34642.97187,35741.16011,36238.32949,36952.51507,37144.91427
Japan,JPN,Asia,Eastern Asia,GDP (constant 2015 US$),NY.GDP.MKTP.KD,4.2291E+12,4.28714E+12,4.35076E+12,4.29749E+12,4.05283E+12,4.21891E+12,4.21991E+12,4.27793E+12,4.3637E+12,4.37663E+12,4.44493E+12,4.47844E+12,4.55347E+12,4.58276E+12,4.56433E+12,4.37406E+12,4.49201E+12,4.53432E+12,4.6012E+12,4.60505E+12
Japan,JPN,Asia,Eastern Asia,Current account balance (% of GDP),BN.CAB.XOKA.GD.ZS,3.521140656,3.795861729,4.623300483,2.782942348,2.754095835,3.835478963,2.079153288,0.958442611,0.889785416,0.74232205,3.070279659,3.938091284,4.120369663,3.516618175,3.450766114,2.968478582,3.899966044,2.116379619,3.71672795,4.824809263
Japan,JPN,Asia,Eastern Asia,Access to electricity (% of population),EG.ELC.ACCS.ZS,100,100,100,100,100,100,100,100,100,100,100,100,100,100,100,100,100,100,100,..
Japan,JPN,Asia,Eastern Asia,External balance on goods and services (% of GDP),NE.RSB.GNFS.ZS,1.401836866,1.298371995,1.76167669,0.341610212,0.448964962,1.338534205,-0.646036206,-1.641361691,-2.410455187,-2.594123872,-0.553888679,0.805691627,0.759664637,0.019959395,-0.289365253,-0.268842908,-0.52006235,-3.720138589,-1.447697084,..
Japan,JPN,Asia,Eastern Asia,GDP per capita (current US$),NY.GDP.PCAP.CD,37812.89502,35991.546,35779.02454,39876.30397,41308.99684,44968.15623,48760.07895,49145.28043,40898.6479,38475.39525,34960.63938,39375.47316,38834.05293,39751.1331,40415.95676,40028.73417,40094.55998,34065.6439,33836.17563,32475.8925
Japan,JPN,Asia,Eastern Asia,GDP per capita growth (annual %),NY.GDP.PCAP.KD.ZG,1.7943398,1.308127183,1.367422326,-1.272109949,-5.68145234,4.079223049,0.209251803,1.536786659,2.152371066,0.429381123,1.668465117,0.805362825,1.758611802,0.771168472,-0.262170829,-3.886419116,3.170017388,1.391027549,1.970801611,0.520666035
Japan,JPN,Asia,Eastern Asia,GDP (current US$),NY.GDP.MKTP.CD,4.83147E+12,4.60166E+12,4.57975E+12,5.10668E+12,5.28949E+12,5.75907E+12,6.23315E+12,6.27236E+12,5.21233E+12,4.89699E+12,4.44493E+12,5.00368E+12,4.93084E+12,5.04088E+12,5.11799E+12,5.05407E+12,5.03915E+12,4.26246E+12,4.21317E+12,4.02621E+12
Jordan,JOR,Asia,Western Asia,"Total reserves (includes gold, current US$)",FI.RES.TOTL.CD,5461160796,6982163598,7924938971,8918475754,12135159071,13632983538,12094960533,8830598045,13826035948,16047206177,16571894983,15543454210,15571115321,14580237972,15400591353,16961505362,19089364754,18198223674,19068901691,21939099362
Jordan,JOR,Asia,Western Asia,Total reserves minus gold (current US$),FI.RES.XGLD.CD,5250317796,6721971588,7541997596,8561617329,11689284071,13056728538,11467250533,8089514013,13223785948,15299486177,15162094983,14019407210,13502434675,12739840158,13258755910,13227710676,15312363999,14187962070,14349060854,15929034365
Jordan,JOR,Asia,Western Asia,GDP growth (annual %),NY.GDP.MKTP.KD.ZG,8.146594811,8.092975278,8.176169952,7.220386373,5.023710073,2.314834221,2.737179886,2.429358001,2.609947375,3.384078099,2.496528793,1.994180849,2.473598154,1.919070913,1.751240779,-1.102751883,3.65564359,2.647435149,2.884083393,2.488894096
Jordan,JOR,Asia,Western Asia,GDP per capita (constant 2015 US$),NY.GDP.PCAP.KD,4151.61313,4209.86864,4287.352298,4489.955455,4615.230678,4621.574285,4631.677038,4677.47614,4556.520237,4282.118728,4042.756781,3933.147046,3940.701992,3928.770268,3919.064269,3806.879494,3874.327141,3909.802289,3958.23044,4016.834291
Jordan,JOR,Asia,Western Asia,GDP (constant 2015 US$),NY.GDP.MKTP.KD,25032512559,27058387611,29270727369,31384186979,32960837542,33723826288,34646908078,35488605512,36414839440,37647146046,38587017887,39356512808,40330034783,41103996750,41823826702,41362613666,42874683401,44009762840,45279041101,46405988481
Jordan,JOR,Asia,Western Asia,Current account balance (% of GDP),BN.CAB.XOKA.GD.ZS,-18.04142743,-11.46271474,-16.80081298,-9.065177495,-5.066435253,-6.93580743,-10.01220116,-14.89269037,-10.16958408,-7.077869627,-8.992114246,-9.655514318,-10.55751509,-6.831223811,-1.736613173,-5.732228086,-8.030062192,-8.112208477,-3.576783014,-5.860117845
Jordan,JOR,Asia,Western Asia,Access to electricity (% of population),EG.ELC.ACCS.ZS,99,100,98.8,100,99.4,100,99.6,99.5,99.7,99.8,99.9,100,100,99.9,99.9,99.9,99.9,100,100,..
Jordan,JOR,Asia,Western Asia,External balance on goods and services (% of GDP),NE.RSB.GNFS.ZS,-41.49973111,-33.99872604,-37.5244203,-28.81193283,-22.00105476,-20.22839241,-25.59852424,-27.40361687,-28.86032085,-25.67099012,-22.26903818,-19.93029776,-20.99486225,-18.03768351,-13.01795262,-18.26006489,-20.41604143,-19.02052513,-13.31410196,-14.4553375
Jordan,JOR,Asia,Western Asia,GDP per capita (current US$),NY.GDP.PCAP.CD,2087.870793,2342.634596,2506.205995,3241.652414,3435.833759,3718.465716,3946.855039,4169.504701,4311.219167,4191.180501,4042.756781,3986.71677,4065.616287,4145.439897,4170.1144,4022.040136,4183.499983,4332.251599,4466.083142,4618.095925
Jordan,JOR,Asia,Western Asia,GDP per capita growth (annual %),NY.GDP.PCAP.KD.ZG,5.500570374,1.403201796,1.840524365,4.725600862,2.790121729,0.137449408,0.218599819,0.988823292,-2.585922386,-6.0221725,-5.589801748,-2.711262161,0.192083988,-0.302781678,-0.24704929,-2.862539829,1.771730558,0.91564668,1.238634265,1.48055685
Jordan,JOR,Asia,Western Asia,GDP (current US$),NY.GDP.MKTP.CD,12588998590,15056981664,17110437236,22658715989,24537876056,27133804225,29524149155,31634561690,34454440141,36847643521,38587017887,39892551127,41608435915,43370860704,44503006338,43700383099,46296100141,48764963380,51088476338,53352289577
Kazakhstan,KAZ,Asia,Central Asia,"Total reserves (includes gold, current US$)",FI.RES.TOTL.CD,7069707374,19127059972,17641023630,19883105671,23183086501,28264709323,29215275561,28299368221,24691645318,29250310668,27854795819,29603056785,30746770568,30976612439,28957509931,35638096635,34377998806,35076053023,35964591354,45807523139
Kazakhstan,KAZ,Asia,Central Asia,Total reserves minus gold (current US$),FI.RES.XGLD.CD,6084195420,17750816992,15776758292,17871462602,20719793500,25222742122,25179110241,22131546173,19126570709,21813960379,20294757151,20095957328,18248787467,16536058090,10082162364,12056059796,10831712874,14584854725,16454546721,21979739005
Kazakhstan,KAZ,Asia,Central Asia,GDP growth (annual %),NY.GDP.MKTP.KD.ZG,9.699999999,10.7,8.9,3.3,1.199999999,7.300000003,7.400000001,4.799999995,5.999999997,4.200000006,1.200000001,1.099999999,4.100000003,4.099999993,4.500000001,-2.499999996,4.299999997,3.2,5.1,4.8
Kazakhstan,KAZ,Asia,Central Asia,GDP per capita (constant 2015 US$),NY.GDP.PCAP.KD,6787.411555,7450.396871,8036.875998,8216.521816,8218.399126,8704.706555,9223.302134,9531.914776,9959.725869,10226.71005,10196.12263,10151.42331,10404.27186,10670.21201,10989.68407,10565.03598,10873.39153,11058.34824,11453.39527,11850.16944
Kazakhstan,KAZ,Asia,Central Asia,GDP (constant 2015 US$),NY.GDP.MKTP.KD,1.08382E+11,1.19979E+11,1.30657E+11,1.34969E+11,1.36589E+11,1.46559E+11,1.57405E+11,1.6496E+11,1.74858E+11,1.82202E+11,1.84388E+11,1.86417E+11,1.9406E+11,2.02016E+11,2.11107E+11,2.05829E+11,2.1468E+11,2.2155E+11,2.32849E+11,2.44025E+11
Kazakhstan,KAZ,Asia,Central Asia,Current account balance (% of GDP),BN.CAB.XOKA.GD.ZS,0.627462668,-1.015684635,-4.546193292,0.96482181,-0.116464486,1.808971403,7.303014036,1.263759024,1.913168328,-1.28837366,-5.412231277,-5.073315467,-2.054297216,-0.984581634,-3.868422084,-6.461820578,-1.359356717,2.854327008,-3.608279427,-1.72737397
Kazakhstan,KAZ,Asia,Central Asia,Access to electricity (% of population),EG.ELC.ACCS.ZS,100,99.8,100,100,100,100,99.8,100,100,100,100,100,100,100,100,100,100,100,100,..
Kazakhstan,KAZ,Asia,Central Asia,External balance on goods and services (% of GDP),NE.RSB.GNFS.ZS,8.626213484,10.49706889,6.464008684,19.99796523,7.910777429,14.3500931,19.81146854,14.49559359,11.8264661,13.71148153,3.983687207,3.376180698,7.970117938,11.72248034,8.019357646,4.031371232,8.62111567,14.80370307,7.056937054,..
Kazakhstan,KAZ,Asia,Central Asia,GDP per capita (current US$),NY.GDP.PCAP.CD,3577.35804,5030.134947,6449.439311,8123.547059,6938.011757,8793.0759,11287.14649,12018.79665,13478.45963,12427.70946,10196.12263,7475.566887,8943.084168,9472.485273,9457.126147,8781.507978,9983.601036,11255.33964,12879.42753,14005.34874
Kazakhstan,KAZ,Asia,Central Asia,GDP per capita growth (annual %),NY.GDP.PCAP.KD.ZG,8.889635659,9.76786674,7.871783714,2.235269249,0.022847985,5.91730119,5.957645735,3.346010334,4.488196791,2.680637883,-0.299093533,-0.438395201,2.490769457,2.556066908,2.994055381,-3.864060945,2.918641701,1.701002979,3.572387328,3.464249277
Kazakhstan,KAZ,Asia,Central Asia,GDP (current US$),NY.GDP.MKTP.CD,57123671734,81003864630,1.0485E+11,1.33442E+11,1.15309E+11,1.48047E+11,1.92626E+11,2.07999E+11,2.36635E+11,2.21416E+11,1.84388E+11,1.37278E+11,1.66806E+11,1.7934E+11,1.81667E+11,1.71082E+11,1.97112E+11,2.25496E+11,2.6184E+11,2.88406E+11
Kenya,KEN,Africa,Eastern Africa,"Total reserves (includes gold, current US$)",FI.RES.TOTL.CD,1799087913,2416073243,3355419016,2878951355,3849500809,4320858499,4265145710,5711831325,6598881869,7874414432,7514864907,7553884913,7325420063,8164380806,9115806005,8297263559,9490896581,7969488013,7341776190,10066607177
Kenya,KEN,Africa,Eastern Africa,Total reserves minus gold (current US$),FI.RES.XGLD.CD,1798831413,2415755393,3355002141,2878516480,3848957059,4320155749,4264380210,5710999325,6598159169,7873690832,7514228907,7553197373,7324642163,8163611816,9114892205,8296128899,9489876378,7968472155,7340620173,10065144725
Kenya,KEN,Africa,Eastern Africa,GDP growth (annual %),NY.GDP.MKTP.KD.ZG,5.90666608,6.4724943,6.85072977,0.232282745,3.306939816,8.058473603,5.12110612,4.568679614,3.797848393,5.020111002,4.967721128,4.213517068,3.837958174,5.647946407,5.114158858,-0.272766327,7.590489473,4.859981043,5.555873013,4.496498285
Kenya,KEN,Africa,Eastern Africa,GDP per capita (constant 2015 US$),NY.GDP.PCAP.KD,1223.447385,1263.541647,1309.910929,1273.772261,1276.735035,1340.164674,1370.580009,1396.301787,1413.941425,1450.593382,1489.119598,1517.977961,1542.33774,1596.690459,1645.709618,1609.334141,1698.895783,1747.531988,1808.404791,1853.087855
Kenya,KEN,Africa,Eastern Africa,GDP (constant 2015 US$),NY.GDP.MKTP.KD,43795114732,46629751037,49824229273,49939962360,51591446860,55748929986,58603891851,61281315912,63608687383,66801914097,70120446897,73074983895,75879571212,80165208728,84264984851,84035138347,90413816677,94807911028,1.00075E+11,1.04575E+11
Kenya,KEN,Africa,Eastern Africa,Current account balance (% of GDP),BN.CAB.XOKA.GD.ZS,-1.346558497,-1.976469905,-3.229369603,-5.523296303,-3.987288881,-5.216693897,-8.148809352,-7.475871662,-7.851522286,-9.340048506,-6.304596563,-5.397008638,-6.996833221,-5.411066791,-5.238529359,-3.269110071,-4.599008115,-4.199952583,-2.532856353,-1.244840915
Kenya,KEN,Africa,Eastern Africa,Access to electricity (% of population),EG.ELC.ACCS.ZS,24.5,26.4,28.3,30.3,23,19.2,36.2,38.1,40.1,36,41.6,53.1,55.8,61.2,69.7,71.5,76.5,76,76.2,..
Kenya,KEN,Africa,Eastern Africa,External balance on goods and services (% of GDP),NE.RSB.GNFS.ZS,-7.460805736,-9.266605837,-10.05680622,-12.23048354,-8.39530083,-10.14556805,-15.30325183,-11.89379658,-11.88028141,-13.22488043,-10.06991689,-8.365529972,-10.52173799,-9.33080251,-8.903470468,-7.954077762,-9.285154505,-9.307200295,-8.7198684,-8.019924393
Kenya,KEN,Africa,Eastern Africa,GDP per capita (current US$),NY.GDP.PCAP.CD,523.4563124,699.8023706,840.2014395,915.5443547,1047.967832,1091.518731,1096.144998,1285.005362,1370.878852,1482.815663,1489.119598,1554.126103,1667.484472,1836.452755,1960.408089,1927.66459,2061.356221,2109.562885,1952.304579,2206.134979
Kenya,KEN,Africa,Eastern Africa,GDP per capita growth (annual %),NY.GDP.PCAP.KD.ZG,2.702441032,3.277154575,3.669786662,-2.758864564,0.232598395,4.968112999,2.26952219,1.876707539,1.263311291,2.592183533,2.655893528,1.937947956,1.604751834,3.524047815,3.070047694,-2.210321712,5.565136516,2.862812765,3.483358455,2.470855181
Kenya,KEN,Africa,Eastern Africa,GDP (current US$),NY.GDP.MKTP.CD,18737895513,25825512284,31958195182,35895153328,42347217913,45405615064,46869473151,56396704672,61671440408,68285796514,70120446897,74815144164,82036510877,92202979985,1.00378E+11,1.00658E+11,1.09704E+11,1.14449E+11,1.08039E+11,1.24499E+11
Kiribati,KIR,Oceania,Micronesia,"Total reserves (includes gold, current US$)",FI.RES.TOTL.CD,..,..,..,..,..,..,..,..,..,..,..,..,..,..,..,..,..,..,..,..
Kiribati,KIR,Oceania,Micronesia,Total reserves minus gold (current US$),FI.RES.XGLD.CD,..,..,..,..,..,..,..,..,..,..,..,..,..,..,..,..,..,..,..,..
Kiribati,KIR,Oceania,Micronesia,GDP growth (annual %),NY.GDP.MKTP.KD.ZG,1.292430295,5.776934498,3.055079816,-2.984731216,0.536801195,1.225951989,3.263727195,5.803659746,7.730921887,1.26366268,11.26532094,7.088034658,3.749117826,3.479439721,3.264287565,-1.468067181,8.479737871,4.566325931,2.652010875,5.266899264
Kiribati,KIR,Oceania,Micronesia,GDP per capita (constant 2015 US$),NY.GDP.PCAP.KD,1368.997288,1419.38723,1433.357478,1361.835998,1340.276056,1328.787764,1348.060237,1405.502934,1493.491487,1492.85082,1639.852747,1731.43702,1769.511789,1803.948539,1835.22002,1777.044925,1893.526791,1948.243303,1968.80992,2041.876241
Kiribati,KIR,Oceania,Micronesia,GDP (constant 2015 US$),NY.GDP.MKTP.KD,134209649.1,141962852.6,146299931.1,141933271.4,142695170.9,144444545.1,149158821,157815491.5,170016083.9,172164513.7,191559398.7,205137195.3,212828030.4,220233253.4,227422300.1,224083588,243085288.9,254185355.5,260926378.7,274669108.2
Kiribati,KIR,Oceania,Micronesia,Current account balance (% of GDP),BN.CAB.XOKA.GD.ZS,..,-8.613672097,-1.817710922,-3.56909081,-11.81734461,0.117605372,-8.828920008,1.748772485,-5.022220844,27.98298578,29.36321219,9.308788705,31.63247482,32.94665238,40.01111203,32.26764091,7.099125785,-12.04379433,-1.772904471,-19.33999396
Kiribati,KIR,Oceania,Micronesia,Access to electricity (% of population),EG.ELC.ACCS.ZS,69.7,68.8,67.7,69.4,64.2,63.2,74.9,76.7,78.8,83.4,90.6,92.6,85.7,87.5,89.3,91,92.8,94.4,95.9,..
Kiribati,KIR,Oceania,Micronesia,External balance on goods and services (% of GDP),NE.RSB.GNFS.ZS,-95.30946809,-73.64332096,-65.25890744,-67.21737419,-69.36293042,-62.56469819,-67.09585664,-70.59697693,-74.8512525,-80.12248904,-81.97419591,-78.03522964,-74.04862948,-64.73683849,-66.63097709,-57.55150382,-66.98415753,-92.93049902,-95.74625592,-88.60896937
Kiribati,KIR,Oceania,Micronesia,GDP per capita (current US$),NY.GDP.PCAP.CD,1161.783417,1123.19259,1352.57814,1410.622469,1316.627539,1522.100687,1771.129268,1843.553363,1772.087183,1736.705357,1639.852747,1742.667993,1853.051227,1912.738094,1750.997719,1751.78232,2222.048295,2069.767201,2177.701141,2288.634583
Kiribati,KIR,Oceania,Micronesia,GDP per capita growth (annual %),NY.GDP.PCAP.KD.ZG,-0.72236278,3.680792001,0.984244993,-4.989786665,-1.583152581,-0.85715861,1.450380047,4.261137294,6.260289474,-0.042897246,9.847060763,5.584908325,2.199027078,1.946115891,1.733501852,-3.169924846,6.554807059,2.88966133,1.055649339,3.711192253
Kiribati,KIR,Oceania,Micronesia,GDP (current US$),NY.GDP.MKTP.CD,113895437.3,112338353.3,138054945.6,147017895,140177384.1,165458433.1,195970140.2,207001545.9,201730860.8,200287282,191559398.7,206467818.5,222875736.3,233514717.4,216985388.3,220897998.7,285259894,270040457,288610732.2,307862546.8
"Korea, Dem. People's Rep.",PRK,Asia,Eastern Asia,"Total reserves (includes gold, current US$)",FI.RES.TOTL.CD,..,..,..,..,..,..,..,..,..,..,..,..,..,..,..,..,..,..,..,..
"Korea, Dem. People's Rep.",PRK,Asia,Eastern Asia,Total reserves minus gold (current US$),FI.RES.XGLD.CD,..,..,..,..,..,..,..,..,..,..,..,..,..,..,..,..,..,..,..,..
"Korea, Dem. People's Rep.",PRK,Asia,Eastern Asia,GDP growth (annual %),NY.GDP.MKTP.KD.ZG,..,..,..,..,..,..,..,..,..,..,..,..,..,..,..,..,..,..,..,..
"Korea, Dem. People's Rep.",PRK,Asia,Eastern Asia,GDP per capita (constant 2015 US$),NY.GDP.PCAP.KD,..,..,..,..,..,..,..,..,..,..,..,..,..,..,..,..,..,..,..,..
"Korea, Dem. People's Rep.",PRK,Asia,Eastern Asia,GDP (constant 2015 US$),NY.GDP.MKTP.KD,..,..,..,..,..,..,..,..,..,..,..,..,..,..,..,..,..,..,..,..
"Korea, Dem. People's Rep.",PRK,Asia,Eastern Asia,Current account balance (% of GDP),BN.CAB.XOKA.GD.ZS,..,..,..,..,..,..,..,..,..,..,..,..,..,..,..,..,..,..,..,..
"Korea, Dem. People's Rep.",PRK,Asia,Eastern Asia,Access to electricity (% of population),EG.ELC.ACCS.ZS,..,..,..,..,26,29.3,31.4,33.6,35.7,37.8,40,42.1,44.2,46.3,48.4,50.5,52.6,54.7,57.5,..
"Korea, Dem. People's Rep.",PRK,Asia,Eastern Asia,External balance on goods and services (% of GDP),NE.RSB.GNFS.ZS,..,..,..,..,..,..,..,..,..,..,..,..,..,..,..,..,..,..,..,..
"Korea, Dem. People's Rep.",PRK,Asia,Eastern Asia,GDP per capita (current US$),NY.GDP.PCAP.CD,..,..,..,..,..,..,..,..,..,..,..,..,..,..,..,..,..,..,..,..
"Korea, Dem. People's Rep.",PRK,Asia,Eastern Asia,GDP per capita growth (annual %),NY.GDP.PCAP.KD.ZG,..,..,..,..,..,..,..,..,..,..,..,..,..,..,..,..,..,..,..,..
"Korea, Dem. People's Rep.",PRK,Asia,Eastern Asia,GDP (current US$),NY.GDP.MKTP.CD,..,..,..,..,..,..,..,..,..,..,..,..,..,..,..,..,..,..,..,..
"Korea, Rep.",KOR,Asia,Eastern Asia,"Total reserves (includes gold, current US$)",FI.RES.TOTL.CD,2.10552E+11,2.39148E+11,2.62533E+11,2.01545E+11,2.70437E+11,2.92143E+11,3.06935E+11,3.27724E+11,3.45694E+11,3.62835E+11,3.66707E+11,3.70154E+11,3.88805E+11,4.03082E+11,4.08819E+11,4.43463E+11,4.63281E+11,4.23366E+11,4.2093E+11,4.18219E+11
"Korea, Rep.",KOR,Asia,Eastern Asia,Total reserves minus gold (current US$),FI.RES.XGLD.CD,2.10317E+11,2.38882E+11,2.6215E+11,2.01144E+11,2.69933E+11,2.91491E+11,3.04255E+11,3.23207E+11,3.4165E+11,3.58785E+11,3.63149E+11,3.66308E+11,3.84453E+11,3.9878E+11,4.03705E+11,4.37113E+11,4.57169E+11,4.1728E+11,4.14004E+11,4.09457E+11
"Korea, Rep.",KOR,Asia,Eastern Asia,GDP growth (annual %),NY.GDP.MKTP.KD.ZG,4.308542714,5.264326595,5.799548415,3.012984873,0.79269899,6.804824918,3.685667782,2.402530992,3.164708636,3.202453795,2.809103268,2.946881715,3.15963574,2.907403774,2.24397786,-0.709415359,4.304734819,2.612672192,1.356733243,..
"Korea, Rep.",KOR,Asia,Eastern Asia,GDP per capita (constant 2015 US$),NY.GDP.PCAP.KD,21197.19909,22196.20775,23365.14021,23887.05955,23952.81322,25455.61748,26191.64426,26680.27544,27399.61595,28100.01028,28737.43917,29467.12434,30312.88885,31059.26681,31645.94983,31378.15793,32771.07242,33690.37888,34121.02118,..
"Korea, Rep.",KOR,Asia,Eastern Asia,GDP (constant 2015 US$),NY.GDP.MKTP.KD,1.02138E+12,1.07515E+12,1.1375E+12,1.17177E+12,1.18106E+12,1.26143E+12,1.30792E+12,1.33935E+12,1.38173E+12,1.42598E+12,1.46604E+12,1.50924E+12,1.55693E+12,1.60219E+12,1.63815E+12,1.62653E+12,1.69654E+12,1.74087E+12,1.76449E+12,..
"Korea, Rep.",KOR,Asia,Eastern Asia,Current account balance (% of GDP),BN.CAB.XOKA.GD.ZS,1.305870789,0.198895401,0.893090073,0.167376559,3.505258198,2.443925715,1.327562347,3.817591818,5.636731533,5.593145284,7.170246124,6.529640423,4.63508697,4.489839455,3.61361701,4.616043768,4.686905806,1.543004076,1.91626792,..
"Korea, Rep.",KOR,Asia,Eastern Asia,Access to electricity (% of population),EG.ELC.ACCS.ZS,100,100,100,100,100,100,100,100,100,100,100,100,100,100,100,100,100,100,100,..
"Korea, Rep.",KOR,Asia,Eastern Asia,External balance on goods and services (% of GDP),NE.RSB.GNFS.ZS,2.241354568,0.600963702,0.909834093,-0.232582016,4.237084453,2.807877326,1.109150219,2.729774933,4.632037266,5.048399834,6.846628666,6.661492357,4.747496075,4.437716173,2.79458317,3.685136007,3.555002083,0.007119153,0.051660547,..
"Korea, Rep.",KOR,Asia,Eastern Asia,GDP per capita (current US$),NY.GDP.PCAP.CD,19402.50263,21743.47745,24086.41044,21350.42798,19143.85161,23079.26013,25097.59543,25459.1689,27179.51701,29252.93124,28737.43917,29280.44032,31600.73587,33447.15628,31902.4169,31721.29891,35125.5225,32394.68337,33121.37129,..
"Korea, Rep.",KOR,Asia,Eastern Asia,GDP per capita growth (annual %),NY.GDP.PCAP.KD.ZG,4.087645147,4.712927655,5.266361146,2.23375226,0.27526898,6.274019889,2.891411994,1.865599496,2.696150961,2.556219509,2.268429401,2.539144729,2.870196962,2.462246216,1.8889146,-0.846212238,4.439121293,2.805237629,1.278235243,..
"Korea, Rep.",KOR,Asia,Eastern Asia,GDP (current US$),NY.GDP.MKTP.CD,9.34901E+11,1.05322E+12,1.17261E+12,1.04734E+12,9.43942E+11,1.14367E+12,1.25329E+12,1.27805E+12,1.37063E+12,1.48449E+12,1.46604E+12,1.49968E+12,1.62307E+12,1.72537E+12,1.65142E+12,1.64431E+12,1.81843E+12,1.67392E+12,1.71279E+12,..
Kosovo,XKX,#N/A,#N/A,"Total reserves (includes gold, current US$)",FI.RES.TOTL.CD,328569606,471097660,959856438,932825224,830415016.3,813352079.5,717327041.2,958335407.2,956742703,783153103.8,770550134.5,637797614.5,819582674.4,881167306.2,965831893.2,1095367617,1244319385,1247751320,1245423955,1310096687
Kosovo,XKX,#N/A,#N/A,Total reserves minus gold (current US$),FI.RES.XGLD.CD,328569606,471097660,959856438,932825224,830415016.3,813352079.5,717327041.2,958335407.2,956742703,783153103.8,770550134.5,637797614.5,819582674.4,881167306.2,965831893.2,1095367617,1244319385,1247751320,1245423955,1310096687
Kosovo,XKX,#N/A,#N/A,GDP growth (annual %),NY.GDP.MKTP.KD.ZG,..,..,..,..,5.034854138,4.93995096,6.319810229,1.712195959,5.340799119,3.348804784,5.916231283,5.571775047,4.825655653,3.406632271,4.75680057,-5.340275478,10.74565608,4.278498958,4.067627014,4.412738288
Kosovo,XKX,#N/A,#N/A,GDP per capita (constant 2015 US$),NY.GDP.PCAP.KD,..,..,..,2543.599264,2680.861215,2822.633596,2995.64952,3021.351426,3163.471895,3279.02499,3520.628507,3739.175623,3890.178073,4009.121408,4219.066939,3990.946131,4429.875975,4666.391378,5102.749146,5869.822433
Kosovo,XKX,#N/A,#N/A,GDP (constant 2015 US$),NY.GDP.MKTP.KD,..,..,..,4580661082,4811290687,5048966087,5368051162,5459962717,5751568358,5944177154,6295848423,6646638934,6967382842,7204735954,7547450875,7144396207,7912108452,8250627930,8586232700,8965120678
Kosovo,XKX,#N/A,#N/A,Current account balance (% of GDP),BN.CAB.XOKA.GD.ZS,..,..,..,-17.84456407,-10.41464621,-12.67804037,-13.33209557,-6.160590382,-3.580592182,-7.09051728,-8.694425689,-7.934425479,-5.263481545,-7.621736384,-5.661366235,-7.011742006,-8.693460503,-10.51088582,-7.499748603,..
Kosovo,XKX,#N/A,#N/A,Access to electricity (% of population),EG.ELC.ACCS.ZS,..,..,..,..,..,..,..,..,..,..,..,..,..,..,..,..,..,..,..,..
Kosovo,XKX,#N/A,#N/A,External balance on goods and services (% of GDP),NE.RSB.GNFS.ZS,..,..,..,-42.34934485,-39.29985284,-38.83914373,-36.24766896,-32.31998006,-29.09576813,-30.02228129,-29.11765654,-27.36400271,-25.75244759,-28.20815523,-27.12819359,-32.21772337,-31.82006503,-32.76071759,-30.67090025,-30.41889204
Kosovo,XKX,#N/A,#N/A,GDP per capita (current US$),NY.GDP.PCAP.CD,..,..,..,2877.393314,2794.866995,2987.545196,3538.947598,3410.655507,3704.558728,3902.494244,3520.628507,3759.449591,4009.317993,4384.186241,4415.997161,4310.890655,5270.429653,5290.947472,6221.203652,7299.434981
Kosovo,XKX,#N/A,#N/A,GDP per capita growth (annual %),NY.GDP.PCAP.KD.ZG,..,..,..,..,5.396367017,5.288314827,6.12959203,0.857974395,4.703870841,3.652730273,7.36815112,6.207616502,4.038388799,3.057529313,5.236696763,-5.406901843,10.99814005,5.339097617,9.351075229,15.03254942
Kosovo,XKX,#N/A,#N/A,GDP (current US$),NY.GDP.MKTP.CD,..,..,..,5181776769,5015894693,5343950556,6341613610,6163484245,6735328610,7074394735,6295848423,6682677290,7180764703,7878759715,7899737577,7717145218,9413403724,9354903062,10468220307,11148602233
Kuwait,KWT,Asia,Western Asia,"Total reserves (includes gold, current US$)",FI.RES.TOTL.CD,10165102735,14179782170,18776552865,19320771658,23028171516,24801842016,29681701460,33109896469,32410244557,35175442352,30960893268,33936274928,36889754717,40282453060,43668410965,52918606999,49525016981,52461721623,52619359335,50727942998
Kuwait,KWT,Asia,Western Asia,Total reserves minus gold (current US$),FI.RES.XGLD.CD,8862815699,12566012446,16660019111,17112849341,20267475315,21236691168,25795148924,28885713961,29352535524,32113925462,28270007775,31027326169,33598589467,37028893258,39801560671,48117162094,44903838898,47860219923,47382988267,44103517198
Kuwait,KWT,Asia,Western Asia,GDP growth (annual %),NY.GDP.MKTP.KD.ZG,10.60904498,7.514773,5.991575511,2.479756943,-7.076056431,-2.370548047,9.628634129,6.625875037,1.149465343,0.500914739,0.592770733,2.926075877,-4.712222701,2.743330539,2.263816906,-4.817789823,1.672636896,6.758667047,-1.667205897,-2.560111133
Kuwait,KWT,Asia,Western Asia,GDP per capita (constant 2015 US$),NY.GDP.PCAP.KD,40451.25525,41137.97001,41113.86948,39852.51299,35124.08547,32568.49824,33545.34632,33578.33107,32311.18005,31073.15379,29882.21269,29454.44269,27048.37074,26706.01923,26580.2265,25541.41076,26203.26179,26579.83221,24716.19683,23500.25941
Kuwait,KWT,Asia,Western Asia,GDP (constant 2015 US$),NY.GDP.MKTP.KD,90480882329,97280315244,1.03109E+11,1.05666E+11,98188818939,95861205809,1.05091E+11,1.12055E+11,1.13343E+11,1.1391E+11,1.14586E+11,1.17938E+11,1.12381E+11,1.15464E+11,1.18078E+11,1.12389E+11,1.14269E+11,1.21992E+11,1.19958E+11,1.16887E+11
Kuwait,KWT,Asia,Western Asia,Current account balance (% of GDP),BN.CAB.XOKA.GD.ZS,37.21665565,44.61694228,36.05397605,40.873563,27.34034148,32.04855373,42.94089812,45.46000067,39.89983646,33.17907585,7.491556309,0.586532844,6.42748124,17.34565755,21.47922656,19.83845887,23.55454858,34.37433008,31.0767853,29.14772159
Kuwait,KWT,Asia,Western Asia,Access to electricity (% of population),EG.ELC.ACCS.ZS,100,100,100,100,100,100,100,100,100,100,100,100,100,100,100,100,100,100,100,..
Kuwait,KWT,Asia,Western Asia,External balance on goods and services (% of GDP),NE.RSB.GNFS.ZS,35.7094417,41.37837425,35.0975734,40.83564278,30.05620372,36.31900088,47.31885722,48.45223916,44.11654461,36.97386039,8.830756445,-0.893101851,4.552584733,11.83729485,12.43079976,5.414960606,21.45101012,29.97837887,..,..
Kuwait,KWT,Asia,Western Asia,GDP per capita (current US$),NY.GDP.PCAP.CD,36122.61427,42946.63741,45709.41329,55585.18893,37907.10013,39212.25222,49169.6064,52155.22255,49651.04397,44368.78137,29882.21269,27323.68906,29047.65358,32067.96237,31707.87375,25236.07555,34018.63429,39981.7691,34075.84904,32213.86223
Kuwait,KWT,Asia,Western Asia,GDP per capita growth (annual %),NY.GDP.PCAP.KD.ZG,6.679356705,1.697635238,-0.058584644,-3.067958578,-11.86481647,-7.275882606,2.999364819,0.098328846,-3.773716522,-3.831572382,-3.832701102,-1.431520503,-8.168791288,-1.265701023,-0.471027647,-3.908227572,2.591286118,1.437112771,-7.011464056,-4.919597587
Kuwait,KWT,Asia,Western Asia,GDP (current US$),NY.GDP.MKTP.CD,80798630137,1.01557E+11,1.14634E+11,1.4738E+11,1.05969E+11,1.15416E+11,1.54039E+11,1.74048E+11,1.74168E+11,1.6265E+11,1.14586E+11,1.09407E+11,1.20688E+11,1.38646E+11,1.40856E+11,1.11045E+11,1.48351E+11,1.83502E+11,1.65384E+11,1.60227E+11
Kyrgyz Republic,KGZ,Asia,Central Asia,"Total reserves (includes gold, current US$)",FI.RES.TOTL.CD,612352822.7,817170020,1176500794,1225137056,1584332498,1720378724,1831422016,2066679059,2238390588,1957488937,1777941002,1967811283,2177013757,2156976620,2428567694,2811615193,2982533268,2798508310,3236844683,5088723594
Kyrgyz Republic,KGZ,Asia,Central Asia,Total reserves minus gold (current US$),FI.RES.XGLD.CD,569727656.3,764349711.5,1107224512,1152869534,1493972123,1603595729,1702989947,1903152441,2098596318,1804789137,1633928099,1799165079,1887400996,1695723972,1723562238,1791821350,2386075493,1843398312,1806601842,1890318643
Kyrgyz Republic,KGZ,Asia,Central Asia,GDP growth (annual %),NY.GDP.MKTP.KD.ZG,-0.175515404,3.102898742,8.542874775,8.401616049,2.886294575,-0.471566597,5.956274297,-0.0881502,10.91546945,4.024038631,3.875825445,4.335855922,4.739937224,3.757910136,4.600625657,-7.148977577,5.507007627,8.9675052,9.013292834,9.040135561
Kyrgyz Republic,KGZ,Asia,Central Asia,GDP per capita (constant 2015 US$),NY.GDP.PCAP.KD,820.7095194,837.1380266,900.0279649,966.4099712,981.2209047,962.7647898,1005.483178,985.8472866,1069.784044,1088.582142,1105.651938,1128.316161,1157.182758,1175.071278,1201.877014,1093.328565,1132.554678,1212.178127,1298.257245,1391.155079
Kyrgyz Republic,KGZ,Asia,Central Asia,GDP (constant 2015 US$),NY.GDP.MKTP.KD,4237027793,4368498476,4741693830,5140072740,5288430380,5263491909,5576999925,5572083788,6180302892,6429000668,6678177512,6967733667,7297999869,7572252145,7920623120,7354379549,7759385792,8455209117,9217301874,10050558458
Kyrgyz Republic,KGZ,Asia,Central Asia,Current account balance (% of GDP),BN.CAB.XOKA.GD.ZS,-1.521829016,-10.09539136,-5.985953626,-13.87636732,-4.314237658,-9.898338594,-7.697302619,-15.52523259,-13.77541899,-17.42441566,-15.75924784,-11.62823331,-6.952696226,-11.62755604,-11.38407989,4.525221279,-7.975837423,-42.68363396,..,..
Kyrgyz Republic,KGZ,Asia,Central Asia,Access to electricity (% of population),EG.ELC.ACCS.ZS,99.4,98.9,99.5,99.5,99.5,99,98.3,99.8,98.9,99.8,98.7,99.7,100,100,99.9,99.9,99.7,99.7,100,..
Kyrgyz Republic,KGZ,Asia,Central Asia,External balance on goods and services (% of GDP),NE.RSB.GNFS.ZS,-18.47289176,-37.30875456,-31.23243012,-39.00817003,-23.98245925,-30.12420514,-27.10288609,-50.8675359,-49.52647773,-50.2288779,-40.58236974,-34.17275627,-32.11176308,-35.67209989,-27.47734303,-19.82852282,-28.65019711,-41.11217439,-58.59695741,..
Kyrgyz Republic,KGZ,Asia,Central Asia,GDP per capita (current US$),NY.GDP.PCAP.CD,476.5481936,543.1135125,721.7715775,966.3885694,870.1988945,876.9544764,1117.401744,1168.622447,1269.663035,1264.526688,1105.651938,1103.274894,1221.390468,1283.520304,1421.999275,1229.517666,1349.997307,1739.720183,2138.222102,2419.265536
Kyrgyz Republic,KGZ,Asia,Central Asia,GDP per capita growth (annual %),NY.GDP.PCAP.KD.ZG,-1.295588258,2.001744444,7.51249331,7.375549303,1.532572503,-1.880933717,4.437053453,-1.952881163,8.51417445,1.757186229,1.568076077,2.049851499,2.558378342,1.545868202,2.281200888,-9.031577141,3.587769933,7.030428696,7.101193766,7.155579862
Kyrgyz Republic,KGZ,Asia,Central Asia,GDP (current US$),NY.GDP.MKTP.CD,2460246766,2834168889,3802570553,5139958909,4690061381,4794361863,6197765984,6605142884,7335033801,7468102413,6678177512,6813095379,7702938379,8271106235,9371275264,8270468614,9249133946,12134931018,15180842369,17478259659
Lao PDR,LAO,Asia,South-Eastern Asia,"Total reserves (includes gold, current US$)",FI.RES.TOTL.CD,327051177.3,483003280.4,730865696.3,901686245.3,1023354194,1208082726,1192801277,1293088589,1083878168,1233427356,1068907283,916030473.8,1125475868,980441052.9,1110905149,1894600081,1950518268,1576038535,1769745792,..
Lao PDR,LAO,Asia,South-Eastern Asia,Total reserves minus gold (current US$),FI.RES.XGLD.CD,252299748.7,349506280.4,555778196.3,653434745.3,712950622.3,806912868.7,755810133.8,818135446.2,740595667.7,889717355.7,1057561064,883575618.9,1088755632,944141406.6,1067769845,1894600081,1950518268,1576038535,1769745792,..
Lao PDR,LAO,Asia,South-Eastern Asia,GDP growth (annual %),NY.GDP.MKTP.KD.ZG,7.107568368,8.619266208,7.596828801,7.824902763,7.501774912,8.526905517,8.03865268,8.026098435,8.026300227,7.61196344,7.270065844,7.022836255,6.892530873,6.247960008,5.457735092,0.503031829,2.528351005,2.707426526,3.745681402,4.258257247
Lao PDR,LAO,Asia,South-Eastern Asia,GDP per capita (constant 2015 US$),NY.GDP.PCAP.KD,1148.681539,1228.089276,1301.085975,1381.737542,1463.337967,1564.910683,1666.400862,1774.635852,1890.278613,2006.311954,2121.013391,2234.760987,2351.574417,2459.978746,2554.95638,2529.746227,2556.589126,2589.050152,2648.887266,2724.424627
Lao PDR,LAO,Asia,South-Eastern Asia,GDP (constant 2015 US$),NY.GDP.MKTP.KD,6742212710,7323341972,7879683724,8496261313,9133631713,9912447860,10709275115,11568812077,12497359667,13448654116,14426380126,15439521179,16503694943,17534839203,18491844276,18584864138,19054754737,19570648222,20303702352,21168286229
Lao PDR,LAO,Asia,South-Eastern Asia,Current account balance (% of GDP),BN.CAB.XOKA.GD.ZS,-6.352872801,2.179678416,3.300997672,1.423754233,-1.043594783,0.410966616,-2.357982035,-7.313004116,-7.810922321,-14.49227154,-15.71848893,-8.702240689,-7.37970658,-9.089236034,-7.041243436,-1.603786192,2.292627809,-2.965678056,2.553295928,..
Lao PDR,LAO,Asia,South-Eastern Asia,Access to electricity (% of population),EG.ELC.ACCS.ZS,57.2,57,55,66,67.4,70.2,70,76.4,79.3,82.5,89.7,89,93.6,92.9,98.4,99.3,100,100,96.5,..
Lao PDR,LAO,Asia,South-Eastern Asia,External balance on goods and services (% of GDP),NE.RSB.GNFS.ZS,-13.86517483,-5.65122037,-11.98400274,-15.54102114,-16.76468687,-13.95228582,-11.01238367,-22.43166973,-21.83293982,-17.55064499,-17.89380709,-8.673036008,..,..,..,..,..,..,..,..
Lao PDR,LAO,Asia,South-Eastern Asia,GDP per capita (current US$),NY.GDP.PCAP.CD,466.061507,579.3919474,697.3230137,885.7473761,935.0323728,1125.916102,1361.547044,1563.565077,1812.517744,1981.039109,2121.013391,2303.22156,2432.430595,2545.107542,2589.32081,2583.777307,2526.05105,2046.404403,2066.949798,2123.979094
Lao PDR,LAO,Asia,South-Eastern Asia,GDP per capita growth (annual %),NY.GDP.PCAP.KD.ZG,5.503616235,6.912946279,5.943924494,6.198788417,5.905638513,6.941165933,6.485365579,6.495135271,6.51642199,6.138425346,5.717029013,5.362889123,5.227110672,4.60986172,3.860912781,-0.986715601,1.0610906,1.269700523,2.311160876,2.851663853
Lao PDR,LAO,Asia,South-Eastern Asia,GDP (current US$),NY.GDP.MKTP.CD,2735558735,3455030061,4223152739,5446433157,5836137330,7131771015,8750104617,10192846339,11983252627,13279245886,14426380126,15912501723,17071155481,18141641090,18740561513,18981805250,18827148531,15468785204,15843155731,16502933121
Latvia,LVA,Europe,Northern Europe,"Total reserves (includes gold, current US$)",FI.RES.TOTL.CD,2359714949,4511469902,5760724075,5243938989,6902262691,7605713124,6378031225,7524707960,7895272080,3228078825,3445996161,3511946855,4613455661,4370730736,4479621404,5289640348,5491144973,4460033443,4956772380,5141113061
Latvia,LVA,Europe,Northern Europe,Total reserves minus gold (current US$),FI.RES.XGLD.CD,2232131849,4353371312,5553370450,5027632164,6631801441,7256165274,5997271525,7110871160,7595712930,2971200825,3220216161,3267870155,4337301161,4097739286,4155222404,4884944948,5101643573,4072190543,4515418780,4582765661
Latvia,LVA,Europe,Northern Europe,GDP growth (annual %),NY.GDP.MKTP.KD.ZG,11.61531786,12.82501785,10.41453728,-3.388716658,-16.04001953,-3.661258596,3.036344827,7.305240572,2.096090282,2.094959771,3.783367121,2.55168602,3.398948726,4.309712863,0.675372772,-3.469227508,6.942541731,1.80677198,2.854218001,-0.442491126
Latvia,LVA,Europe,Northern Europe,GDP per capita (constant 2015 US$),NY.GDP.PCAP.KD,10106.26262,11507.46483,12810.04095,12506.6945,10675.42517,10500.86662,11018.51524,11971.01075,12353.53861,12731.6772,13321.97531,13787.33674,14382.86127,15120.06982,15328.38599,14900.72957,16070.168,16404.97706,16890.62831,16951.35916
Latvia,LVA,Europe,Northern Europe,GDP (constant 2015 US$),NY.GDP.MKTP.KD,22625890638,25527665150,28186253354,27231101091,22863227157,22026145288,22694935011,24352854611,24863312430,25384188823,26344565877,27016796481,27935083541,29139005430,29335802339,28318076614,30284070900,30831235008,31711225667,31570906308
Latvia,LVA,Europe,Northern Europe,Current account balance (% of GDP),BN.CAB.XOKA.GD.ZS,-12.17651713,-22.12173201,-21.84460332,-13.13489062,8.01439428,1.758501664,-3.550244624,-3.86974113,-2.885528988,-1.54126839,-0.126358312,1.756573658,1.532826036,-0.384114199,-0.173662934,3.092703005,-4.136438163,-5.477569545,-3.906052361,-1.580566567
Latvia,LVA,Europe,Northern Europe,Access to electricity (% of population),EG.ELC.ACCS.ZS,99.7,99.6,99.7,99.7,100,99.8,99.8,100,100,100,100,100,100,100,100,100,100,100,100,..
Latvia,LVA,Europe,Northern Europe,External balance on goods and services (% of GDP),NE.RSB.GNFS.ZS,-14.90670227,-21.78918719,-20.1080257,-13.29909856,-2.039931098,-2.131442851,-6.131270904,-5.548473806,-4.525224387,-2.89804899,-1.188889291,0.52632086,-0.434094801,-0.494458173,-0.217945675,1.435286477,-3.1740615,-4.888329327,-3.710809168,-2.560371234
Latvia,LVA,Europe,Northern Europe,GDP per capita (current US$),NY.GDP.PCAP.CD,7283.787381,9211.737447,13370.97895,15677.60809,11996.03227,11188.41917,12902.57405,13329.34999,14484.47153,15185.81458,13321.97531,13838.52668,15132.49583,17252.17104,17294.97516,17564.23215,20261.88878,20227.23074,22675.57863,23367.59868
Latvia,LVA,Europe,Northern Europe,GDP per capita growth (annual %),NY.GDP.PCAP.KD.ZG,12.82794095,13.86469226,11.3194013,-2.368036506,-14.6423128,-1.635143791,4.929579991,8.644499586,3.195451704,3.060973817,4.636452127,3.4931864,4.319358697,5.125604221,1.377746126,-2.789963807,7.848195793,2.083419787,2.960389673,0.359553536
Latvia,LVA,Europe,Northern Europe,GDP (current US$),NY.GDP.MKTP.CD,16306935905,20434922247,29420499248,34135200994,25691530442,23468324572,26575547901,27116149949,29152128168,30277203767,26344565877,27117105060,29391059767,33247935477,33099503951,33379927435,38183326785,38014713596,42572151720,43520773851
Lebanon,LBN,Asia,Western Asia,"Total reserves (includes gold, current US$)",FI.RES.TOTL.CD,16617970571,19238867061,20598783915,28265312110,39131823321,44475631355,47859468419,52530986899,47855927548,50668863617,48531390537,53905512886,55411532096,52380608542,52213484574,42440403087,35239219336,32512880022,27489698131,33301277510
Lebanon,LBN,Asia,Western Asia,Total reserves minus gold (current US$),FI.RES.XGLD.CD,11887084571,13376441661,12909941415,20244477610,29102898321,31514110355,33740586419,37185578899,36748028548,39547131617,38756070537,43338023086,43455209096,40561232242,38168378574,25000678887,18454257136,15799388322,8470245331,9240157310
Lebanon,LBN,Asia,Western Asia,GDP growth (annual %),NY.GDP.MKTP.KD.ZG,2.68577931,1.549515001,9.310622526,9.069128268,10.23215558,7.975135558,0.867339879,2.564791337,3.827873499,2.484060105,0.462320793,1.554549409,0.903028464,-1.884705756,-6.914924729,-21.39989969,-7.001238625,-0.621678971,-0.76058447,..
Lebanon,LBN,Asia,Western Asia,GDP per capita (constant 2015 US$),NY.GDP.PCAP.KD,6707.180246,6696.374282,7179.345201,7701.29823,8375.488513,8955.543362,8936.200275,8920.805698,8443.538565,7830.415111,7714.11,8019.141691,8305.574054,8388.723512,8064.048734,6440.828431,5973.419339,5909.036516,5834.634157,..
Lebanon,LBN,Asia,Western Asia,GDP (constant 2015 US$),NY.GDP.MKTP.KD,31329923063,31815384921,34777595316,37931620044,41812842420,45147473284,45539055324,46707037069,48494923363,49699566407,49929337837,50705514063,51163399288,50199119756,46727888411,36728167163,34156740537,33944395264,33686219465,..
Lebanon,LBN,Asia,Western Asia,Current account balance (% of GDP),BN.CAB.XOKA.GD.ZS,-12.78298304,-5.069146821,-6.463750387,-14.08932249,-19.04241764,-19.64433796,-13.83406905,-23.43821402,-25.51143195,-26.22986556,-17.10773781,-20.47802371,-22.88220403,-24.34704179,-21.82809249,-8.761841999,-19.69781286,-34.60622711,-28.10366964,..
Lebanon,LBN,Asia,Western Asia,Access to electricity (% of population),EG.ELC.ACCS.ZS,99.2,99.4,97.8,99.9,99.3,99.5,99.7,99.5,99.6,99.7,99.7,99.8,99.9,99.7,100,100,100,100,100,..
Lebanon,LBN,Asia,Western Asia,External balance on goods and services (% of GDP),NE.RSB.GNFS.ZS,-19.51557886,-19.89008202,-23.68467396,-29.5343643,-24.00643546,-25.05040721,-29.41368795,-30.92707617,-32.8808191,-32.3048276,-25.55970718,-24.27130602,-24.60156289,-26.74826499,-21.5853981,-17.38463055,-26.77736502,-45.23071977,-43.10358613,..
Lebanon,LBN,Asia,Western Asia,GDP per capita (current US$),NY.GDP.PCAP.CD,4602.198046,4635.251412,5125.2581,5912.045328,7090.854939,7625.810516,7834.962571,8406.984056,8162.379294,7577.64133,7714.11,8089.012088,8608.21085,9174.536662,8905.880055,5561.19167,4045.373911,3654.358455,3477.724898,..
Lebanon,LBN,Asia,Western Asia,GDP per capita growth (annual %),NY.GDP.PCAP.KD.ZG,1.106879786,-0.161110391,7.212424195,7.270203824,8.754241974,6.925624081,-0.215990102,-0.172272058,-5.350045156,-7.261451454,-1.485299436,3.954204587,3.571858111,1.00112837,-3.870371669,-20.12909838,-7.25697163,-1.077821926,-1.259128421,..
Lebanon,LBN,Asia,Western Asia,GDP (current US$),NY.GDP.MKTP.CD,21497336499,22022709851,24827355015,29118916105,35399582929,38443907042,39927125962,44016799516,46880103081,48095213747,49929337837,51147308774,53027680686,54901519156,51605959131,31712128254,23131941557,20992421949,20078620357,..
Lesotho,LSO,Africa,Southern Africa,"Total reserves (includes gold, current US$)",FI.RES.TOTL.CD,519110911.3,658401554.7,1002760338,971530251.5,1502248532,1485976653,903895914.9,999498707.6,1060172209,1081271062,997431660,925195318.8,657668309.3,728527650,774095190.5,730280379.2,798207194.3,771278260.4,854088923.8,1007862057
Lesotho,LSO,Africa,Southern Africa,Total reserves minus gold (current US$),FI.RES.XGLD.CD,519110911.3,658401554.7,1002760338,971530251.5,1502248532,1485976653,903895914.9,999498707.6,1060172209,1081271062,997431660,925195318.8,657668309.3,728527650,774095190.5,730280379.2,798207194.3,771278260.4,854088923.8,1007862057
Lesotho,LSO,Africa,Southern Africa,GDP growth (annual %),NY.GDP.MKTP.KD.ZG,3.466122228,4.230095228,4.1879141,5.52341967,-1.253757799,5.269670781,4.616413945,6.334083747,1.792525556,1.710549905,3.12406678,3.608907317,-3.138174937,-1.480633158,-1.417993831,-8.155958799,2.26671067,2.387780202,1.826625259,2.762238185
Lesotho,LSO,Africa,Southern Africa,GDP per capita (constant 2015 US$),NY.GDP.PCAP.KD,853.9605006,893.7506866,927.2686333,971.8813668,952.7479297,995.2334325,1031.997216,1086.390348,1093.953235,1100.049937,1121.198513,1147.587488,1097.821668,1068.444629,1040.99351,944.8341187,955.2212363,967.519286,974.3824828,990.1804475
Lesotho,LSO,Africa,Southern Africa,GDP (constant 2015 US$),NY.GDP.MKTP.KD,1667849759,1738401392,1811204149,1911244555,1887282177,1986735735,2078451680,2210102550,2249719203,2288201773,2359686725,2444845631,2368122099,2333058898,2299976266,2112391150,2160272945,2211855515,2252257826,2314470552
Lesotho,LSO,Africa,Southern Africa,Current account balance (% of GDP),BN.CAB.XOKA.GD.ZS,5.687944551,11.99893676,18.14191836,15.71139396,-2.94530646,-11.00204176,-11.85666839,-18.76525203,-10.75798677,-8.420166645,-5.73228397,-10.50175677,-9.010747254,-5.623727772,-7.457534395,-5.8901841,-8.127947715,-11.41731509,-7.156725069,3.715240603
Lesotho,LSO,Africa,Southern Africa,Access to electricity (% of population),EG.ELC.ACCS.ZS,9.6,9.7,13.9,16,17,17,22.5,20.6,26.9,27.8,31.8,35.1,33.7,47,44.6,47.5,50.4,50,57.3,..
Lesotho,LSO,Africa,Southern Africa,External balance on goods and services (% of GDP),NE.RSB.GNFS.ZS,..,..,-58.55142879,-55.28962479,-69.36807963,-65.84991763,-54.35091646,-66.61670801,-56.86616034,-49.99308471,-43.93916566,-44.75591725,-51.41290326,-44.76873262,-48.09797714,-52.19858009,-46.89429982,-49.36121677,-55.66779437,..
Lesotho,LSO,Africa,Southern Africa,GDP per capita (current US$),NY.GDP.PCAP.CD,861.3814964,925.4674855,861.1884209,898.4825179,878.8479505,1119.475578,1280.733909,1217.930712,1151.037358,1173.537793,1121.198513,992.4918407,1069.366732,1170.655697,1082.057068,918.5825774,1066.586436,1030.125796,916.2829705,971.8146205
Lesotho,LSO,Africa,Southern Africa,GDP per capita growth (annual %),NY.GDP.PCAP.KD.ZG,4.42249766,4.659487877,3.750256883,4.811198389,-1.968700886,4.459259514,3.693985953,5.270666596,0.696148189,0.557309193,1.922510595,2.353639813,-4.336559993,-2.675939075,-2.569259861,-9.237270986,1.099358865,1.28745564,0.709360213,1.621330937
Lesotho,LSO,Africa,Southern Africa,GDP (current US$),NY.GDP.MKTP.CD,1682343527,1800092564,1682131785,1766902709,1740894965,2234754242,2579409620,2477702216,2367112932,2441063054,2359686725,2114426452,2306741672,2556247292,2390702296,2053699870,2412130022,2354980884,2117962430,2271541846
Liberia,LBR,Africa,Western Africa,"Total reserves (includes gold, current US$)",FI.RES.TOTL.CD,25395460.77,71989512.76,119359165.2,160860063.2,372457051.9,442033413.9,506827131,574181706.2,589723179.8,498992033,560742588.4,586024560,585997776.6,332150947.8,297070852.9,340965880.5,700828780.1,599660417.5,..,..
Liberia,LBR,Africa,Western Africa,Total reserves minus gold (current US$),FI.RES.XGLD.CD,25395460.77,71989512.76,119359165.2,160860063.2,372457051.9,442033413.9,506827131,574181706.2,589723179.8,498992033,560742588.4,586024560,585997776.6,332150947.8,297070852.9,340965880.5,700828780.1,599660417.5,..,..
Liberia,LBR,Africa,Western Africa,GDP growth (annual %),NY.GDP.MKTP.KD.ZG,5.281212453,8.043909972,9.535275363,7.145691128,5.300540503,6.09982524,8.200768225,7.993814446,8.687287816,0.7013931,-0.01856497,-1.554958617,2.45515592,1.157575122,-2.467297635,-2.982491276,4.986712835,4.808105173,4.683756888,4.792914822
Liberia,LBR,Africa,Western Africa,GDP per capita (constant 2015 US$),NY.GDP.PCAP.KD,539.6653788,551.3774466,574.6093943,591.1853781,603.2562111,621.7832951,646.908727,674.3600114,717.0072804,707.1576949,692.5900824,668.0315132,671.2608998,665.8754396,636.6993848,605.0254754,621.9279831,638.0051839,653.3291883,670.0313896
Liberia,LBR,Africa,Western Africa,GDP (constant 2015 US$),NY.GDP.MKTP.KD,1781443511,1924741223,2108270598,2258921103,2378656131,2523749999,2730716886,2949005327,3205193908,3227674917,3227075700,3176896008,3254893759,3292571599,3211334058,3115556300,3270920146,3428189426,3588757485,3760763574
Liberia,LBR,Africa,Western Africa,Current account balance (% of GDP),BN.CAB.XOKA.GD.ZS,-19.34103075,-15.44364423,-16.25345312,-20.52751761,-15.67824792,-42.7136317,-52.48534702,-59.99555099,-32.82096884,-19.91983599,5.302425371,-8.122612799,-16.67983238,-19.69443733,-19.68321667,-8.657440087,-2.896233836,1.619733282,..,..
Liberia,LBR,Africa,Western Africa,Access to electricity (% of population),EG.ELC.ACCS.ZS,..,..,3,1.3,1.9,5.3,4.1,9.3,9.8,9.4,15.2,17.7,24.2,22.8,23.1,27.6,29.8,31.8,32.5,..
Liberia,LBR,Africa,Western Africa,External balance on goods and services (% of GDP),NE.RSB.GNFS.ZS,..,..,..,..,..,..,..,..,..,..,..,..,..,..,..,..,..,..,..,..
Liberia,LBR,Africa,Western Africa,GDP per capita (current US$),NY.GDP.PCAP.CD,287.4873334,320.5580862,374.2113081,451.7138563,448.386367,492.252808,568.0878655,638.3687515,710.7445709,706.7144901,692.5900824,714.6130631,699.2690957,692.2031271,658.1641808,616.787867,667.9661051,744.6171752,799.1944702,846.2773684
Liberia,LBR,Africa,Western Africa,GDP per capita growth (annual %),NY.GDP.PCAP.KD.ZG,0.684612867,2.170246273,4.213438159,2.884739435,2.041801672,3.071179982,4.040866351,4.243455569,6.324110003,-1.373707869,-2.0600232,-3.545902519,0.483418311,-0.802290168,-4.381608492,-4.974703942,2.793685277,2.585058276,2.401862065,2.556475598
Liberia,LBR,Africa,Western Africa,GDP (current US$),NY.GDP.MKTP.CD,949000000,1119000000,1373000000,1726000000,1768000000,1998000000,2398000000,2791614000,3177198100,3225652000,3227075700,3398419600,3390703400,3422754800,3319596500,3176126300,3513049500,4001047000,4390000000,4750000000
Libya,LBY,Africa,Northern Africa,"Total reserves (includes gold, current US$)",FI.RES.TOTL.CD,41879958087,62228722605,83259979624,96334974983,1.03754E+11,1.06144E+11,1.10539E+11,1.24648E+11,1.19714E+11,93615450487,77649594284,70191441969,79417877682,85335649782,84663589517,79656428065,82262074686,86683417844,92427294787,92893708178
Libya,LBY,Africa,Northern Africa,Total reserves minus gold (current US$),FI.RES.XGLD.CD,39507846087,59289245805,79404719624,92313250983,98725249657,99645217631,1.04797E+11,1.18408E+11,1.15197E+11,89092950487,73674594284,65894316969,74556002682,80529462282,78952339517,72564803065,75436699686,79887105344,82703078787,80591801678
Libya,LBY,Africa,Northern Africa,GDP growth (annual %),NY.GDP.MKTP.KD.ZG,11.87075652,6.50052542,6.229982786,-0.162048239,-4.400181763,5.027247672,-50.33851514,86.82674844,-17.99796157,-23.04280583,-0.842656252,-1.490941117,32.49180219,7.941367853,-11.19608289,-29.45529673,28.33346246,-8.251630041,10.15581818,-0.605832527
Libya,LBY,Africa,Northern Africa,GDP per capita (constant 2015 US$),NY.GDP.PCAP.KD,12628.89615,13176.77589,13712.96026,13403.00046,12549.08543,12913.93349,6569.594776,12599.25888,10126.31493,7644.248439,7458.489178,7236.164099,9435.6006,10020.91658,8768.410487,6102.79864,7733.390076,7008.206484,7633.451428,7509.736268
Libya,LBY,Africa,Northern Africa,GDP (constant 2015 US$),NY.GDP.MKTP.KD,73990151521,78799900129,83709120342,83573471187,79896086549,83912660700,41672273291,77854953190,63842648631,49131511071,48717501321,47991152063,63584342258,68633808774,60949510656,42996651438,55179091533,50625917040,55767393125,55429536118
Libya,LBY,Africa,Northern Africa,Current account balance (% of GDP),BN.CAB.XOKA.GD.ZS,31.57303789,36.89206003,41.90658806,41.17331799,15.42644602,22.28776348,6.627462788,25.75757333,0.012740357,-33.17503666,-19.18407091,-9.426977585,6.591077916,14.70411238,6.955505051,-10.20226849,16.11477285,22.21554321,4.13469234,..
Libya,LBY,Africa,Northern Africa,Access to electricity (% of population),EG.ELC.ACCS.ZS,90.1,88.4,86.8,85.1,83.5,81.9,80.3,78.7,77.1,75.5,73.8,72.2,70.6,67,68.5,69.4,70.2,70,73.2,..
Libya,LBY,Africa,Northern Africa,External balance on goods and services (% of GDP),NE.RSB.GNFS.ZS,36.57279662,45.94055342,44.13264029,44.98925501,18.85285258,34.46680127,13.28635751,35.51139478,13.44285425,-12.04824063,-12.45015909,-11.95440096,6.845545236,15.44587524,5.716675617,-10.24821333,19.82514514,27.64016233,14.57227369,15.72608164
Libya,LBY,Africa,Northern Africa,GDP per capita (current US$),NY.GDP.PCAP.CD,8079.249573,10048.84804,11144.94484,13906.14078,9551.054039,11600.90686,7593.839153,14975.89028,11951.71341,8926.420746,7458.489178,7525.802993,9965.832367,11196.58548,9963.194891,6650.338106,4935.827873,5986.636949,6172.812469,6318.40314
Libya,LBY,Africa,Northern Africa,GDP per capita growth (annual %),NY.GDP.PCAP.KD.ZG,9.53922389,4.338302666,4.069162075,-2.260341954,-6.371073644,2.907367722,-49.12785652,91.78137027,-19.6276938,-24.51105369,-2.430052652,-2.98083262,30.39506113,6.203272049,-12.49891742,-30.40017174,26.71874875,-9.377305226,8.921611333,-1.620697545
Libya,LBY,Africa,Northern Africa,GDP (current US$),NY.GDP.MKTP.CD,47334691241,60094231607,68032978391,86710767415,60808562033,75380825062,48169263294,92540938129,75351107029,57372355592,48717501321,49912073701,67157452182,76686029772,69254496472,46854285441,35217995647,43246297922,45096462972,46636278902
Liechtenstein,LIE,Europe,Western Europe,"Total reserves (includes gold, current US$)",FI.RES.TOTL.CD,..,..,..,..,..,..,..,..,..,..,..,..,..,..,..,..,..,..,..,..
Liechtenstein,LIE,Europe,Western Europe,Total reserves minus gold (current US$),FI.RES.XGLD.CD,..,..,..,..,..,..,..,..,..,..,..,..,..,..,..,..,..,..,..,..
Liechtenstein,LIE,Europe,Western Europe,GDP growth (annual %),NY.GDP.MKTP.KD.ZG,4.828076777,8.644968573,3.325963509,1.798088478,-1.15748292,..,..,..,..,..,..,..,..,..,..,..,..,..,..,..
Liechtenstein,LIE,Europe,Western Europe,GDP per capita (constant 2015 US$),NY.GDP.PCAP.KD,..,..,..,..,..,..,..,..,..,..,167187.1573,..,..,..,..,..,..,..,..,..
Liechtenstein,LIE,Europe,Western Europe,GDP (constant 2015 US$),NY.GDP.MKTP.KD,..,..,..,..,..,..,..,..,..,..,6268515276,..,..,..,..,..,..,..,..,..
Liechtenstein,LIE,Europe,Western Europe,Current account balance (% of GDP),BN.CAB.XOKA.GD.ZS,..,..,..,..,..,..,..,..,..,..,..,..,..,..,..,..,..,..,..,..
Liechtenstein,LIE,Europe,Western Europe,Access to electricity (% of population),EG.ELC.ACCS.ZS,100,100,100,100,100,100,100,100,100,100,100,100,100,100,100,100,100,100,100,..
Liechtenstein,LIE,Europe,Western Europe,External balance on goods and services (% of GDP),NE.RSB.GNFS.ZS,..,..,..,..,..,..,..,..,..,..,..,..,..,..,..,..,..,..,..,..
Liechtenstein,LIE,Europe,Western Europe,GDP per capita (current US$),NY.GDP.PCAP.CD,105295.057,114167.9392,130492.5953,143249.2273,126024.7146,141089.8128,158066.3694,148842.0351,172823.6078,178735.153,167187.1573,165375.4914,170547.0923,174988.7751,166907.8393,164671.0936,201944.8303,186821.8818,207973.6177,..
Liechtenstein,LIE,Europe,Western Europe,GDP per capita growth (annual %),NY.GDP.PCAP.KD.ZG,3.905066059,7.764323224,2.666660526,1.192574519,-1.901387488,..,..,..,..,..,..,..,..,..,..,..,..,..,..,..
Liechtenstein,LIE,Europe,Western Europe,GDP (current US$),NY.GDP.MKTP.CD,3659319117,4000102086,4601429897,5081479840,4504375348,5082337238,5739706005,5456102482,6391708311,6657526980,6268515276,6237302034,6474308718,6692620692,6436467007,6405870210,7912602342,7378156576,8287748667,..
Lithuania,LTU,Europe,Northern Europe,"Total reserves (includes gold, current US$)",FI.RES.TOTL.CD,3815556165,5772525484,7711952181,6442845969,6623187501,6598353674,8201664834,8529340677,8072525981,8729460563,1697150154,2599864855,4449678813,5770956097,5085045225,4846519050,5579844284,5365254190,6168341356,7406410382
Lithuania,LTU,Europe,Northern Europe,Total reserves minus gold (current US$),FI.RES.XGLD.CD,3720240765,5654412424,7556624556,6280463644,6419825001,6335525174,7915367834,8218172677,7847284481,8503938563,1498930154,2385581555,4207233313,5531287547,4800244225,4492883350,5239485584,5026344740,5782672556,6918508682
Lithuania,LTU,Europe,Northern Europe,GDP growth (annual %),NY.GDP.MKTP.KD.ZG,7.731446758,7.395481225,11.07792826,2.599461546,-14.83861179,0.427199567,6.323636648,4.382905844,4.046913186,3.772543796,2.832806433,2.671922151,4.612243103,4.918367801,4.677351835,0.042815834,6.380016062,2.53752574,0.342262716,2.772631245
Lithuania,LTU,Europe,Northern Europe,GDP per capita (constant 2015 US$),NY.GDP.PCAP.KD,9692.868538,10577.21455,11889.35452,12324.51973,10612.9204,10884.11619,11836.72004,12516.61841,13145.80693,13753.1896,14269.80399,14823.10715,15695.99933,16604.90214,17431.72391,17443.65526,18569.70572,18884.51525,18685.55237,19094.11935
Lithuania,LTU,Europe,Northern Europe,GDP (constant 2015 US$),NY.GDP.MKTP.KD,32204827117,34586529059,38417999936,39416661071,33567775754,33711177147,35842949499,37413912227,38928020774,40396597407,41540954817,42650896791,44618059836,46812540125,49002127329,49023107999,52150790163,53474129887,53657151896,55144866855
Lithuania,LTU,Europe,Northern Europe,Current account balance (% of GDP),BN.CAB.XOKA.GD.ZS,-7.337280286,-10.68380369,-15.34480351,-13.58655555,2.244591172,0.197960454,-3.686905254,-1.606838535,1.707472984,3.546991947,-2.517455579,-1.01460898,1.086972618,0.309996925,3.737529912,7.224701041,1.469406685,-6.084973892,1.100877108,2.47505797
Lithuania,LTU,Europe,Northern Europe,Access to electricity (% of population),EG.ELC.ACCS.ZS,99.4,99.4,99.4,99.4,99.5,99.7,99.7,100,100,100,100,100,100,100,100,100,100,100,100,..
Lithuania,LTU,Europe,Northern Europe,External balance on goods and services (% of GDP),NE.RSB.GNFS.ZS,-7.222137298,-10.28349063,-13.09465323,-11.59825556,-1.755188443,-2.029480505,-2.706873015,0.613211062,1.457239223,1.930309008,-0.986813446,0.72840013,2.294288117,1.856905738,5.262449965,9.072805443,4.45314935,-2.091913562,3.903807192,5.179570646
Lithuania,LTU,Europe,Northern Europe,GDP per capita (current US$),NY.GDP.PCAP.CD,7857.031488,9210.101182,12295.12128,14955.53455,11854.37111,11829.12261,14261.84338,14288.18535,15636.52526,16446.16472,14269.80399,14934.27028,16800.15102,19247.23154,19608.79439,20428.64782,23870.45949,25085.78406,27786.00578,29386.28784
Lithuania,LTU,Europe,Northern Europe,GDP per capita growth (annual %),NY.GDP.PCAP.KD.ZG,9.500108219,9.123676972,12.40534514,3.660124768,-13.88775681,2.555336048,8.752238923,5.743976084,5.026825169,4.620352866,3.756324203,3.877440546,5.88872607,5.790665482,4.979383539,0.068446214,6.455358377,1.6952855,-1.053576873,2.186539486
Lithuania,LTU,Europe,Northern Europe,GDP (current US$),NY.GDP.MKTP.CD,26105207115,30116192747,39729151615,47831254208,37494380039,36638128534,43186501863,42709372067,46303660422,48306546657,41540954817,42970749245,47756764508,54261795149,55122066226,57412038533,67037321009,71033884500,79789877416,84869215513
Luxembourg,LUX,Europe,Western Europe,"Total reserves (includes gold, current US$)",FI.RES.TOTL.CD,279062530.9,265117813.9,205249438,398118062.6,808815187.2,848320495.4,1010733835,990807493.4,963140967.4,863655854,770747330.4,973176553.1,878080634.3,938890223.6,1054874473,1119076142,2920761393,2873502279,2977407186,2789495616
Luxembourg,LUX,Europe,Western Europe,Total reserves minus gold (current US$),FI.RES.XGLD.CD,241100530.9,218076013.9,143551938,334626312.6,730515187.2,747124495.4,900501835,870999493.4,876416967.4,776823854,694427330.4,890671753.1,784732634.3,846611423.6,945218472.7,981025842,2789714193,2743013079,2828914386,2601640416
Luxembourg,LUX,Europe,Western Europe,GDP growth (annual %),NY.GDP.MKTP.KD.ZG,2.482874985,6.016715401,8.09866723,-0.300175625,-3.238954091,3.760414543,1.044298553,1.649902128,3.1717899,2.623086792,2.269784233,4.978190115,1.317187138,1.611295613,2.749319291,-0.510051634,6.929734258,-1.095053512,-0.693632728,1.031616713
Luxembourg,LUX,Europe,Western Europe,GDP per capita (constant 2015 US$),NY.GDP.PCAP.KD,101222.0444,105614.1789,112417.877,110094.7915,104574.349,106544.0574,105290.249,104487.7443,105338.9555,105583.9373,105462.0126,108351.4518,107142.1267,106788.7287,107591.9659,105274.2472,110873.1852,107469.7551,104590.0798,103909.1892
Luxembourg,LUX,Europe,Western Europe,GDP (constant 2015 US$),NY.GDP.MKTP.KD,47084243707,49917168650,53959794030,53797819881,52055333193,54012829513,54576884710,55477349892,57236974872,58738350400,60071584216,63062061884,63892707251,64922207641,66707126419,66366885631,70965934441,70188819484,69701966861,70421024000
Luxembourg,LUX,Europe,Western Europe,Current account balance (% of GDP),BN.CAB.XOKA.GD.ZS,6.925841207,6.64664035,6.547153912,6.218648381,5.516203228,5.814303866,5.629535732,5.255424964,5.203548513,4.928573483,5.621395331,7.415170696,6.180334271,8.319913248,8.620800237,5.099413865,6.475188429,6.287156676,5.606994546,6.895331964
Luxembourg,LUX,Europe,Western Europe,Access to electricity (% of population),EG.ELC.ACCS.ZS,100,100,100,100,100,100,100,100,100,100,100,100,100,100,100,100,100,100,100,..
Luxembourg,LUX,Europe,Western Europe,External balance on goods and services (% of GDP),NE.RSB.GNFS.ZS,23.57134276,29.60107587,31.66839094,30.7760428,32.31746448,31.74783737,30.263793,30.63674093,32.23315554,32.13633164,32.53892372,33.7598581,31.7010151,32.57095471,30.4995111,33.2925282,33.73014511,32.4397424,31.07461746,32.77687976
Luxembourg,LUX,Europe,Western Europe,GDP per capita (current US$),NY.GDP.PCAP.CD,80988.13762,90788.80049,107475.3203,120422.1379,109419.747,110885.9914,119025.0572,112584.6763,120000.1407,123678.7021,105462.0126,106899.2935,110193.2138,116926.7596,112696.6491,116860.0282,134965.8154,123719.6589,131407.6814,137516.5873
Luxembourg,LUX,Europe,Western Europe,GDP per capita growth (annual %),NY.GDP.PCAP.KD.ZG,0.926765994,4.339108666,6.442030996,-2.066473342,-5.014263076,1.883548243,-1.176798005,-0.762183314,0.814651723,0.232565199,-0.115476551,2.739791487,-1.116113475,-0.329840314,0.752174049,-2.154174483,5.318430878,-3.069660269,-2.679521653,-0.651008715
Luxembourg,LUX,Europe,Western Europe,GDP (current US$),NY.GDP.MKTP.CD,37672280120,42910146296,51587401416,58844277702,54467289898,56213985987,61696281326,59776383527,65203276467,68804811898,60071584216,62216885436,65712180343,71085623495,69872035114,73670782100,86386759695,80801680397,87574021092,93197329012
"Macao SAR, China",MAC,Asia,Eastern Asia,"Total reserves (includes gold, current US$)",FI.RES.TOTL.CD,6689436717,9132102574,13229919966,15930121267,18350321741,23726490182,34026184617,16600225451,16145878199,16444386288,18890787008,19491696000,20169663000,20281241000,22214954000,25144935000,26664872000,25970915000,27770639000,29391736000
"Macao SAR, China",MAC,Asia,Eastern Asia,Total reserves minus gold (current US$),FI.RES.XGLD.CD,6689436717,9132102574,13229919966,15930121267,18350321741,23726490182,34026184617,16600225451,16145878199,16444386288,18890787008,19491696000,20169663000,20281241000,22214954000,25144935000,26664872000,25970915000,27770639000,29391736000
"Macao SAR, China",MAC,Asia,Eastern Asia,GDP growth (annual %),NY.GDP.MKTP.KD.ZG,8.075231306,13.39059328,14.47649617,3.391296513,1.274378235,25.12278818,21.61646948,9.242144596,10.75289299,-2.048378141,-21.51429324,-0.679183618,9.860051514,6.405279157,-2.56341515,-54.33610627,23.53589132,-19.60934493,75.06185714,8.808159685
"Macao SAR, China",MAC,Asia,Eastern Asia,GDP per capita (constant 2015 US$),NY.GDP.PCAP.KD,49454.30911,53221.56561,58352.9909,58122.60758,59490.45124,74158.88183,88121.75266,93164.01552,98998.08804,92322.15026,70070.2918,68570.46846,75807.89275,79378.17298,75835.64532,33952.47987,42121.72009,34121.90311,59602.43719,64078.24082
"Macao SAR, China",MAC,Asia,Eastern Asia,GDP (constant 2015 US$),NY.GDP.MKTP.KD,23416615362,26552239084,30396072958,31426893920,31827391416,39823319544,48431715260,52907844414,58596968310,57396680820,45048190598,44742230668,49153837660,52302278178,50961553656,23271029702,28748073961,23110764977,40458134366,44021751447
"Macao SAR, China",MAC,Asia,Eastern Asia,Current account balance (% of GDP),BN.CAB.XOKA.GD.ZS,23.65369326,14.89265892,21.68483098,15.56180569,27.54667052,38.91986117,40.38052123,38.83375588,39.33499483,32.70574083,23.34245234,26.52342092,30.76521331,32.87849092,33.54240949,14.80520953,8.734384886,13.90362814,31.39456254,..
"Macao SAR, China",MAC,Asia,Eastern Asia,Access to electricity (% of population),EG.ELC.ACCS.ZS,100,100,100,100,100,100,100,100,100,100,100,100,100,100,100,100,100,100,100,..
"Macao SAR, China",MAC,Asia,Eastern Asia,External balance on goods and services (% of GDP),NE.RSB.GNFS.ZS,32.40055433,28.30507335,27.09456678,32.78185947,43.46466469,54.90559609,57.78911311,57.83180712,59.88891021,52.64733784,38.51512894,41.09850587,46.14262292,49.47444263,50.70972241,1.435761171,14.18810452,0.699324978,40.70663475,44.38303654
"Macao SAR, China",MAC,Asia,Eastern Asia,GDP per capita (current US$),NY.GDP.PCAP.CD,25681.21673,29813.78772,35400.23347,38888.5118,40351.00356,52591.80352,67041.28231,76051.63123,87069.767,88310.81196,70070.2918,69074.0363,77704.92153,83761.81718,81967.69917,36976.25611,45376.31459,36909.95641,67476.52908,73046.88903
"Macao SAR, China",MAC,Asia,Eastern Asia,GDP per capita growth (annual %),NY.GDP.PCAP.KD.ZG,3.784176716,7.617650664,9.641627832,-0.394809777,2.353376284,24.65678152,18.82831898,5.721927575,6.262152275,-6.743501724,-24.10240489,-2.140455399,10.55472488,4.709641836,-4.462848575,-55.22886405,24.06080573,-18.99214221,74.6750086,7.509430559
"Macao SAR, China",MAC,Asia,Eastern Asia,GDP (current US$),NY.GDP.MKTP.CD,12160056122,14874098692,18439981612,21027018333,21587786906,28241798492,36845888757,43189721377,51536595089,54902831794,45048190598,45070808689,50383871121,55190661340,55082293844,25343525936,30969334705,24999113476,45803067940,50183212761
Madagascar,MDG,Africa,Eastern Africa,"Total reserves (includes gold, current US$)",FI.RES.TOTL.CD,481286830.7,583182459.3,846677005.5,982306552.8,982078789.7,1022970696,1134559590,1052810916,776146663,773817323.4,832008813.4,1183690792,1600175022,1739588290,1693147648,1980766598,2334564598,2159914364,2631980575,2784591093
Madagascar,MDG,Africa,Eastern Africa,Total reserves minus gold (current US$),FI.RES.XGLD.CD,481286830.7,583182459.3,846677005.5,982306552.8,982078789.7,1022970696,1134559590,1052810916,776146663,773817323.4,832008813.4,1183690792,1600175022,1739588290,1693147648,1980766598,2334564598,2159914364,2631980575,2784591093
Madagascar,MDG,Africa,Eastern Africa,GDP growth (annual %),NY.GDP.MKTP.KD.ZG,4.755845095,5.398508449,5.710564199,6.712632539,-3.978708612,0.619239745,1.578427054,3.011148116,2.300376228,3.339203112,3.132298075,3.993146062,3.933307595,3.194356517,4.411232129,-7.137671621,4.650683432,4.156097784,4.203046158,4.2
Madagascar,MDG,Africa,Eastern Africa,GDP per capita (constant 2015 US$),NY.GDP.PCAP.KD,450.9552309,461.5403379,473.7854623,490.9639354,457.7897549,447.417143,441.7551584,442.6415001,440.6746589,443.3438699,445.3200695,451.1565943,456.8518596,459.3303678,467.2774135,422.9242554,431.5991031,438.5162634,445.8345519,453.383067
Madagascar,MDG,Africa,Eastern Africa,GDP (constant 2015 US$),NY.GDP.MKTP.KD,8640170094,9106610407,9626649241,10272850830,9864124029,9925206606,10081868752,10385448753,10624353147,10979121878,11323020701,11775165457,12238318934,12629254472,13186360203,12245161113,12814644792,13347233960,13908224365,14492369788
Madagascar,MDG,Africa,Eastern Africa,Current account balance (% of GDP),BN.CAB.XOKA.GD.ZS,-12.53082177,-9.155174333,-9.885701977,-15.63646139,-18.17185576,-8.948536171,-6.727751144,-7.462710178,-6.505498543,-0.649123767,-2.259418413,0.378142575,-0.228589799,0.71256088,-2.135649717,-4.778422927,-5.029371299,-5.411702644,..,..
Madagascar,MDG,Africa,Eastern Africa,Access to electricity (% of population),EG.ELC.ACCS.ZS,16,16.8,17.5,18.3,17.4,12.3,14.3,18.7,12.9,23,23.8,22.9,24.1,36.5,31,32,35.1,36.1,39.4,..
Madagascar,MDG,Africa,Eastern Africa,External balance on goods and services (% of GDP),NE.RSB.GNFS.ZS,-10.49131272,-7.129011375,-11.11032107,-18.94295516,-21.66003792,-14.12613347,-11.04381524,-9.090329875,-9.823249634,-5.405608262,-4.439086577,-2.649559616,-3.538139754,-4.76945736,-5.752520559,-8.7265576,-9.032594392,-9.460544664,-7.126946718,-7.721369489
Madagascar,MDG,Africa,Eastern Africa,GDP per capita (current US$),NY.GDP.PCAP.CD,305.8120749,324.1468749,419.5480014,512.5798001,446.3152384,450.0093916,506.1636916,493.5111629,515.3015894,505.6849225,445.3200695,453.9707145,491.8668487,500.4571855,499.8188376,450.7716152,483.4694634,503.5145335,508.7184277,544.9973027
Madagascar,MDG,Africa,Eastern Africa,GDP per capita growth (annual %),NY.GDP.PCAP.KD.ZG,1.731772067,2.347263378,2.653099507,3.625791508,-6.756948552,-2.265802527,-1.26548227,0.200640942,-0.444341802,0.60571012,0.445748708,1.310635934,1.262369943,0.542519019,1.730137229,-9.491825796,2.051158699,1.6026818,1.668875061,1.693120253
Madagascar,MDG,Africa,Eastern Africa,GDP (current US$),NY.GDP.MKTP.CD,5859269753,6395712491,8524620890,10725137724,9616879409,9982711338,11551819618,11578975062,12423555455,12522957399,11323020701,11848613858,13176313594,13760033282,14104664679,13051441204,14354731964,15325603273,15869945478,17420814801
Malawi,MWI,Africa,Eastern Africa,"Total reserves (includes gold, current US$)",FI.RES.TOTL.CD,165231252.5,141932272.7,227314279.6,253908649,163276594.7,325348538.6,217026444.1,244599528.4,428566508.2,616100759.7,681580478.3,610774217.6,768401046.2,766154761.9,846839844.3,594498493.6,..,..,..,..
Malawi,MWI,Africa,Eastern Africa,Total reserves minus gold (current US$),FI.RES.XGLD.CD,158645871.5,133771791.8,216611430.9,242775849,149356594.7,307358138.6,197429644.1,223175827.9,413104344.1,600619340.1,681580478.3,610774217.6,768401046.2,766154761.9,846839844.3,594498493.6,..,..,..,..
Malawi,MWI,Africa,Eastern Africa,GDP growth (annual %),NY.GDP.MKTP.KD.ZG,3.268726023,4.699999764,9.599999877,7.639736399,8.328109852,6.874065854,4.932669998,1.900000001,5.410349998,5.625270001,2.8,2.499999999,4.000000001,4.353564716,5.716825192,0.79359643,4.55829212,0.921115069,1.892457988,1.82685
Malawi,MWI,Africa,Eastern Africa,GDP per capita (constant 2015 US$),NY.GDP.PCAP.KD,410.2679796,417.8776898,445.2543054,465.551473,489.6314188,508.0886506,517.8337366,512.740318,525.3576455,539.5626019,539.6053632,538.2219908,544.7957292,553.5287909,569.8662494,559.4470861,569.9689673,560.6357597,556.7440348,552.4953853
Malawi,MWI,Africa,Eastern Africa,GDP (constant 2015 US$),NY.GDP.MKTP.KD,5267853576,5515442682,6044925173,6506741521,7048630103,7533157578,7904743382,8054933506,8490733601,8968360291,9219474379,9449961239,9827959688,10255826274,10842133934,10928176722,11426314940,11531564449,11749794461,11964445581
Malawi,MWI,Africa,Eastern Africa,Current account balance (% of GDP),BN.CAB.XOKA.GD.ZS,-9.523892935,-5.269113712,-6.479832597,-8.954289785,-6.033742038,-9.570079304,-9.758721178,-8.487980444,-15.39159208,-12.8223513,-11.54537609,-12.71340081,-17.42087077,-17.25868856,-11.95320422,-13.92332247,-15.49224932,-17.84618685,-17.90494204,..
Malawi,MWI,Africa,Eastern Africa,Access to electricity (% of population),EG.ELC.ACCS.ZS,6.6,3.7,7.4,7.8,8.3,8.7,7.6,7.4,9,11.9,10.8,11,12.7,18,11.2,11.5,14.2,14,15.6,..
Malawi,MWI,Africa,Eastern Africa,External balance on goods and services (% of GDP),NE.RSB.GNFS.ZS,..,..,..,..,..,..,..,..,..,..,..,..,..,..,..,..,..,..,..,..
Malawi,MWI,Africa,Eastern Africa,GDP per capita (current US$),NY.GDP.PCAP.CD,414.361122,440.822149,475.1802617,554.0488204,625.8697299,683.1246947,763.0610004,558.4620883,496.9473683,529.513344,539.6053632,450.5061055,495.7696834,533.2031737,580.8898161,602.5074782,617.4475208,604.2697512,602.3436198,508.3712735
Malawi,MWI,Africa,Eastern Africa,GDP per capita growth (annual %),NY.GDP.PCAP.KD.ZG,0.539880655,1.854814551,6.551346557,4.558556158,5.172348754,3.769617523,1.917989323,-0.983601162,2.460763685,2.703864029,0.007925183,-0.256367435,1.221380494,1.602997456,2.951510154,-1.828352407,1.880764329,-1.637493994,-0.694162804,-0.763124396
Malawi,MWI,Africa,Eastern Africa,GDP (current US$),NY.GDP.MKTP.CD,5320409651,5818279739,6451210219,7743617352,9009887947,10128323011,11648142958,8773203178,8031571928,8801326169,9219474379,7909868618,8943543794,9879231592,11051865580,11769313598,12378129751,12429060151,12712150082,11008925323
Malaysia,MYS,Asia,South-Eastern Asia,"Total reserves (includes gold, current US$)",FI.RES.TOTL.CD,70458190075,82876090883,1.01995E+11,92166457065,96704054215,1.06528E+11,1.33572E+11,1.39731E+11,1.34854E+11,1.15959E+11,95282342268,94481267074,1.02447E+11,1.01453E+11,1.0363E+11,1.07644E+11,1.16916E+11,1.14659E+11,1.13463E+11,1.16229E+11
Malaysia,MYS,Asia,South-Eastern Asia,Total reserves minus gold (current US$),FI.RES.XGLD.CD,69857980075,82132321883,1.01019E+11,91148849565,95431679215,1.04884E+11,1.3178E+11,1.37784E+11,1.33444E+11,1.14572E+11,93978542268,93071810074,1.00878E+11,99850469255,1.01726E+11,1.0528E+11,1.14641E+11,1.12393E+11,1.10885E+11,1.12968E+11
Malaysia,MYS,Asia,South-Eastern Asia,GDP growth (annual %),NY.GDP.MKTP.KD.ZG,5.332139161,5.584847067,6.298785927,4.831769889,-1.513528716,7.424847383,5.293912834,5.473454193,4.693722526,6.006721946,5.091532422,4.449781398,5.81272241,4.843086976,4.413187421,-5.456846584,3.315349544,8.861821876,3.555487154,5.114155478
Malaysia,MYS,Asia,South-Eastern Asia,GDP per capita (constant 2015 US$),NY.GDP.PCAP.KD,7234.024427,7469.810692,7769.596934,7976.117854,7700.461113,8118.922705,8400.322487,8710.526714,8964.807249,9341.73056,9648.679794,9901.479602,10293.76292,10610.19502,10902.98349,10171.46578,10388.26671,11174.21008,11429.58941,11868.36474
Malaysia,MYS,Asia,South-Eastern Asia,GDP (constant 2015 US$),NY.GDP.MKTP.KD,1.86899E+11,1.97337E+11,2.09767E+11,2.19902E+11,2.16574E+11,2.32654E+11,2.44971E+11,2.58379E+11,2.70506E+11,2.86755E+11,3.01355E+11,3.14765E+11,3.33061E+11,3.49192E+11,3.64602E+11,3.44706E+11,3.56135E+11,3.87695E+11,4.01479E+11,4.22011E+11
Malaysia,MYS,Asia,South-Eastern Asia,Current account balance (% of GDP),BN.CAB.XOKA.GD.ZS,13.91997009,16.10372222,15.38112086,16.8597967,15.72301053,10.05567785,10.90500197,5.18877995,3.466143537,4.391591662,3.008918501,2.367685913,2.807870911,2.237082069,3.503886697,4.189567794,3.877476707,3.125192857,1.565428165,1.694446888
Malaysia,MYS,Asia,South-Eastern Asia,Access to electricity (% of population),EG.ELC.ACCS.ZS,98.7,98.8,98.9,99,99.3,99.5,99.5,99.8,99.6,99.7,99.9,99.9,100,100,100,100,100,100,100,..
Malaysia,MYS,Asia,South-Eastern Asia,External balance on goods and services (% of GDP),NE.RSB.GNFS.ZS,21.94330896,21.79381485,19.87104338,22.3308297,20.27461328,15.91582525,15.57319961,10.75807309,8.537090596,9.274766075,7.527309349,6.651880883,6.868311645,6.707317337,7.526971658,6.367689373,7.230116408,7.194959007,5.099494675,5.342894403
Malaysia,MYS,Asia,South-Eastern Asia,GDP per capita (current US$),NY.GDP.PCAP.CD,5555.5818,6158.407855,7168.930319,8371.821561,7191.432872,8899.345055,10217.10686,10600.57442,10713.64076,11013.31073,9648.679794,9476.534098,9862.548066,10901.802,10920.19176,9957.526267,10903.11164,11748.09193,11379.08519,11867.25864
Malaysia,MYS,Asia,South-Eastern Asia,GDP per capita growth (annual %),NY.GDP.PCAP.KD.ZG,2.970371272,3.259406539,4.013304403,2.658064788,-3.456026426,5.434240704,3.46597439,3.692765691,2.919232599,4.204477579,3.285785563,2.620045576,3.961865645,3.074017791,2.759501224,-6.709335131,2.131461998,7.565683341,2.28543525,3.838942142
Malaysia,MYS,Asia,South-Eastern Asia,GDP (current US$),NY.GDP.MKTP.CD,1.43534E+11,1.62692E+11,1.9355E+11,2.30812E+11,2.02257E+11,2.55018E+11,2.97952E+11,3.14443E+11,3.23276E+11,3.38066E+11,3.01355E+11,3.01256E+11,3.19109E+11,3.58789E+11,3.65178E+11,3.37456E+11,3.73785E+11,4.07606E+11,3.99705E+11,4.21972E+11
Maldives,MDV,Asia,Southern Asia,"Total reserves (includes gold, current US$)",FI.RES.TOTL.CD,186354315.3,231550005.6,308403900.3,240580313.6,260981130.1,350103579.3,334913163.2,304506181,368315038.6,614684246.5,563873734.6,467323386,587346816.8,712157733.8,753496279.8,984930745.3,805808189.4,832094352.9,590522550.6,673885912.7
Maldives,MDV,Asia,Southern Asia,Total reserves minus gold (current US$),FI.RES.XGLD.CD,186354315.3,231550005.6,308403900.3,240580313.6,260981130.1,350103579.3,334913163.2,304506181,368315038.6,614684246.5,563873734.6,467323386,587346816.8,712157733.8,753496279.8,984930745.3,805808189.4,832094352.9,590522550.6,673885912.7
Maldives,MDV,Asia,Southern Asia,GDP growth (annual %),NY.GDP.MKTP.KD.ZG,-11.17730977,23.6302721,7.133380234,8.976454605,-8.34069876,6.785467909,8.843425945,2.389288126,6.974962268,7.860686372,3.868135336,6.375283031,7.074428717,8.568955597,6.923059808,-32.90882873,37.50787,13.82608953,4.72639195,5.133962231
Maldives,MDV,Asia,Southern Asia,GDP per capita (constant 2015 US$),NY.GDP.PCAP.KD,7141.883769,8620.728153,8933.171669,9396.497343,8313.40983,8569.524945,9005.813908,8907.661356,9213.327922,9612.078621,9644.90655,9909.076694,10263.29912,10793.89414,11194.92537,7295.602213,9759.221933,10939.99632,11415.93951,11960.98424
Maldives,MDV,Asia,Southern Asia,GDP (constant 2015 US$),NY.GDP.MKTP.KD,2188480301,2705624151,2898626610,3158820512,2895352808,3091816044,3365238506,3445643750,3685976102,3975719123,4129505319,4392772971,4703536564,5106580523,5460112147,3663253192,5037261437,5733717714,6004715686,6312995521
Maldives,MDV,Asia,Southern Asia,Current account balance (% of GDP),BN.CAB.XOKA.GD.ZS,-23.46726922,-19.17058394,-14.39487465,-26.92775277,-9.41593218,-7.576046405,-13.82085534,-6.392291098,-3.866267426,-3.186658252,-7.305880319,-23.41095573,-21.26776143,-27.8019977,-25.81688225,-35.7483019,-8.633081746,-16.86821096,-21.23539389,-18.01612474
Maldives,MDV,Asia,Southern Asia,Access to electricity (% of population),EG.ELC.ACCS.ZS,90.9,91.7,92.6,93.6,99.9,99,99.1,99.2,99.4,100,99.8,100,99.8,100,100,100,100,100,100,..
Maldives,MDV,Asia,Southern Asia,External balance on goods and services (% of GDP),NE.RSB.GNFS.ZS,..,..,..,..,..,..,..,..,..,16.60900365,9.135070884,-1.152946019,-3.793213678,-9.594527251,-6.098394995,-17.87950364,9.590673629,3.098280814,-1.268205839,..
Maldives,MDV,Asia,Southern Asia,GDP per capita (current US$),NY.GDP.PCAP.CD,3796.515465,5018.943354,5758.102869,6757.432809,6734.031656,7173.596018,7424.520411,7461.297037,8236.081779,8939.074166,9644.90655,9947.807447,10509.62881,11423.28384,11740.2724,7393.888654,10176.14388,11786.00915,12530.36024,13215.53536
Maldives,MDV,Asia,Southern Asia,GDP per capita growth (annual %),NY.GDP.PCAP.KD.ZG,-12.63126685,20.70664312,3.6243286,5.186575286,-11.52650263,3.080746902,5.091168595,-1.089879863,3.431501874,4.32797684,0.341527892,2.738960115,3.574726854,5.16982905,3.715352668,-34.83116707,33.76855875,12.09906281,4.350487609,4.774418537
Maldives,MDV,Asia,Southern Asia,GDP (current US$),NY.GDP.MKTP.CD,1163362438,1575200391,1868383461,2271646188,2345294875,2588176055,2774350240,2886163997,3295009238,3697353039,4129505319,4409942624,4816426257,5404344163,5726094799,3712604583,5252457370,6177118114,6590894302,6975146349
Mali,MLI,Africa,Western Africa,"Total reserves (includes gold, current US$)",FI.RES.TOTL.CD,..,..,..,..,..,..,..,..,..,..,..,..,..,..,..,..,..,..,..,..
Mali,MLI,Africa,Western Africa,Total reserves minus gold (current US$),FI.RES.XGLD.CD,..,..,..,..,..,..,..,..,..,..,..,..,..,..,..,..,..,..,..,..
Mali,MLI,Africa,Western Africa,GDP growth (annual %),NY.GDP.MKTP.KD.ZG,7.504684635,6.654261122,3.875028163,6.537353952,4.633509848,6.921721886,4.019135255,-0.570588589,2.382125954,7.60253469,5.974716101,6.005063086,5.375547696,4.867849999,4.999999117,-1.16907501,3.100941244,3.50828279,4.71716104,5.004545937
Mali,MLI,Africa,Western Africa,GDP per capita (constant 2015 US$),NY.GDP.PCAP.KD,721.8979871,745.0875001,748.9261584,772.0919752,781.9722868,809.3738876,815.124267,787.1497241,782.7024503,816.0046555,838.1198694,860.7530755,878.5613484,892.9783228,909.7510697,872.3897211,872.3328037,876.1683019,890.6138725,908.080398
Mali,MLI,Africa,Western Africa,GDP (constant 2015 US$),NY.GDP.MKTP.KD,9773522017,10423877693,10827805889,11535657885,12070163730,12905626894,13424321494,13347723848,13665683442,14704621766,15583181170,16518961030,17406945660,18254289664,19167003986,18942927332,19530336379,20215515809,21169114244,22228532291
Mali,MLI,Africa,Western Africa,Current account balance (% of GDP),BN.CAB.XOKA.GD.ZS,-5.466849217,-2.46926541,-5.655482226,-8.70758131,-5.221547005,-9.025867782,-4.238695267,-1.830862725,-2.376706179,-3.994087567,-4.477294743,-6.066952193,-6.624943824,-4.105726227,-6.293539634,-1.834345242,-6.385083113,-6.594368068,-6.540324131,..
Mali,MLI,Africa,Western Africa,Access to electricity (% of population),EG.ELC.ACCS.ZS,18.2,16.6,21.7,23.4,24,27,28.8,25.6,32.4,34.2,37.6,38.8,34.8,50.9,47.9,50.6,53.4,53,54.5,..
Mali,MLI,Africa,Western Africa,External balance on goods and services (% of GDP),NE.RSB.GNFS.ZS,-6.354525312,-3.320632538,-6.929724117,-10.04383022,-5.524668051,-10.0069635,-6.854450056,-4.158636776,-12.62885917,-13.24153612,-13.12728082,-14.29486092,-11.67898331,-9.501728137,-10.54426228,-5.757028697,-9.845507064,-9.325763662,-7.862336254,-5.865855679
Mali,MLI,Africa,Western Africa,GDP per capita (current US$),NY.GDP.PCAP.CD,591.6303935,633.2219467,711.6754632,820.7157056,815.788688,827.6176601,941.5749447,878.2171753,903.1904525,940.24326,838.1198694,872.4685872,924.0575317,996.3792921,971.9493186,953.2429433,1027.273454,969.7222056,1035.862426,1086.176218
Mali,MLI,Africa,Western Africa,GDP per capita growth (annual %),NY.GDP.PCAP.KD.ZG,4.040702701,3.212297774,0.515195639,3.093204394,1.279680647,3.504165211,0.710472561,-3.431935966,-0.564984485,4.254772069,2.710182314,2.70047364,2.068917712,1.640975264,1.87829273,-4.106766109,-0.006524311,0.439682902,1.648720986,1.961178244
Mali,MLI,Africa,Western Africa,GDP (current US$),NY.GDP.MKTP.CD,8009875052,8858863053,10289243720,12262134441,12592138109,13196527458,15506843902,14891957623,15769357573,16943434591,15583181170,16743796800,18308362040,20368015381,20477421885,20698560939,22999245263,22374051350,24621545565,26588067731
Malta,MLT,Europe,Southern Europe,"Total reserves (includes gold, current US$)",FI.RES.TOTL.CD,2578480780,2980333080,3798767062,373422724.3,538508890,540154074.4,515097920.7,704900046,596933291.3,619373096.6,571697422.7,677039187.8,832991850.8,1024613729,937615561.1,930464309.4,1149326794,1199148721,1222820471,1417638672
Malta,MLT,Europe,Southern Europe,Total reserves minus gold (current US$),FI.RES.XGLD.CD,2576428780,2976773160,3785427062,368291199.3,532092640,535797024.4,499787920.7,688260046,584888291.3,615634496.6,568517422.7,673601487.8,829102350.8,1020768779,910201561.1,919117709.4,1143866494,1195524021,1204258871,1401984072
Malta,MLT,Europe,Southern Europe,GDP growth (annual %),NY.GDP.MKTP.KD.ZG,2.880671273,2.336122734,5.036663951,4.410126225,-1.395342555,6.197345169,0.991963675,4.102590303,6.291715744,7.631129375,9.621097562,4.077719295,12.97211934,7.189096537,4.084706028,-3.358342532,13.29978932,4.26931853,6.796313111,5.969281961
Malta,MLT,Europe,Southern Europe,GDP per capita (constant 2015 US$),NY.GDP.PCAP.KD,18123.2975,18479.23051,19342.39191,20064.43979,19635.87646,20750.60537,20867.83904,21529.49277,22626.46595,23865.9809,25529.68131,25969.44108,28546.77805,29536.89506,29522.65245,27890.36511,31437.50302,31979.60904,32816.32526,33467.45843
Malta,MLT,Europe,Southern Europe,GDP (constant 2015 US$),NY.GDP.MKTP.KD,7318803721,7489779959,7867015006,8213960298,8099347414,8601291930,8686613622,9042989790,9611949002,10345449266,11340795033,11803240820,13334371306,14292992132,14876818843,14377204308,16289342191,16984786096,18139125340,19221900877
Malta,MLT,Europe,Southern Europe,Current account balance (% of GDP),BN.CAB.XOKA.GD.ZS,-6.536149868,-7.862415089,-2.013541115,-0.842459753,-6.385925929,-4.613614689,-0.132890973,1.573594762,2.50365374,8.342238911,2.650100864,-0.551812267,19.15774135,13.34841616,17.84993316,16.0929468,9.34788775,-0.871193562,6.414325738,5.686250721
Malta,MLT,Europe,Southern Europe,Access to electricity (% of population),EG.ELC.ACCS.ZS,100,100,100,100,100,100,100,100,100,100,100,100,100,100,100,100,100,100,100,..
Malta,MLT,Europe,Southern Europe,External balance on goods and services (% of GDP),NE.RSB.GNFS.ZS,-9.101469441,-4.073915321,-3.123817427,-2.804447511,-1.490223964,1.015741472,2.855186924,2.383860662,7.907118664,12.55859224,10.26863878,12.97363095,20.20544991,18.60005669,15.96963788,15.7131226,16.39578875,13.40553692,16.72159921,17.38387839
Malta,MLT,Europe,Southern Europe,GDP per capita (current US$),NY.GDP.PCAP.CD,15831.34398,16653.60383,19444.17436,22315.31048,21176.32167,21946.60702,23516.96913,22878.31313,25415.55668,27424.57654,25529.68131,26459.07721,30317.24434,33382.26775,32421.91798,31833.59638,38065.35435,36224.282,40182.43139,42347.30739
Malta,MLT,Europe,Southern Europe,GDP per capita growth (annual %),NY.GDP.PCAP.KD.ZG,2.226957612,1.963952816,4.670981286,3.732981366,-2.135934706,5.677001031,0.564965068,3.170686383,5.09521146,5.47816414,6.971012094,1.72254313,9.924499155,3.468401988,-0.048219726,-5.528931893,12.71814802,1.724392731,2.616405418,1.984174515
Malta,MLT,Europe,Southern Europe,GDP (current US$),NY.GDP.MKTP.CD,6393234965,6749838862,7908412374,9135419490,8734745632,9097044182,9789361705,9609532106,10796782634,11888032862,11340795033,12025782885,14161366733,16153779511,16337793531,16409900599,19723563355,19239187084,22210718401,24322006608
Marshall Islands,MHL,Oceania,Micronesia,"Total reserves (includes gold, current US$)",FI.RES.TOTL.CD,..,..,..,..,..,..,..,..,..,..,..,..,..,..,..,..,..,..,..,..
Marshall Islands,MHL,Oceania,Micronesia,Total reserves minus gold (current US$),FI.RES.XGLD.CD,..,..,..,..,..,..,..,..,..,..,..,..,..,..,..,..,..,..,..,..
Marshall Islands,MHL,Oceania,Micronesia,GDP growth (annual %),NY.GDP.MKTP.KD.ZG,1.791044776,0.175953079,3.68852459,-7.566346697,3.665241295,5.5391868,-0.502512563,-1.290684624,3.808982376,-1.25958379,1.885745979,2.504082744,3.558151885,5.487179487,10.45211473,-2.772887324,1.222272522,-1.118067979,-3.934871099,2.770968022
Marshall Islands,MHL,Oceania,Micronesia,GDP per capita (constant 2015 US$),NY.GDP.PCAP.KD,3284.784033,3285.120788,3403.478428,3146.261772,3262.269555,3441.318884,3433.062978,3420.914448,3602.928119,3620.772753,3764.344262,3946.844411,4190.934686,4542.342939,5162.815007,5172.575282,5405.274736,5516.880006,5470.420069,5813.506341
Marshall Islands,MHL,Oceania,Micronesia,GDP (constant 2015 US$),NY.GDP.MKTP.KD,170500000,170800000,177100000,163700000,169700000,179100000,178200000,175900000,182600000,180300000,183700000,188300000,195000000,205700000,227200000,220900000,223600000,221100000,212400000,218285536.1
Marshall Islands,MHL,Oceania,Micronesia,Current account balance (% of GDP),BN.CAB.XOKA.GD.ZS,-1.841521277,-4.317692659,-5.463474871,-3.762671145,-17.46062427,-8.901575937,-3.35417721,-10.85309324,-15.51367605,-2.623316437,-3.82810869,-8.034198286,6.046083916,24.1051166,36.98278817,37.33711428,29.45647327,..,..,..
Marshall Islands,MHL,Oceania,Micronesia,Access to electricity (% of population),EG.ELC.ACCS.ZS,75.7,77.2,72.3,80.2,81.7,89.4,89.9,90.4,90.9,91.5,92.1,92.7,93.8,95.3,96.8,98.3,99.8,100,100,..
Marshall Islands,MHL,Oceania,Micronesia,External balance on goods and services (% of GDP),NE.RSB.GNFS.ZS,-59.22797101,-62.09469274,-62.33023256,-63.29072306,-73.14993386,-72.61961515,-50.73662217,-47.9679026,-59.62886266,-50.61166667,-50.00544366,-43.33974232,-46.91941975,-49.03072727,-78.88398454,-36.8490488,-24.83236771,-37.20003946,-32.32734285,..
Marshall Islands,MHL,Oceania,Micronesia,GDP per capita (current US$),NY.GDP.PCAP.CD,2658.652179,2754.269888,2892.28404,2817.605228,2906.63027,3095.45769,3319.398154,3514.265155,3677.906908,3735.239778,3764.344262,4229.809889,4592.834576,4858.120791,5292.339855,5661.967873,6258.611937,6322.828555,6678.342391,7466.651865
Marshall Islands,MHL,Oceania,Micronesia,GDP per capita growth (annual %),NY.GDP.PCAP.KD.ZG,1.56552229,0.010251972,3.602839829,-7.55746397,3.687162471,5.488489704,-0.239905289,-0.353868546,5.320614526,0.495281427,3.965217352,4.848125886,6.18444128,8.384961342,13.6597363,0.18904949,4.49871565,2.06474741,-0.842141526,6.271662283
Marshall Islands,MHL,Oceania,Micronesia,GDP (current US$),NY.GDP.MKTP.CD,138000000,143200000,150500000,146600000,151200000,161100000,172300000,180700000,186400000,186000000,183700000,201800000,213700000,220000000,232900000,241800000,258900000,253400000,259300000,280357844.2
Mauritania,MRT,Africa,Western Africa,"Total reserves (includes gold, current US$)",FI.RES.TOTL.CD,70367752.98,194495586.1,207413837.5,198598074.4,237857971.1,287851716.2,502324710.6,968635710.8,997902480.5,635387343.5,822269358.3,848467104.5,873822720.9,934291833.8,1028702421,1493184646,2038562789,..,..,..
Mauritania,MRT,Africa,Western Africa,Total reserves minus gold (current US$),FI.RES.XGLD.CD,64468252.98,187185036.1,197825712.5,188595949.4,225351721.1,271688466.2,484718210.6,949499710.8,984050730.5,621518343.5,810079358.3,835289254.5,858912970.9,919552858.8,1028702421,1493184646,2038562789,..,..,..
Mauritania,MRT,Africa,Western Africa,GDP growth (annual %),NY.GDP.MKTP.KD.ZG,8.56628732,18.33319869,-1.96942275,-0.331079223,0.097875914,2.620229481,4.172783278,4.470013192,4.15081319,4.274823288,5.376339241,1.260909231,6.270545669,4.772173657,3.141004893,-0.360657384,0.742715395,6.796005102,6.507187199,5.2
Mauritania,MRT,Africa,Western Africa,GDP per capita (constant 2015 US$),NY.GDP.PCAP.KD,1418.532021,1637.041913,1563.606288,1514.265501,1469.054269,1460.191797,1472.552456,1488.971776,1502.901424,1520.646216,1554.948979,1528.051523,1576.068578,1602.902256,1605.135236,1553.306156,1520.311179,1576.756241,1630.271718,1666.291042
Mauritania,MRT,Africa,Western Africa,GDP (constant 2015 US$),NY.GDP.MKTP.KD,4169149304,4933487730,4836326500,4820314428,4825032355,4951459275,5158072940,5388639481,5612311839,5852228253,6166863897,6244622453,6636194356,6952885074,7171275535,7145411800,7198481874,7687691069,8187943518,8613716581
Mauritania,MRT,Africa,Western Africa,Current account balance (% of GDP),BN.CAB.XOKA.GD.ZS,..,..,..,..,..,..,..,-18.22316037,-17.46845563,-22.34523754,-15.50134646,-11.04568521,-10.42627236,-13.01772742,-10.52731036,-6.974849988,-8.759650934,-14.899565,-9.073716008,-9.653644438
Mauritania,MRT,Africa,Western Africa,Access to electricity (% of population),EG.ELC.ACCS.ZS,18.2,27,33,30,31.1,34.2,35.3,36.4,37.6,38.8,39.5,41.2,42.9,43.6,44.9,45.4,47.7,49,50.3,..
Mauritania,MRT,Africa,Western Africa,External balance on goods and services (% of GDP),NE.RSB.GNFS.ZS,-34.72860545,1.939705442,-5.017732081,-10.91451004,-7.517120996,-1.942048908,1.880289795,-14.26541232,-11.30162576,-16.83196992,-16.95649698,-5.302980576,-9.803625123,-15.97422869,-8.691646054,-3.963959565,-8.594827229,-22.55028348,-14.89458978,..
Mauritania,MRT,Africa,Western Africa,GDP per capita (current US$),NY.GDP.PCAP.CD,998.9658342,1300.60368,1405.150162,1635.563062,1435.430108,1659.963697,1931.199755,1859.117332,1934.241031,1713.008653,1554.948979,1565.765757,1615.004013,1722.935289,1767.072711,1795.764596,1947.789184,1960.352401,2120.823184,2082.783744
Mauritania,MRT,Africa,Western Africa,GDP per capita growth (annual %),NY.GDP.PCAP.KD.ZG,5.965957148,15.40394491,-4.485873229,-3.155576099,-2.985687286,-0.603277392,0.846509289,1.115024445,0.935521309,1.180702357,2.255801645,-1.729796675,3.14237148,1.702570472,0.139308525,-3.228954106,-2.124177304,3.712730841,3.394023478,2.209406168
Mauritania,MRT,Africa,Western Africa,GDP (current US$),NY.GDP.MKTP.CD,2936019526,3919577286,4346212355,5206437194,4714595548,5628878798,6764627746,6728208836,7223071097,6592537782,6166863897,6398747592,6800135898,7473550557,7894764886,8260752385,9222536364,9557966698,10651709314,10766731874
Mauritius,MUS,Africa,Eastern Africa,"Total reserves (includes gold, current US$)",FI.RES.TOTL.CD,1371551308,1308850537,1831736327,1796126154,2315555503,2618620803,2775245693,3053007539,3490767904,3920880590,4259691508,4962069842,5984338262,6353096296,7362471786,7291065336,8562656040,7792807408,7247890260,8506134285
Mauritius,MUS,Africa,Eastern Africa,Total reserves minus gold (current US$),FI.RES.XGLD.CD,1339904338,1269634204,1780302290,1742653924,2178769753,2441835607,2582676513,2836687539,3340205404,3614701310,3956976708,4504179661,5465932737,5840628544,6753393626,6535003556,7834980060,7068773583,6424580180,7464581565
Mauritius,MUS,Africa,Eastern Africa,GDP growth (annual %),NY.GDP.MKTP.KD.ZG,1.77754302,4.865544608,5.72701616,5.386962542,3.315076998,4.377203223,4.077538066,3.496118365,3.3604061,3.82696982,3.690556904,3.862468263,3.937983806,4.006740572,2.891284993,-14.54653815,3.403798662,8.693066753,5.007813818,4.693903184
Mauritius,MUS,Africa,Eastern Africa,GDP per capita (constant 2015 US$),NY.GDP.PCAP.KD,6472.873886,6756.22956,7110.694939,7466.694658,7693.764344,8011.455172,8324.783283,8591.967159,8859.212183,9181.615754,9507.871337,9868.327166,10247.69606,10652.48369,10956.94502,9362.874359,9679.121239,10552.29056,11093.75191,11628.60913
Mauritius,MUS,Africa,Eastern Africa,GDP (constant 2015 US$),NY.GDP.MKTP.KD,7950333241,8337160252,8814630767,9289471624,9597424761,10017523547,10425991883,10790496900,11153101416,11579927241,12007291046,12471068852,12962177523,13481538349,13871328044,11853530019,12257000315,13322509534,13989676007,14646337855
Mauritius,MUS,Africa,Eastern Africa,Current account balance (% of GDP),BN.CAB.XOKA.GD.ZS,-4.926188198,-8.599040517,-5.324257152,-9.767059672,-7.174749741,-10.05404476,-13.54612886,-7.091726881,-6.103286827,-5.277833094,-3.472760141,-3.901424901,-4.464411912,-3.769031203,-4.976989588,-8.789471441,-13.03199749,-11.13146911,-4.941523853,-7.022300959
Mauritius,MUS,Africa,Eastern Africa,Access to electricity (% of population),EG.ELC.ACCS.ZS,99,99,99,99,99,99.4,99.6,99.4,99.4,99.5,99.6,99.7,99.6,99.8,100,99.5,99.6,100,100,..
Mauritius,MUS,Africa,Eastern Africa,External balance on goods and services (% of GDP),NE.RSB.GNFS.ZS,-5.128101306,-10.1749899,-9.141455502,-13.34827302,-9.075391766,-10.98172797,-12.6506516,-11.91578923,-8.162984121,-5.540388309,-4.150274626,-4.367097091,-6.488376077,-7.347909297,-7.803822631,-9.721881864,-15.33749507,-13.60614833,-10.03474735,-11.58557847
Mauritius,MUS,Africa,Eastern Africa,GDP per capita (current US$),NY.GDP.PCAP.CD,5354.029743,5695.975255,6574.663576,8030.052281,7318.12641,8000.376432,9197.042991,9291.236276,9764.644131,10366.35508,9507.871337,9965.725311,10841.68478,11643.4606,11403.25279,9011.042884,9068.973002,10223.78823,11182.18657,11871.73368
Mauritius,MUS,Africa,Eastern Africa,GDP per capita growth (annual %),NY.GDP.PCAP.KD.ZG,1.176699087,4.377586821,5.246496965,5.006539055,3.041100463,4.129198848,3.911001241,3.209499479,3.110405554,3.639190074,3.553356966,3.791130707,3.844308006,3.950035487,2.858125324,-14.54849559,3.377668734,9.021163173,5.13122105,4.8212473
Mauritius,MUS,Africa,Eastern Africa,GDP (current US$),NY.GDP.MKTP.CD,6576108447,7028810681,8150150209,9990356674,9128843109,10003670690,11518413430,11668696397,12292974141,13074129952,12007291046,12594155464,13713506131,14735695931,14436346980,11408106446,11484348858,12907767790,14101195733,14952555415
Mexico,MEX,Americas,Central America,"Total reserves (includes gold, current US$)",FI.RES.TOTL.CD,74109703346,76329367204,87208175923,95299838183,99888815494,1.20584E+11,1.49208E+11,1.67076E+11,1.802E+11,1.95682E+11,1.77597E+11,1.77974E+11,1.7547E+11,1.7639E+11,1.83056E+11,1.99069E+11,2.07799E+11,2.01119E+11,2.14317E+11,2.32035E+11
Mexico,MEX,Americas,Central America,Total reserves minus gold (current US$),FI.RES.XGLD.CD,74054137349,76270546023,87109236214,95126103499,99589209743,1.20265E+11,1.43991E+11,1.60413E+11,1.75432E+11,1.90923E+11,1.73458E+11,1.73536E+11,1.70458E+11,1.71445E+11,1.77177E+11,1.91769E+11,2.00775E+11,1.94125E+11,2.06351E+11,2.21944E+11
Mexico,MEX,Americas,Central America,GDP growth (annual %),NY.GDP.MKTP.KD.ZG,2.113247115,4.805013517,2.07786394,0.943331873,-6.295250567,4.971334578,3.444045063,3.553210755,0.85210155,2.503763499,2.702323448,1.772493234,1.871728542,1.972082077,-0.392690505,-8.354034566,6.048483457,3.710988931,3.295390957,1.454062478
Mexico,MEX,Americas,Central America,GDP per capita (constant 2015 US$),NY.GDP.PCAP.KD,9491.517303,9813.828042,9877.695327,9826.342185,9074.118815,9389.06722,9575.934378,9782.517763,9738.710597,9862.481253,10021.23861,10100.50212,10193.77272,10296.86909,10159.44484,9234.643624,9728.056801,10013.36686,10253.52626,10313.48685
Mexico,MEX,Americas,Central America,GDP (constant 2015 US$),NY.GDP.MKTP.KD,1.00431E+12,1.05257E+12,1.07444E+12,1.08458E+12,1.0163E+12,1.06682E+12,1.10356E+12,1.14278E+12,1.15251E+12,1.18137E+12,1.21329E+12,1.2348E+12,1.25791E+12,1.28272E+12,1.27768E+12,1.17094E+12,1.24177E+12,1.28785E+12,1.33029E+12,1.34963E+12
Mexico,MEX,Americas,Central America,Current account balance (% of GDP),BN.CAB.XOKA.GD.ZS,-0.623534402,-0.316555541,-0.844640815,-1.406808609,-0.750928571,-0.339592499,-0.857892612,-1.409848648,-2.393969602,-1.821319276,-2.599176282,-2.273111983,-1.797462908,-2.064140745,-0.296844402,2.396907678,-0.346548814,-1.290194161,-0.702155201,-0.903545778
Mexico,MEX,Americas,Central America,Access to electricity (% of population),EG.ELC.ACCS.ZS,98.9,99.1,97.9,98.9,98.3,99.2,99,99.1,99.1,99.2,99,99.5,100,99.5,99.6,99.4,100,100,99.7,..
Mexico,MEX,Americas,Central America,External balance on goods and services (% of GDP),NE.RSB.GNFS.ZS,-1.588496995,-1.372619747,-1.696401739,-2.325159417,-1.565202685,-1.238464299,-1.276454821,-1.179031107,-1.180073605,-1.172424635,-2.087429302,-2.058948906,-1.923948801,-2.124800773,-0.402670673,1.616188475,-1.930911234,-2.934845122,-1.436192434,-1.140107465
Mexico,MEX,Americas,Central America,GDP per capita (current US$),NY.GDP.PCAP.CD,8671.758919,9512.635753,10134.33271,10523.76854,8423.569332,9728.800782,10664.4944,10744.13352,11216.80085,11391.37735,10021.23861,9097.923977,9649.278168,10084.79376,10369.55536,8841.270751,10314.05067,11402.14104,13826.13066,14157.94458
Mexico,MEX,Americas,Central America,GDP per capita growth (annual %),NY.GDP.PCAP.KD.ZG,0.745413241,3.395776765,0.650788706,-0.519889915,-7.65517174,3.470842869,1.990263283,2.1573183,-0.447810747,1.270914201,1.609710129,0.790955212,0.923425367,1.0113662,-1.334621769,-9.10287153,5.343066791,2.932857652,2.398388167,0.584780121
Mexico,MEX,Americas,Central America,GDP (current US$),NY.GDP.MKTP.CD,9.17572E+11,1.02027E+12,1.10236E+12,1.16155E+12,9.43437E+11,1.10542E+12,1.22901E+12,1.25511E+12,1.32744E+12,1.36451E+12,1.21329E+12,1.11223E+12,1.19072E+12,1.2563E+12,1.30411E+12,1.12106E+12,1.31657E+12,1.46646E+12,1.7938E+12,1.85272E+12
"Micronesia, Fed. Sts.",FSM,Oceania,Micronesia,"Total reserves (includes gold, current US$)",FI.RES.TOTL.CD,49953309.04,46622757.94,48479465.98,39986224.52,55718614.22,55763850.9,75062413.21,76796329.99,84343095.8,114124949.5,135114898.3,156984836.4,203718873.5,203528219.2,397158244.6,451912609,497434120.4,..,..,..
"Micronesia, Fed. Sts.",FSM,Oceania,Micronesia,Total reserves minus gold (current US$),FI.RES.XGLD.CD,49953309.04,46622757.94,48479465.98,39986224.52,55718614.22,55763850.9,75062413.21,76796329.99,84343095.8,114124949.5,135114898.3,156984836.4,203718873.5,203528219.2,397158244.6,451912609,497434120.4,..,..,..
"Micronesia, Fed. Sts.",FSM,Oceania,Micronesia,GDP growth (annual %),NY.GDP.MKTP.KD.ZG,2.041867164,-0.081055293,-1.836185294,-2.408492587,1.093099241,2.259389956,3.188574755,-1.866819755,-3.679767791,-2.305775745,4.621884004,0.484101802,0.823045267,0,4.081632653,-1.672954171,3.099704573,-2.905865806,0.482147762,0.719083512
"Micronesia, Fed. Sts.",FSM,Oceania,Micronesia,GDP per capita (constant 2015 US$),NY.GDP.PCAP.KD,2879.621787,2895.035423,2863.835288,2819.079274,2875.738664,2952.115802,3041.777179,2979.680618,2863.903474,2790.770107,2911.16211,2915.627168,2928.722779,2917.31795,3026.122351,2958.48866,3030.846542,2929.912663,2930.55143,2937.800214
"Micronesia, Fed. Sts.",FSM,Oceania,Micronesia,GDP (constant 2015 US$),NY.GDP.MKTP.KD,320824422.5,320564377.4,314678221.4,307099219.8,310456119,317470533.4,327593318.7,321477741.9,309648107.5,302508316.5,316489900,318022033.3,320639498.6,320639498.6,333726825.1,328143728.2,338315214.4,328484228.3,330068007.6,332441472.2
"Micronesia, Fed. Sts.",FSM,Oceania,Micronesia,Current account balance (% of GDP),BN.CAB.XOKA.GD.ZS,..,..,..,..,-13.64830604,-8.275193883,-14.20532371,-7.282565217,-0.685151746,7.018359313,..,..,..,..,..,..,..,..,..,..
"Micronesia, Fed. Sts.",FSM,Oceania,Micronesia,Access to electricity (% of population),EG.ELC.ACCS.ZS,55.2,57,58.7,60.5,62.2,64.5,66.3,67.8,69.4,71.2,73,74.8,76.5,78.3,80.1,81.9,83.6,85.3,86.9,..
"Micronesia, Fed. Sts.",FSM,Oceania,Micronesia,External balance on goods and services (% of GDP),NE.RSB.GNFS.ZS,-59.08757285,-59.1594131,-53.7105432,-62.64813595,-65.04370914,-58.43295085,-57.47609392,-51.58333708,-52.46650215,-42.2031176,-51.16646692,-46.33987692,-41.98011142,-30.65964286,-42.26111675,-50.81089653,-47.21153749,-44.20359455,-41.64760319,-41.66091288
"Micronesia, Fed. Sts.",FSM,Oceania,Micronesia,GDP per capita (current US$),NY.GDP.PCAP.CD,2246.453703,2289.751556,2336.978522,2415.59356,2596.261474,2761.243258,2890.50493,3033.169895,2933.883334,2945.41496,2911.16211,2979.601192,3279.10779,3566.586904,3572.659183,3362.027931,3508.223563,3710.124485,3941.372479,4166.004767
"Micronesia, Fed. Sts.",FSM,Oceania,Micronesia,GDP per capita growth (annual %),NY.GDP.PCAP.KD.ZG,2.511722097,0.535265989,-1.077711698,-1.562799859,2.009854469,2.65591372,3.037190376,-2.041456613,-3.885555507,-2.553625405,4.313934826,0.15337714,0.449152479,-0.38941306,3.729603773,-2.234995239,2.445771809,-3.33022071,0.0218016,0.247352209
"Micronesia, Fed. Sts.",FSM,Oceania,Micronesia,GDP (current US$),NY.GDP.MKTP.CD,250281900,253541900,256787200,263145100,280284600,296944100,311301600,327248700,317214400,319271200,316489900,325000000,359000000,392000000,394000000,372902690,391601947,415956896.5,443916782.3,471425099.5
Moldova,MDA,Europe,Eastern Europe,"Total reserves (includes gold, current US$)",FI.RES.TOTL.CD,597448067.5,775478572,1333684647,1672406461,1480265227,1717685353,1965325535,2515016645,2820638986,2156677861,1756772270,2205927463,2803268842,2995238116,3059660617,3783579238,3901933745,4474190590,5453111014,5483515867
Moldova,MDA,Europe,Eastern Europe,Total reserves minus gold (current US$),FI.RES.XGLD.CD,597448067.5,775478572,1333684647,1672406461,1480265227,1717685353,1964977529,2511050590,2817768125,2153803425,1754245817,2203196271,2800178703,2992183372,3056030628,3779071902,3897595634,4469870951,5448195394,5477297217
Moldova,MDA,Europe,Eastern Europe,GDP growth (annual %),NY.GDP.MKTP.KD.ZG,7.500000149,4.799999837,3.000000226,7.800000145,-6.000000264,7.100000107,5.818166147,-0.589733955,9.043865607,4.999625854,-0.338235622,4.646014363,4.175612051,4.075595466,3.552314085,-8.27597832,13.92999979,-4.6,1.2,0.103059412
Moldova,MDA,Europe,Eastern Europe,GDP per capita (constant 2015 US$),NY.GDP.PCAP.KD,1919.445508,2017.177301,2082.512601,2249.225897,2116.943575,2269.511161,2402.944463,2389.086661,2605.8503,2737.801851,2749.551371,2910.954869,3085.333058,3267.996104,3438.677327,3188.916916,3688.167294,3611.954848,3760.700063,3872.518002
Moldova,MDA,Europe,Eastern Europe,GDP (constant 2015 US$),NY.GDP.MKTP.KD,5545249280,5811421236,5985763886,6452653478,6065494253,6496144351,6874100823,6833561916,7451580072,7824131196,7797667197,8159947935,8500675704,8847128858,9161406662,8403210633,9573777856,9133384075,9242984684,9252510450
Moldova,MDA,Europe,Eastern Europe,Current account balance (% of GDP),BN.CAB.XOKA.GD.ZS,-7.556361737,-11.33776519,-15.24820717,-16.1122761,-8.919861437,-6.902795231,-10.12500946,-7.39016827,-5.162941623,-6.044400678,-5.935621364,-3.613870402,-5.83735985,-10.76992479,-9.421480109,-7.690048692,-12.40955466,-17.08944798,-11.32862951,-16.02717237
Moldova,MDA,Europe,Eastern Europe,Access to electricity (% of population),EG.ELC.ACCS.ZS,98.6,98.9,99,99.1,99.2,99.3,99.4,99.5,99.6,99.8,99.9,99.9,100,100,100,100,100,100,100,..
Moldova,MDA,Europe,Eastern Europe,External balance on goods and services (% of GDP),NE.RSB.GNFS.ZS,-40.6963986,-46.64209009,-51.55959199,-52.78410413,-36.61908181,-32.27862577,-33.53668139,-34.04070876,-31.5020705,-31.17236485,-25.35257188,-23.27168585,-23.55769708,-26.05404754,-25.2500672,-23.43704959,-27.17331111,-29.66475267,-23.76944958,-25.8390212
Moldova,MDA,Europe,Eastern Europe,GDP per capita (current US$),NY.GDP.PCAP.CD,1034.391977,1183.024814,1531.216186,2110.553054,1898.439757,2436.799351,2941.362241,3044.808432,3321.043978,3289.957586,2749.551371,2847.087948,3453.267277,4156.44982,4405.334182,4375.778893,5274.605822,5744.296184,6799.585946,7617.516131
Moldova,MDA,Europe,Eastern Europe,GDP per capita growth (annual %),NY.GDP.PCAP.KD.ZG,7.761886245,5.091668016,3.238946836,8.005391955,-5.881237715,7.206974611,5.879385123,-0.576700868,9.073075577,5.06366581,0.429158888,5.870175764,5.990411998,5.920367182,5.22280985,-7.263269768,15.65579761,-2.066404261,4.11813606,2.973327755
Moldova,MDA,Europe,Eastern Europe,GDP (current US$),NY.GDP.MKTP.CD,2988342907,3408255451,4401173152,6054824248,5439434272,6974982370,8414352020,8709138635,9496717876,9402090138,7797667197,7980917076,9514404016,11252353421,11736797055,11530746234,13691869264,14525337524,16711906746,18200340854
Monaco,MCO,Europe,Western Europe,"Total reserves (includes gold, current US$)",FI.RES.TOTL.CD,..,..,..,..,..,..,..,..,..,..,..,..,..,..,..,..,..,..,..,..
Monaco,MCO,Europe,Western Europe,Total reserves minus gold (current US$),FI.RES.XGLD.CD,..,..,..,..,..,..,..,..,..,..,..,..,..,..,..,..,..,..,..,..
Monaco,MCO,Europe,Western Europe,GDP growth (annual %),NY.GDP.MKTP.KD.ZG,1.895414109,5.817648497,14.43751444,0.746871215,-11.33698658,2.065219627,7.022356946,1.012218412,9.577098324,7.187027775,4.910371765,3.008443588,-3.206183238,5.697901212,7.12088952,-13.23910483,22.23221559,11.04693943,5.043382592,..
Monaco,MCO,Europe,Western Europe,GDP per capita (constant 2015 US$),NY.GDP.PCAP.KD,132253.2184,140615.1788,162028.4806,163243.7522,142375.532,141814.7866,148272.712,146472.6779,157167.975,165288.2003,170437.1012,173120.1898,165781.7791,173041.7611,185582.7557,161262.9259,194674.7776,213937.0063,224582.4498,..
Monaco,MCO,Europe,Western Europe,GDP (constant 2015 US$),NY.GDP.MKTP.KD,4259876165,4507700786,5158500738,5197028095,4607841718,4703003769,5033265481,5084213121,5571133211,5971532102,6264756528,6453228194,6246325874,6602235351,7072373237,6136054330,7500235157,8328781592,8748833913,..
Monaco,MCO,Europe,Western Europe,Current account balance (% of GDP),BN.CAB.XOKA.GD.ZS,..,..,..,..,..,..,..,..,..,..,..,..,..,..,..,..,..,..,..,..
Monaco,MCO,Europe,Western Europe,Access to electricity (% of population),EG.ELC.ACCS.ZS,100,100,100,100,100,100,100,100,100,100,100,100,100,100,100,100,100,100,100,..
Monaco,MCO,Europe,Western Europe,External balance on goods and services (% of GDP),NE.RSB.GNFS.ZS,..,..,..,..,..,..,..,..,..,..,..,..,..,..,..,..,..,..,..,..
Monaco,MCO,Europe,Western Europe,GDP per capita (current US$),NY.GDP.PCAP.CD,130538.7426,143083.4611,184558.5566,204263.7971,169150.2673,161853.9206,179363.9842,165444.6514,184940.6638,195693.5707,170437.1012,173604.7536,170663.3752,188298.3157,193746.7856,176891.8865,223823.364,226052.0019,256580.5151,..
Monaco,MCO,Europe,Western Europe,GDP per capita growth (annual %),NY.GDP.PCAP.KD.ZG,2.202270835,6.322689524,15.22830042,0.750035773,-12.78347252,-0.393849531,4.55377433,-1.214002298,7.301905942,5.166590278,3.115104909,1.574239751,-4.23891094,4.379239971,7.247380376,-13.10457414,20.71886737,9.894568218,4.975971036,..
Monaco,MCO,Europe,Western Europe,GDP (current US$),NY.GDP.MKTP.CD,4204652899,4586826513,5875790766,6502942245,5474379252,5367561570,6088689808,5742749294,6555591710,7070017324,6264756528,6471290794,6430254653,7184333936,7383496254,6730736283,8623242743,8800430486,9995350547,..
Mongolia,MNG,Asia,Eastern Asia,"Total reserves (includes gold, current US$)",FI.RES.TOTL.CD,333150649.7,719617928.6,1001846766,656677378.5,1327038037,2287769452,2447811909,4125992251,2247857984,1651791011,1322495173,1304052963,3016698322,3549666962,4363699116,4545276809,4380126029,3398458522,4915514836,5507944031
Mongolia,MNG,Asia,Eastern Asia,Total reserves minus gold (current US$),FI.RES.XGLD.CD,333150649.7,583395917.9,801746766.1,561481849.4,1294473002,2196704535,2275162784,3930109865,2095810239,1540359614,1246502183,1239996362,2839235473,2779931759,3239308411,4049334798,3814096564,3018528968,4385614039,4891417145
Mongolia,MNG,Asia,Eastern Asia,GDP growth (annual %),NY.GDP.MKTP.KD.ZG,7.253665438,8.556234817,10.24801636,8.900367941,-1.268598936,6.365161679,17.29077759,12.31981985,11.64891619,7.885225482,2.379835807,1.489784487,5.636876387,7.74488062,5.602244221,-4.557751976,1.636769577,5.032709637,7.422112762,4.864001434
Mongolia,MNG,Asia,Eastern Asia,GDP per capita (constant 2015 US$),NY.GDP.PCAP.KD,2060.261682,2209.743218,2403.724163,2576.712958,2498.729675,2611.673266,3010.816427,3318.164966,3628.907081,3830.35892,3838.92127,3817.919627,3956.204944,4183.855664,4337.816709,4066.034109,4063.536698,4205.885545,4456.536276,4615.438662
Mongolia,MNG,Asia,Eastern Asia,GDP (constant 2015 US$),NY.GDP.MKTP.KD,5225662153,5672782077,6254129712,6810770268,6724368909,7152385862,8389088994,9422609645,10520241545,11349786312,11619892591,11793003948,12457761003,13422599720,14174566537,13528524951,13749955732,14441951079,15513848973,16268442809
Mongolia,MNG,Asia,Eastern Asia,Current account balance (% of GDP),BN.CAB.XOKA.GD.ZS,3.46785355,10.90068919,4.056371844,-12.28375678,-7.456247408,-12.31621606,-43.34551933,-43.77123468,-37.60766563,-15.82087817,-8.162342255,-6.257482062,-10.06409768,-14.43689359,-15.21633244,-5.067324299,-13.79287509,-13.43424481,0.596631968,-10.53772849
Mongolia,MNG,Asia,Eastern Asia,Access to electricity (% of population),EG.ELC.ACCS.ZS,86.2,77,78.1,79.2,80.3,78.5,72.1,83.7,81.2,86,88,90.8,93.6,98.1,98.9,99.5,100,100,100,..
Mongolia,MNG,Asia,Eastern Asia,External balance on goods and services (% of GDP),NE.RSB.GNFS.ZS,-4.842692303,5.956547058,1.348470439,-13.16394157,-7.25775851,-9.992066489,-21.89211854,-22.44426195,-22.5315147,-4.824314489,-1.285563008,0.689150887,2.400456666,-10.02630869,-5.96204826,2.482051839,-2.00035053,-6.205227633,9.649987655,-0.614932208
Mongolia,MNG,Asia,Eastern Asia,GDP per capita (current US$),NY.GDP.PCAP.CD,994.9001091,1329.891796,1627.687877,2127.426786,1703.327568,2625.218814,3736.042015,4328.890019,4340.143105,4126.239758,3838.92127,3619.900264,3645.967087,4107.642885,4347.546103,4001.251931,4517.61578,4993.514875,5838.631081,6691.482098
Mongolia,MNG,Asia,Eastern Asia,GDP per capita growth (annual %),NY.GDP.PCAP.KD.ZG,6.06987815,7.255463562,8.778438288,7.196699126,-3.026463743,4.520040397,15.28304349,10.20814609,9.364878417,5.551308846,0.223539088,-0.547071462,3.62200701,5.754270166,3.679884212,-6.265423783,-0.061421283,3.503077669,5.959523332,3.565602887
Mongolia,MNG,Asia,Eastern Asia,GDP (current US$),NY.GDP.MKTP.CD,2523471601,3414055662,4234999704,5623216608,4583850368,7189481999,10409797378,12292770632,12582122604,12226514668,11619892591,11181350649,11480847741,13178094720,14206359018,13312981429,15286441738,17146471714,20325121394,23586055802
Montenegro,MNE,Europe,Southern Europe,"Total reserves (includes gold, current US$)",FI.RES.TOTL.CD,..,..,688838319.2,435670237.2,572613016.6,556155216.9,392694640.3,458665566.4,584205748.3,662568377.7,681847411.6,793654022,1015962460,1202486372,1529177036,2134820420,1981678245,2040827974,1573580964,1741494537
Montenegro,MNE,Europe,Southern Europe,Total reserves minus gold (current US$),FI.RES.XGLD.CD,..,..,688838319.2,435670237.2,572613016.6,556155216.9,392694640.3,458665566.4,584205748.3,662568377.7,681847411.6,793654022,1015962460,1202486372,1529177036,2134820420,1981678245,2040827974,1573580964,1741494537
Montenegro,MNE,Europe,Southern Europe,GDP growth (annual %),NY.GDP.MKTP.KD.ZG,4.180604509,8.56641803,6.810150125,7.222752592,-5.795096995,2.734331082,3.228451021,-2.723790771,3.548979912,1.783698581,3.390381397,2.949280321,4.716465276,5.077888811,4.062944992,-15.30689376,13.04346425,6.406680329,6.337697542,3.040315798
Montenegro,MNE,Europe,Southern Europe,GDP per capita (constant 2015 US$),NY.GDP.PCAP.KD,5013.195901,5435.886221,5798.064973,6205.821247,5833.659544,5982.199285,6166.203223,5987.891597,6188.758489,6287.462824,6491.192806,6675.134578,6982.941317,7332.186142,7626.254023,6460.591632,7321.235287,7808.547633,8304.255408,8552.588637
Montenegro,MNE,Europe,Southern Europe,GDP (constant 2015 US$),NY.GDP.MKTP.KD,3079410727,3343205923,3570883265,3828799329,3606916694,3705541738,3825173339,3720983620,3853040581,3921767212,4054730078,4174315434,4371195572,4593160023,4779777588,4048142111,4576160080,4869340027,5177944070,5335369922
Montenegro,MNE,Europe,Southern Europe,Current account balance (% of GDP),BN.CAB.XOKA.GD.ZS,..,..,-39.77680234,-49.64723511,-27.68574976,-20.56628454,-14.62741281,-15.62466737,-11.45229271,-12.41743023,-10.92892427,-16.16400574,-15.67785567,-17.12441492,-14.35666936,-25.93350271,-9.233269143,-13.1281582,-11.30754248,-17.40362465
Montenegro,MNE,Europe,Southern Europe,Access to electricity (% of population),EG.ELC.ACCS.ZS,99.8,99,99,99,99.1,99.2,99,99.3,99.7,97.7,99.5,99.6,100,100,100,99.9,99.8,100,100,..
Montenegro,MNE,Europe,Southern Europe,External balance on goods and services (% of GDP),NE.RSB.GNFS.ZS,-17.5268899,-36.87164948,-42.74013732,-53.30077478,-30.7632956,-25.69151608,-21.96116677,-24.42107864,-20.08621015,-19.84021039,-18.4528331,-22.47161317,-23.44458398,-23.85929622,-21.1512999,-35.01264946,-19.36128236,-22.83288133,-18.63961463,-22.67630409
Montenegro,MNE,Europe,Southern Europe,GDP per capita (current US$),NY.GDP.PCAP.CD,3674.617924,4425.678873,5976.394145,7367.751909,6727.107767,6688.402596,7325.646892,6577.740332,7172.929085,7364.965901,6491.192806,6999.135813,7758.36922,8790.881521,8842.485287,7612.628459,9377.488797,9990.204446,12077.37471,12935.45227
Montenegro,MNE,Europe,Southern Europe,GDP per capita growth (annual %),NY.GDP.PCAP.KD.ZG,4.026604843,8.43155401,6.662736076,7.032626846,-5.996977486,2.54625316,3.075857722,-2.891757217,3.35455125,1.594897183,3.240257446,2.833712962,4.611243949,5.001399969,4.010643961,-15.28486184,13.32143717,6.656149238,6.348271128,2.990433417
Montenegro,MNE,Europe,Southern Europe,GDP (current US$),NY.GDP.MKTP.CD,2257174481,2721903149,3680711744,4545674528,4159330370,4142983843,4544428421,4087526242,4465772400,4593853291,4054730078,4376930578,4856599481,5506942238,5542054181,4769996866,5861427505,6229801581,7530593375,8069536126
Morocco,MAR,Africa,Northern Africa,"Total reserves (includes gold, current US$)",FI.RES.TOTL.CD,16550639874,20790794061,24713570214,22719558204,23568387093,23709466594,20167412692,17138210439,18797794940,20272045639,22749566244,25096263444,26189585939,24461023093,26412762237,35997639773,35648269520,32314245660,36327701788,37133907723
Morocco,MAR,Africa,Northern Africa,Total reserves minus gold (current US$),FI.RES.XGLD.CD,16187424949,20340718461,24123275214,22103775204,22797349593,22713297148,19082292656,15958824586,17944085607,19416547581,21996701265,24282138816,25268147248,23549728687,25329860211,34653006799,34354119831,31025606471,34861268999,35278753636
Morocco,MAR,Africa,Northern Africa,GDP growth (annual %),NY.GDP.MKTP.KD.ZG,3.19224973,7.79082001,3.441067767,5.684539363,3.745769401,3.499557094,5.524645233,3.062343685,4.122212869,2.71924408,4.344582976,0.521185506,5.057898162,3.06564133,2.890974761,-7.178207442,8.154738898,1.52720358,3.403341301,3.236513735
Morocco,MAR,Africa,Northern Africa,GDP per capita (constant 2015 US$),NY.GDP.PCAP.KD,2342.154785,2489.99292,2540.615234,2648.585693,2710.666504,2767.042236,2879.539307,2927.450439,3008.185547,3051.458984,3146.247803,3124.425049,3242.644287,3304.711914,3364.739502,3090.894287,3309.130859,3325.560547,3403.319824,3478.994629
Morocco,MAR,Africa,Northern Africa,GDP (constant 2015 US$),NY.GDP.MKTP.KD,71896757929,77498104933,80164867241,84721870675,87895356583,90971304769,95997146622,98936909179,1.03015E+11,1.05817E+11,1.10414E+11,1.10989E+11,1.16603E+11,1.20178E+11,1.23652E+11,1.14776E+11,1.24136E+11,1.26031E+11,1.30321E+11,1.34539E+11
Morocco,MAR,Africa,Northern Africa,Current account balance (% of GDP),BN.CAB.XOKA.GD.ZS,1.511295725,1.859730362,-0.14035584,-4.447405123,-4.914569719,-3.891494872,-7.267035377,-8.950346969,-6.777318944,-5.537832879,-1.956907751,-3.746131745,-3.102106654,-4.872901634,-3.418205736,-1.12759932,-2.357867837,-3.665685483,-1.059422614,-1.210103109
Morocco,MAR,Africa,Northern Africa,Access to electricity (% of population),EG.ELC.ACCS.ZS,78.6,96.5,82.2,84.1,85.9,95.7,96.1,96.4,97.2,97.3,97.3,97.8,100,98.1,99.6,100,100,100,100,..
Morocco,MAR,Africa,Northern Africa,External balance on goods and services (% of GDP),NE.RSB.GNFS.ZS,-5.502028418,-5.414264185,-8.494099162,-12.89002483,-10.93660094,-9.96408225,-12.91690296,-14.02790961,-13.35122525,-11.62759348,-7.296968145,-9.653470097,-8.960435897,-9.598012779,-7.812000942,-7.255589482,-9.251247294,-11.50878053,-8.287240716,-9.185838627
Morocco,MAR,Africa,Northern Africa,GDP per capita (current US$),NY.GDP.PCAP.CD,2242.988281,2438.126465,2755.585938,3183.200439,3119.588623,3067.985352,3301.98877,3164.177246,3379.743164,3435.406982,3146.247803,3140.855469,3296.526611,3501.697998,3508.097656,3268.030273,3785.936279,3455.39624,3771.446289,3993.387451
Morocco,MAR,Africa,Northern Africa,GDP per capita growth (annual %),NY.GDP.PCAP.KD.ZG,1.78494972,6.31205425,2.033027044,4.249780335,2.343925498,2.079764887,4.065610206,1.663846384,2.757864878,1.438524953,3.106347192,-0.693616602,3.783712091,1.914106633,1.816420556,-8.138669504,7.060629957,0.496491364,2.338229245,2.223554117
Morocco,MAR,Africa,Northern Africa,GDP (current US$),NY.GDP.MKTP.CD,68852658069,75883823301,86947913287,1.01823E+11,1.01155E+11,1.00865E+11,1.10081E+11,1.06937E+11,1.15739E+11,1.19131E+11,1.10414E+11,1.11573E+11,1.18541E+11,1.27341E+11,1.2892E+11,1.21354E+11,1.42022E+11,1.30952E+11,1.44417E+11,1.54431E+11
Mozambique,MOZ,Africa,Eastern Africa,"Total reserves (includes gold, current US$)",FI.RES.TOTL.CD,1102663443,1216256986,1524073650,1660542080,2181058183,2265088388,2591541583,2961916696,3353349472,3221260727,2581229792,2046671564,3361224769,3105757332,3889883055,4075392951,3780829522,2938739968,3637000552,3842807101
Mozambique,MOZ,Africa,Eastern Africa,Total reserves minus gold (current US$),FI.RES.XGLD.CD,1053820109,1155731242,1444691333,1577732161,2099266030,2159394788,2468771604,2770241526,3142333833,3009982304,2411423723,1885918238,3179314610,2925704864,3697233290,3836111854,3550532063,2709341999,3375952537,3512560604
Mozambique,MOZ,Africa,Eastern Africa,GDP growth (annual %),NY.GDP.MKTP.KD.ZG,6.31202378,9.910677568,7.649353938,6.878029426,5.928971875,6.679729357,7.134058423,7.994503161,6.571413897,7.702568448,7.393093699,4.696990242,2.638207373,3.484932024,2.317813948,-1.2195225,2.377435728,4.364450744,5.436859123,1.851775025
Mozambique,MOZ,Africa,Eastern Africa,GDP per capita (constant 2015 US$),NY.GDP.PCAP.KD,391.6997582,420.5264628,442.0495741,460.9472949,475.7881781,494.1628591,514.8699572,540.2945178,559.3939537,585.2667161,610.5637747,620.779715,618.3976944,621.1537342,617.13932,591.80406,588.2158547,596.0588895,610.1749728,603.5897445
Mozambique,MOZ,Africa,Eastern Africa,GDP (constant 2015 US$),NY.GDP.MKTP.KD,7953294767,8741520167,9410189984,10057425621,10653727557,11365367724,12176179698,13149604768,14013719723,15093136077,16208985770,16970320250,17418032490,18025039082,18442825952,18217911540,18651030678,19465045725,20523332839,20903378791
Mozambique,MOZ,Africa,Eastern Africa,Current account balance (% of GDP),BN.CAB.XOKA.GD.ZS,-8.576333279,-7.943652953,-7.271884821,-8.87904478,-9.998353644,-14.71658263,-22.77035465,-40.68750617,-36.36131916,-32.24533336,-36.69477153,-33.69160627,-17.93875224,-29.46747964,-16.07644776,-24.99134813,-21.19279159,-33.71600918,-10.53355602,-11.12177824
Mozambique,MOZ,Africa,Eastern Africa,Access to electricity (% of population),EG.ELC.ACCS.ZS,11.8,13,12.4,13.6,15,18.9,20.2,21.2,22.4,24.8,24,26.2,24.3,31.1,29.7,30.6,31.5,33.2,36,..
Mozambique,MOZ,Africa,Eastern Africa,External balance on goods and services (% of GDP),NE.RSB.GNFS.ZS,-16.27373352,-11.27053399,-9.478702446,-10.28888538,-11.93172983,-15.10088779,-21.6484114,-45.89970976,-53.39776206,-50.77878065,-33.61661659,-39.63048341,-23.65871406,-33.54538584,-31.30705868,-34.32639911,-31.37796741,-35.62569281,-15.0692708,-10.20365085
Mozambique,MOZ,Africa,Eastern Africa,GDP per capita (current US$),NY.GDP.PCAP.CD,436.7738562,457.4876478,507.8749239,592.1591112,547.6971442,496.1858394,618.1764929,685.6857482,686.5056725,697.1426804,610.5637747,441.4897348,470.9385631,517.5072603,519.0925509,462.4338765,509.9078295,578.2516638,622.9856193,647.2857995
Mozambique,MOZ,Africa,Eastern Africa,GDP per capita growth (annual %),NY.GDP.PCAP.KD.ZG,3.881241087,7.359387898,5.118134814,4.275022963,3.219648615,3.861945687,4.19033882,4.938054791,3.535004572,4.625141598,4.322312866,1.673197899,-0.383714309,0.445674339,-0.646283516,-4.105273995,-0.606316437,1.333359974,2.368236363,-1.079236062
Mozambique,MOZ,Africa,Eastern Africa,GDP (current US$),NY.GDP.MKTP.CD,8868504900,9509835537,10811456006,12920340965,12263894790,11411894724,14619279989,16688114144,17198073057,17978246586,16208985770,12069051237,13264640646,15017358953,15512759047,14235420174,16168055475,18883528581,20954220984,22416650343
Myanmar,MMR,Asia,South-Eastern Asia,"Total reserves (includes gold, current US$)",FI.RES.TOTL.CD,889437362.7,1382707355,3283726257,3920716171,5505842339,6045321167,7361702603,7352900705,8835555373,4509489139,4598610942,4886384704,5213962531,5646407387,5824261144,7670070785,9103432839,8181951381,9337819633,..
Myanmar,MMR,Asia,South-Eastern Asia,Total reserves minus gold (current US$),FI.RES.XGLD.CD,770729162.7,1235606375,3088878882,3717455596,5251693589,5716855817,7003907903,6964023905,8554063723,4227646939,4350888942,4618587874,4910970481,5346885782,5468336044,7228120715,8678075469,7758405186,8855836753,..
Myanmar,MMR,Asia,South-Eastern Asia,GDP growth (annual %),NY.GDP.MKTP.KD.ZG,13.56895002,13.07610138,11.99143524,10.25530539,10.5500091,9.634439452,5.591482378,7.332670447,8.426001025,8.169907456,6.99284029,5.862472915,6.136108244,6.268862215,6.579110068,-9.04834718,-12.01637248,4.037493436,0.958446625,-0.972046414
Myanmar,MMR,Asia,South-Eastern Asia,GDP per capita (constant 2015 US$),NY.GDP.PCAP.KD,522.0995448,586.0855799,651.7297309,714.620419,785.6348532,854.932478,895.5125388,953.1230819,1024.690605,1099.243878,1166.733055,1225.37914,1290.56409,1361.568313,1440.989882,1301.313864,1136.995661,1174.766979,1177.766496,1158.479281
Myanmar,MMR,Asia,South-Eastern Asia,GDP (constant 2015 US$),NY.GDP.MKTP.KD,24767548772,28006178558,31364521323,34581048770,38229352561,41912536386,44256068473,47501220127,51503673421,55711475876,59607290408,63101751663,66973743449,71172235146,75854734834,68991135074,60700903303,63151698289,63756973610,63137226235
Myanmar,MMR,Asia,South-Eastern Asia,Current account balance (% of GDP),BN.CAB.XOKA.GD.ZS,4.853790339,5.474106878,6.841285596,3.913774605,2.671665306,3.177494758,-2.602854172,-2.10159002,-0.644739708,-3.786733352,-5.216017222,-3.031749586,-7.443699786,-3.774151333,0.090215658,..,..,..,..,..
Myanmar,MMR,Asia,South-Eastern Asia,Access to electricity (% of population),EG.ELC.ACCS.ZS,47.3,48.4,49.5,50.6,51.8,48.8,54.1,55.3,56.5,52,60.5,55.6,69.8,66.1,68.3,70.4,72.5,73.6,76.8,..
Myanmar,MMR,Asia,South-Eastern Asia,External balance on goods and services (% of GDP),NE.RSB.GNFS.ZS,..,..,..,..,..,..,..,..,..,..,..,..,..,..,..,..,..,..,..,..
Myanmar,MMR,Asia,South-Eastern Asia,GDP per capita (current US$),NY.GDP.PCAP.CD,252.6851931,303.4950871,419.3757807,658.4424872,758.4429358,1010.534173,1213.628987,1202.665896,1199.095616,1293.000423,1166.733055,1229.197135,1272.822418,1298.213103,1425.989542,1490.216835,1242.721344,1158.05005,1233.196662,1359.259614
Myanmar,MMR,Asia,South-Eastern Asia,GDP per capita growth (annual %),NY.GDP.PCAP.KD.ZG,12.68413266,12.25552402,11.20043782,9.649811133,9.937364264,8.820589435,4.746580786,6.433248076,7.508738815,7.275686185,6.139600078,5.026521189,5.319574035,5.501797464,5.833094747,-9.693060345,-12.62710001,3.322028415,0.255328678,-1.637609453
Myanmar,MMR,Asia,South-Eastern Asia,GDP (current US$),NY.GDP.MKTP.CD,11986972419,14502553710,20182477481,31862554102,36906181381,49540813342,59977326086,59937796648,60269732855,65531374200,59607290408,63298361996,66053040483,67860515990,75065106228,79006113643,66345291160,62253049892,66757619000,74079772652
Namibia,NAM,Africa,Southern Africa,"Total reserves (includes gold, current US$)",FI.RES.TOTL.CD,312104907.4,449578847.2,896022010.4,1292948220,2050927527,1695691125,1786689868,1745866242,1511161813,1177201630,1688180787,1833673822,2432221196,2149813974,2049134995,2171055563,2763919782,2803462865,2956284638,3355524015
Namibia,NAM,Africa,Southern Africa,Total reserves minus gold (current US$),FI.RES.XGLD.CD,312104907.4,449578847.2,896022010.4,1292948220,2050927527,1695691125,1786689868,1745866242,1511161813,1177201630,1688180787,1833673822,2432221196,2149813974,2049134995,2171055563,2763919782,2803462865,2956284638,3355524015
Namibia,NAM,Africa,Southern Africa,GDP growth (annual %),NY.GDP.MKTP.KD.ZG,2.529262658,7.073175318,5.374044152,2.649812038,0.295970914,6.03924948,5.091338139,5.06168207,5.614719623,6.09251916,4.264174538,0.03379445,-1.027248089,1.059939499,-0.839152163,-8.101402014,3.603829192,5.398724762,4.442806038,3.711544974
Namibia,NAM,Africa,Southern Africa,GDP per capita (constant 2015 US$),NY.GDP.PCAP.KD,3627.750598,3834.998947,3987.617961,4036.381875,3989.207114,4165.129902,4302.724514,4420.967414,4549.267591,4701.956942,4774.106509,4648.627135,4476.733244,4400.475377,4243.092745,3787.49944,3809.807534,3905.551352,3977.9778,4034.350533
Namibia,NAM,Africa,Southern Africa,GDP (constant 2015 US$),NY.GDP.MKTP.KD,7134269026,7638888382,8049405616,8262699735,8287154923,8787636884,9235045192,9702493818,10247261643,10871578022,11335161084,11338991739,11222512163,11341464002,11246291862,10335184546,10707646944,11285723331,11787126129,12224610616
Namibia,NAM,Africa,Southern Africa,Current account balance (% of GDP),BN.CAB.XOKA.GD.ZS,4.54506155,13.53275606,8.459988854,-0.107055209,-3.544875813,-3.922447107,-6.847797317,-8.58334513,-8.237647579,-9.428868778,-13.75789447,-16.49708813,-4.420590517,-3.551521464,-1.764973306,2.987245822,-11.24885903,-12.75172095,-15.27667579,-14.35800281
Namibia,NAM,Africa,Southern Africa,Access to electricity (% of population),EG.ELC.ACCS.ZS,39.6,40.5,43.7,42.4,44.1,44.4,42.3,46.4,47.4,48.4,51.6,49.7,52.5,52.3,53.3,52.3,55.2,56.2,56.7,..
Namibia,NAM,Africa,Southern Africa,External balance on goods and services (% of GDP),NE.RSB.GNFS.ZS,0.136772376,3.899697771,-5.268901706,-12.33762692,-20.63649467,-11.50856822,-11.10958391,-20.09673275,-22.7209344,-25.04596659,-26.49733497,-23.94725312,-13.97805795,-9.948736177,-10.09938702,-9.5695045,-19.63148133,-18.3456111,-23.51717603,-26.34077485
Namibia,NAM,Africa,Southern Africa,GDP per capita (current US$),NY.GDP.PCAP.CD,3685.773,4017.183472,4379.043137,4204.785554,4302.913741,5418.216334,5834.791768,5942.64681,5346.621311,5378.323262,4774.106509,4395.687762,5143.960723,5308.608134,4731.921032,3878.58983,4412.835569,4349.799085,4187.605004,4413.127442
Namibia,NAM,Africa,Southern Africa,GDP per capita growth (annual %),NY.GDP.PCAP.KD.ZG,1.251936345,5.712860996,3.97963641,1.222883292,-1.168738797,4.409968776,3.303489085,2.748093671,2.902083757,3.356350179,1.534458262,-2.628332104,-3.697734527,-1.703426646,-3.5764916,-10.73729311,0.588992664,2.513088065,1.854448738,1.417120367
Namibia,NAM,Africa,Southern Africa,GDP (current US$),NY.GDP.MKTP.CD,7248374838,8001779551,8839536476,8607431497,8938847189,11431412421,12523359441,13042053592,12043307277,12435430970,11335161084,10722018732,12895153371,13682019076,12541928303,10583748542,12402486184,12569449123,12408271448,13372354269
Nauru,NRU,Oceania,Micronesia,"Total reserves (includes gold, current US$)",FI.RES.TOTL.CD,..,..,..,..,..,..,..,..,..,..,..,..,..,..,..,..,..,..,..,..
Nauru,NRU,Oceania,Micronesia,Total reserves minus gold (current US$),FI.RES.XGLD.CD,..,..,..,..,..,..,..,..,..,..,..,..,..,..,..,..,..,..,..,..
Nauru,NRU,Oceania,Micronesia,GDP growth (annual %),NY.GDP.MKTP.KD.ZG,-0.355648874,8.328760806,-22.18530498,20.38090759,-5.6519328,-0.159976911,14.39463342,25.2793205,3.647740417,16.42333564,2.698017274,4.363240539,-6.011229987,-1.219122015,8.486736592,1.981819494,7.206594666,2.951518346,0.646410335,1.760251622
Nauru,NRU,Oceania,Micronesia,GDP per capita (constant 2015 US$),NY.GDP.PCAP.KD,4946.368309,5366.349768,4181.643169,5039.43231,4751.284074,4730.930011,5382.4533,6632.106077,6710.625312,7649.089713,7703.431499,7898.227701,7309.381386,7124.017604,7655.243403,7769.406946,8282.366839,8460.347739,8461.97418,8559.031459
Nauru,NRU,Oceania,Micronesia,GDP (constant 2015 US$),NY.GDP.MKTP.KD,49706055.13,53845953.57,41900064.55,50439677.99,47588861.29,47512730.1,54352013.42,68091833.09,70575646.41,82166521.7,84383388.64,88065238.87,82771434.82,81762350.04,88701305.32,90459205.08,96978233.32,99840563.67,100485943.4,102254748.8
Nauru,NRU,Oceania,Micronesia,Current account balance (% of GDP),BN.CAB.XOKA.GD.ZS,..,..,..,50.09765842,68.01797157,49.91137478,30.19390477,34.58697032,48.58299415,26.35837851,-19.79264871,2.137597327,12.96126332,7.329425522,4.476750329,2.595892651,3.75845295,1.948569513,1.269378998,..
Nauru,NRU,Oceania,Micronesia,Access to electricity (% of population),EG.ELC.ACCS.ZS,99,99,99.8,99.1,99.1,99.2,99,99.4,99.4,99.5,99,99.7,99.8,99.9,100,100,100,100,100,..
Nauru,NRU,Oceania,Micronesia,External balance on goods and services (% of GDP),NE.RSB.GNFS.ZS,..,..,..,16.85372248,21.74111619,3.713114383,-6.026128931,16.36877412,22.82608696,0.929648179,-57.18623378,-25.44249595,-22.16898136,-31.23070979,-35.19792637,-47.87264813,-49.1255957,-59.78948409,-57.0305685,-79.23907267
Nauru,NRU,Oceania,Micronesia,GDP per capita (current US$),NY.GDP.PCAP.CD,3013.517782,2908.47386,2302.25783,3715.148899,4395.464252,4723.917083,6480.904513,9817.368722,8974.518869,9193.097844,7703.431499,8724.307003,9613.412091,11408.69476,10776.82846,10695.69933,14989.66475,12896.4341,12754.18676,13421.83306
Nauru,NRU,Oceania,Micronesia,GDP per capita growth (annual %),NY.GDP.PCAP.KD.ZG,-0.246574552,8.490703342,-22.07658185,20.51320752,-5.717870946,-0.428390794,13.77156896,23.21715968,1.183926106,13.98475339,0.710434686,2.528693889,-7.45542338,-2.535970872,7.456828848,1.49131173,6.602304355,2.148913509,0.019224283,1.146981503
Nauru,NRU,Oceania,Micronesia,GDP (current US$),NY.GDP.MKTP.CD,30282840.19,29183626.71,23068623.46,37184925.33,44024969.95,47442299.26,65444173.78,100794924.7,94385014.94,98752257.05,84383388.64,97276023.08,108862278.5,130937589.8,124871111.4,124530027.3,175513984.5,152190818.9,151455967.7,160350639.5
Nepal,NPL,Asia,Southern Asia,"Total reserves (includes gold, current US$)",FI.RES.TOTL.CD,1565203520,1935487673,2014032856,2457914115,2819466154,3002724838,3702502162,4417738496,5434181403,6216255070,8145463908,8734510299,9435255967,8335473017,8713166195,11467799302,9638842484,9319150273,12456122669,..
Nepal,NPL,Asia,Southern Asia,Total reserves minus gold (current US$),FI.RES.XGLD.CD,1498984967,1935487673,2014032856,2457914115,2768556666,2936928714,3630830966,4306561132,5293479759,6027138206,7936841789,8497522915,9167122498,8070410726,8398189509,11076694632,9171416560,8853714653,11926470878,..
Nepal,NPL,Asia,Southern Asia,GDP growth (annual %),NY.GDP.MKTP.KD.ZG,3.479181048,3.364614781,3.41156028,6.104639144,4.533078725,4.816414647,3.421808701,4.670141924,3.525153171,6.011482843,3.976053272,0.433113719,8.977279356,7.622376104,6.657055431,-2.369620629,4.838149614,5.631314557,1.982548436,3.665374307
Nepal,NPL,Asia,Southern Asia,GDP per capita (constant 2015 US$),NY.GDP.PCAP.KD,603.1901086,617.4776386,633.2261291,666.8650954,692.4000008,721.2652214,742.6172527,775.3105785,801.0390608,846.6655418,875.5436355,875.1889437,951.8572986,1021.914922,1077.117965,1031.536188,1062.788843,1113.554623,1136.427693,1179.812728
Nepal,NPL,Asia,Southern Asia,GDP (constant 2015 US$),NY.GDP.MKTP.KD,15869604827,16403555897,16963173095,17998713599,18814609456,19720799062,20395607080,21348110877,22100664485,23429242138,24360801287,24466311259,26662720369,28695053195,30605298793,29880069319,31325711777,33089761145,33745781687,34982690898
Nepal,NPL,Asia,Southern Asia,Current account balance (% of GDP),BN.CAB.XOKA.GD.ZS,1.883023886,1.659501804,0.054810111,5.845485641,0.166582496,-0.797465993,1.337750797,2.660706881,5.231373727,2.182982417,10.04330839,-0.684346639,-3.56432924,-8.300805103,-5.12963069,-0.251653542,-14.52401635,-23.42236529,2.567481377,11.53028875
Nepal,NPL,Asia,Southern Asia,Access to electricity (% of population),EG.ELC.ACCS.ZS,46.1,51.2,52.6,56,59.3,68.6,67.3,75.2,77.4,84.9,82,90.7,86.6,93.9,89.9,89.9,89.9,91.3,94,..
Nepal,NPL,Asia,Southern Asia,External balance on goods and services (% of GDP),NE.RSB.GNFS.ZS,-14.89557389,-17.86880584,-18.86794527,-20.48456584,-22.24073939,-26.81983343,-20.68448753,-20.42132348,-23.27605838,-25.73455738,-26.2365532,-25.75633004,-29.01803331,-32.8161049,-33.68965364,-27.30827742,-32.81546182,-35.56861975,-27.55821573,-25.28602553
Nepal,NPL,Asia,Southern Asia,GDP per capita (current US$),NY.GDP.PCAP.CD,309.0241683,340.4317964,385.4497677,464.8173919,473.0787512,585.278492,785.5186562,788.2029371,803.2695954,821.4552249,875.5436355,877.2564547,1034.283749,1179.198432,1203.142947,1154.215176,1252.750767,1385.910663,1382.330558,1447.310045
Nepal,NPL,Asia,Southern Asia,GDP per capita growth (annual %),NY.GDP.PCAP.KD.ZG,2.327545345,2.368661192,2.550455201,5.312314943,3.829096106,4.168864892,2.960357808,4.402446307,3.31847431,5.695912117,3.410803,-0.04051103,8.760206054,7.360097315,5.401921603,-4.231827769,3.029719712,4.776657252,2.054059069,3.817667838
Nepal,NPL,Asia,Southern Asia,GDP (current US$),NY.GDP.MKTP.CD,8130258378,9043715356,10325618017,12545438605,12854985464,16002656434,21573872421,21703100877,22162204925,22731612922,24360801287,24524109484,28971588940,33111525237,34186180699,33433659301,36924841394,41182939601,41047772331,42914268287
Netherlands,NLD,Europe,Western Europe,"Total reserves (includes gold, current US$)",FI.RES.TOTL.CD,20447919847,23902294464,26928024023,28602644275,39284466011,46146883951,50411044069,54816126189,46309213046,43054391591,38213751383,35905772878,38421990800,38431677255,43320049623,53971404675,64469433091,63352655591,69829689143,79129152086
Netherlands,NLD,Europe,Western Europe,Total reserves minus gold (current US$),FI.RES.XGLD.CD,8985960847,10802424564,10269699023,11476397025,17870503511,18471183451,20264123069,22050302189,22591403546,19307045591,17341291383,13341855978,12892609300,13194707105,13330656623,16733754575,28629843991,27665671741,29218970743,27753363986
Netherlands,NLD,Europe,Western Europe,GDP growth (annual %),NY.GDP.MKTP.KD.ZG,2.033963362,3.537375097,3.885306448,2.116815936,-3.665290491,1.319320323,1.773345163,-0.977876878,-0.03023256,1.612610013,2.120605239,2.42428573,2.781546193,2.258740374,2.300091579,-3.867953338,6.276830671,5.007234552,0.074560835,0.979674922
Netherlands,NLD,Europe,Western Europe,GDP per capita (constant 2015 US$),NY.GDP.PCAP.KD,42411.34538,43841.12234,45445.52287,46227.21116,44304.41193,44659.27284,45239.73189,44631.87454,44487.03063,45042.06695,45793.81354,46655.03634,47670.10573,48463.02997,49254.01589,47086.58042,49780.84405,51777.54316,51305.62828,51471.04963
Netherlands,NLD,Europe,Western Europe,GDP (constant 2015 US$),NY.GDP.MKTP.KD,6.92148E+11,7.16631E+11,7.44475E+11,7.60234E+11,7.32369E+11,7.42031E+11,7.5519E+11,7.47805E+11,7.47579E+11,7.59635E+11,7.75744E+11,7.9455E+11,8.16651E+11,8.35097E+11,8.54305E+11,8.21261E+11,8.7281E+11,9.16513E+11,9.17197E+11,9.26182E+11
Netherlands,NLD,Europe,Western Europe,Current account balance (% of GDP),BN.CAB.XOKA.GD.ZS,6.041016366,7.754252327,5.864508211,4.067501948,3.345407394,6.406594757,7.015699737,7.501992252,7.901353388,8.546257578,4.848370595,7.145886693,8.049696319,8.837767609,6.796483998,5.722963665,10.27813708,6.821476795,9.260077237,9.036133881
Netherlands,NLD,Europe,Western Europe,Access to electricity (% of population),EG.ELC.ACCS.ZS,100,100,100,100,100,100,100,100,100,100,100,100,100,100,100,100,100,100,100,..
Netherlands,NLD,Europe,Western Europe,External balance on goods and services (% of GDP),NE.RSB.GNFS.ZS,8.915935363,9.095845732,7.6218538,9.059279993,8.093967847,8.493022012,8.593274828,9.757957681,10.09049427,11.04863202,7.657882504,10.85347311,10.71303477,10.55377233,9.9652071,10.24982149,9.745162919,8.77975891,11.1687066,12.0955106
Netherlands,NLD,Europe,Western Europe,GDP per capita (current US$),NY.GDP.PCAP.CD,42165.39617,45123.54324,52100.79963,58246.70269,53172.02616,51305.73385,54701.7728,50473.9442,52602.28605,53457.22349,45793.81354,46808.52915,49513.68173,53955.077,53554.90075,53467.92774,60141.98809,59123.31856,64572.00596,68218.7261
Netherlands,NLD,Europe,Western Europe,GDP per capita growth (annual %),NY.GDP.PCAP.KD.ZG,1.795825919,3.371213395,3.659579058,1.72005565,-4.159453223,0.800960653,1.299750338,-1.343636057,-0.324530183,1.247636248,1.66898777,1.880653145,2.175690915,1.663357437,1.632142918,-4.400525373,5.72193523,4.01097881,-0.911427721,0.322423407
Netherlands,NLD,Europe,Western Europe,GDP (current US$),NY.GDP.MKTP.CD,6.88134E+11,7.37594E+11,8.53499E+11,9.57902E+11,8.78954E+11,8.52465E+11,9.13141E+11,8.45689E+11,8.83952E+11,9.01557E+11,7.75744E+11,7.97164E+11,8.48234E+11,9.29734E+11,9.28903E+11,9.32561E+11,1.05447E+12,1.04654E+12,1.15436E+12,1.22754E+12
New Caledonia,NCL,Oceania,Melanesia,"Total reserves (includes gold, current US$)",FI.RES.TOTL.CD,..,..,..,..,..,..,..,..,..,..,..,..,..,..,..,..,..,..,..,..
New Caledonia,NCL,Oceania,Melanesia,Total reserves minus gold (current US$),FI.RES.XGLD.CD,..,..,..,..,..,..,..,..,..,..,..,..,..,..,..,..,..,..,..,..
New Caledonia,NCL,Oceania,Melanesia,GDP growth (annual %),NY.GDP.MKTP.KD.ZG,..,..,..,..,..,..,..,..,..,..,..,..,..,3.995707282,-1.400000002,-2.400000001,-2.099999998,3.499999996,..,..
New Caledonia,NCL,Oceania,Melanesia,GDP per capita (constant 2015 US$),NY.GDP.PCAP.KD,..,..,..,..,..,..,..,..,..,..,30858.72371,..,..,..,..,..,..,..,..,..
New Caledonia,NCL,Oceania,Melanesia,GDP (constant 2015 US$),NY.GDP.MKTP.KD,..,..,..,..,..,..,..,..,..,..,8738203074,..,..,..,..,..,..,..,..,..
New Caledonia,NCL,Oceania,Melanesia,Current account balance (% of GDP),BN.CAB.XOKA.GD.ZS,-1.802527445,-5.929060586,-3.333292001,-15.64590296,-9.462136298,-14.52185113,-13.44374472,-20.01999247,-17.76699524,-12.22818651,-12.81018521,-7.498789463,..,..,..,..,..,..,..,..
New Caledonia,NCL,Oceania,Melanesia,Access to electricity (% of population),EG.ELC.ACCS.ZS,100,100,100,100,100,100,100,100,100,100,100,100,100,100,100,100,100,100,100,..
New Caledonia,NCL,Oceania,Melanesia,External balance on goods and services (% of GDP),NE.RSB.GNFS.ZS,-18.97593529,-20.23425759,-17.40493914,-30.80901207,-25.27584378,-27.76953256,-26.66287292,-28.23631828,-27.42614877,-21.78543576,-23.90846352,-19.49864337,-16.91258643,..,..,..,..,..,..,..
New Caledonia,NCL,Oceania,Melanesia,GDP per capita (current US$),NY.GDP.PCAP.CD,25528.29184,28193.25376,35177.65353,35723.90332,33836.49408,35798.90848,38835.94019,35559.5672,36671.15668,37816.95586,30858.72371,30782.85444,32354.71028,34902.89688,33411.33588,33270.3306,35311.55436,33516.36309,..,..
New Caledonia,NCL,Oceania,Melanesia,GDP per capita growth (annual %),NY.GDP.PCAP.KD.ZG,..,..,..,..,..,..,..,..,..,..,..,..,..,3.997541156,-1.422598254,-2.595766005,-2.456294569,2.811857632,..,..
New Caledonia,NCL,Oceania,Melanesia,GDP (current US$),NY.GDP.MKTP.CD,6238629487,6979155388,8819917180,9067619760,8704438102,9364350077,10351448005,9659151917,10151382933,10635035595,8738203074,8724568955,9174048682,9896402284,9475655325,9454629468,10071349664,9623318718,..,..
New Zealand,NZL,Oceania,Australia and New Zealand,"Total reserves (includes gold, current US$)",FI.RES.TOTL.CD,8892727558,14068475834,17247175110,11052155510,15594002509,16722654736,17011945022,17582960688,16317764963,15861069905,14699798263,17808384490,20683740691,17656593020,17813501891,13733288689,16113750240,14399554617,15487380828,22065156554
New Zealand,NZL,Oceania,Australia and New Zealand,Total reserves minus gold (current US$),FI.RES.XGLD.CD,8892727558,14068475834,17247175110,11052155510,15594002509,16722654736,17011945022,17582960688,16317764963,15861069905,14699798263,17808384490,20683740691,17656593020,17813501891,13733288689,16113750240,14399554617,15487380828,22065156554
New Zealand,NZL,Oceania,Australia and New Zealand,GDP growth (annual %),NY.GDP.MKTP.KD.ZG,3.352927604,2.779780591,3.05641639,-1.017038469,-0.037466112,1.458636349,2.093496217,2.366306647,2.58954199,3.826384918,3.690369084,3.779110684,3.378732195,3.470582039,2.31747144,-0.307246896,4.535405657,3.496386865,1.394251816,-0.126462419
New Zealand,NZL,Oceania,Australia and New Zealand,GDP per capita (constant 2015 US$),NY.GDP.PCAP.KD,35126.33416,35665.35333,36414.3173,35739.35846,35370.58519,35489.76315,35957.52325,36607.14939,37267.6587,38056.26467,38665.3723,39235.36956,39722.60684,40371.54563,40655.08378,39646.34669,41273.38208,42668.04202,42207.96957,41416.28489
New Zealand,NZL,Oceania,Australia and New Zealand,GDP (constant 2015 US$),NY.GDP.MKTP.KD,1.45209E+11,1.49245E+11,1.53807E+11,1.52243E+11,1.52185E+11,1.54405E+11,1.57638E+11,1.61368E+11,1.65547E+11,1.71881E+11,1.78224E+11,1.84959E+11,1.91209E+11,1.97845E+11,2.0243E+11,2.01808E+11,2.10961E+11,2.18337E+11,2.21381E+11,2.21101E+11
New Zealand,NZL,Oceania,Australia and New Zealand,Current account balance (% of GDP),BN.CAB.XOKA.GD.ZS,-6.995367949,-7.065173414,-6.797017544,-7.691816109,-2.474199473,-2.334693306,-2.86247732,-3.900812946,-3.055770745,-3.088525106,-2.616213311,-2.123828299,-2.806634814,-4.045558068,-2.790974436,-1.126893033,-5.828848071,-8.667917125,-6.687097566,-6.085774988
New Zealand,NZL,Oceania,Australia and New Zealand,Access to electricity (% of population),EG.ELC.ACCS.ZS,100,100,100,100,100,100,100,100,100,100,100,100,100,100,100,100,100,100,100,..
New Zealand,NZL,Oceania,Australia and New Zealand,External balance on goods and services (% of GDP),NE.RSB.GNFS.ZS,-1.448412577,-0.386037534,0.121067321,-0.250736142,2.316566635,2.28985166,1.547803254,0.694272368,1.609122367,0.810153262,1.016163932,0.816500826,0.983586275,-0.035251033,0.205371199,-0.582945718,-3.921475796,-5.381388127,-2.976408193,..
New Zealand,NZL,Oceania,Australia and New Zealand,GDP per capita (current US$),NY.GDP.PCAP.CD,27751.06547,26654.5932,32479.98174,31324.7398,28276.72554,33761.90096,38431.77668,40053.69915,43000.46468,44618.26697,38665.3723,40113.71954,42950.38417,43257.07692,42779.22982,41850.92033,49689.49813,48760.03819,48654.90423,48747.01369
New Zealand,NZL,Oceania,Australia and New Zealand,GDP per capita growth (annual %),NY.GDP.PCAP.KD.ZG,2.192866683,1.53451584,2.099976331,-1.853553474,-1.031840781,0.336940896,1.31801414,1.806648746,1.804317788,2.116059879,1.600544966,1.47418018,1.241831776,1.633676224,0.702321767,-2.481207761,4.10387218,3.37907842,-1.078260064,-1.875675824
New Zealand,NZL,Oceania,Australia and New Zealand,GDP (current US$),NY.GDP.MKTP.CD,1.1472E+11,1.11539E+11,1.37189E+11,1.33437E+11,1.21663E+11,1.46888E+11,1.68485E+11,1.76561E+11,1.91012E+11,2.01518E+11,1.78224E+11,1.891E+11,2.06746E+11,2.11986E+11,2.13006E+11,2.1303E+11,2.53978E+11,2.4951E+11,2.55195E+11,2.60236E+11
Nicaragua,NIC,Americas,Central America,"Total reserves (includes gold, current US$)",FI.RES.TOTL.CD,727807750.9,921891810.9,1103322447,1140842520,1573082251,1798981293,1892248424,1887214938,1992960773,2276176781,2492262792,2447771382,2757785587,2261143360,2397444669,3211903362,4046556204,4404430742,5446998878,6104867094
Nicaragua,NIC,Americas,Central America,Total reserves minus gold (current US$),FI.RES.XGLD.CD,727807750.9,921891810.9,1103322447,1140842520,1573082251,1798981293,1892248424,1887214938,1992960773,2276176781,2492262792,2447771382,2757785587,2261143360,2397444669,3211903362,4046556204,4404430742,5446998878,6104867094
Nicaragua,NIC,Americas,Central America,GDP growth (annual %),NY.GDP.MKTP.KD.ZG,4.282398338,4.152945598,5.076352018,3.435716936,-3.292665159,4.410099117,6.316685535,6.496136471,4.927094134,4.785460136,4.792267683,4.563147395,4.631207576,-3.36335666,-2.896869867,-2.236541763,10.45438948,3.550299456,4.427743848,3.587830229
Nicaragua,NIC,Americas,Central America,GDP per capita (constant 2015 US$),NY.GDP.PCAP.KD,1601.487707,1644.371936,1703.207803,1736.657406,1655.72029,1704.37875,1786.628634,1876.175972,1941.456286,2006.648696,2074.456206,2140.144059,2209.632734,2107.339626,2019.915186,1950.191812,2128.308814,2175.738991,2241.122355,2290.471625
Nicaragua,NIC,Americas,Central America,GDP (constant 2015 US$),NY.GDP.MKTP.KD,8555315487,8910613085,9362947173,9684631534,9365749046,9778787862,10396483140,11071852873,11617373487,12173318264,12756696261,13338803114,13956550775,13487142195,13096437236,12803529948,14142060837,14644146346,15292551635,15841222425
Nicaragua,NIC,Americas,Central America,Current account balance (% of GDP),BN.CAB.XOKA.GD.ZS,-12.39566213,-13.08017228,-16.25945069,-17.06844216,-8.453128678,-8.874703741,-11.90772237,-11.72424971,-12.56852842,-8.028322978,-9.873245974,-8.483306319,-7.160218054,-1.79728223,5.938251813,3.773252087,-2.753031864,-2.939639059,8.229883072,4.151614691
Nicaragua,NIC,Americas,Central America,Access to electricity (% of population),EG.ELC.ACCS.ZS,73.8,76.3,76.9,77.5,77.9,80.1,81.2,81.3,81.9,81.9,83.2,83.9,84.6,85.2,85.7,86,86.3,86.5,88.3,..
Nicaragua,NIC,Americas,Central America,External balance on goods and services (% of GDP),NE.RSB.GNFS.ZS,-22.88146192,-24.7764131,-26.89858414,-27.85306073,-19.03062203,-19.42982811,-21.79349763,-20.23893736,-20.5556689,-16.68205569,-18.02660802,-16.04967503,-13.70264791,-9.430445618,-4.433356354,-5.145922041,-13.39890469,-15.66312924,-13.30435406,-17.59971273
Nicaragua,NIC,Americas,Central America,GDP per capita (current US$),NY.GDP.PCAP.CD,1183.30214,1248.173716,1350.381458,1523.684371,1467.082881,1526.56707,1679.711921,1784.69836,1835.439964,1958.370476,2074.456206,2131.687048,2182.61381,2035.165494,1958.620515,1938.447048,2138.385885,2322.89054,2609.444921,2847.539663
Nicaragua,NIC,Americas,Central America,GDP per capita growth (annual %),NY.GDP.PCAP.KD.ZG,2.931692579,2.677774446,3.578014564,1.963917911,-4.660511405,2.93880924,4.825798472,5.012084555,3.479434471,3.357912894,3.379142049,3.166509511,3.246915763,-4.629416757,-4.148569071,-3.45179711,9.133306819,2.22853832,3.005110612,2.201989114
Nicaragua,NIC,Americas,Central America,GDP (current US$),NY.GDP.MKTP.CD,6321324279,6763672381,7423375015,8496967597,8298702489,8758602233,9774329333,10532017232,10982988249,11880438824,12756696261,13286093388,13785893007,13025221974,12699023614,12726422432,14209020362,15634572502,17805842284,19693982968
Niger,NER,Africa,Western Africa,"Total reserves (includes gold, current US$)",FI.RES.TOTL.CD,..,..,..,..,..,..,..,..,..,..,..,..,..,..,..,..,..,..,..,..
Niger,NER,Africa,Western Africa,Total reserves minus gold (current US$),FI.RES.XGLD.CD,..,..,..,..,..,..,..,..,..,..,..,..,..,..,..,..,..,..,..,..
Niger,NER,Africa,Western Africa,GDP growth (annual %),NY.GDP.MKTP.KD.ZG,7.331868843,5.931049974,3.142724084,7.731414228,1.962600907,8.578166743,2.357756936,10.54894458,5.315130634,6.642136655,4.392648832,5.740893151,5.005360786,7.211418028,5.939852571,3.550641094,1.383596362,11.9,1.667634065,8.421597895
Niger,NER,Africa,Western Africa,GDP per capita (constant 2015 US$),NY.GDP.PCAP.KD,407.1909311,415.8520221,413.4191263,429.1955428,421.6509013,441.0791661,434.9862649,463.0662655,469.6902142,482.7452474,485.6625742,495.0174372,501.6153055,519.5469935,532.1860246,533.1943289,523.2631795,566.797963,557.5726527,585.0163476
Niger,NER,Africa,Western Africa,GDP (constant 2015 US$),NY.GDP.MKTP.KD,5601396628,5933618262,6120095512,6593265447,6722664934,7299346342,7471447187,8259606009,8698614859,9276388745,9683867926,10239808437,10752347793,11527744540,12212475571,12646096747,12821067681,14346774736,14586026438,15814402934
Niger,NER,Africa,Western Africa,Current account balance (% of GDP),BN.CAB.XOKA.GD.ZS,-7.109564981,-6.601820236,-6.136809844,-8.962924719,-18.02702347,-14.48290419,-16.33354225,-10.83737961,-11.25292645,-12.0310952,-15.34734305,-11.36335799,-11.39344611,-12.6586016,-12.19933645,-13.21047176,-14.07369649,-16.19873567,-13.96960418,..
Niger,NER,Africa,Western Africa,Access to electricity (% of population),EG.ELC.ACCS.ZS,7.1,9.3,11.2,11.8,12.3,13.6,14.3,14.4,15.2,15.7,16.6,17,17.6,17.6,18.5,18.7,18.6,19.5,20.1,..
Niger,NER,Africa,Western Africa,External balance on goods and services (% of GDP),NE.RSB.GNFS.ZS,-9.524909785,-8.790487938,-9.369725752,-13.35022486,-19.55655546,-19.57715711,-19.66728428,-12.88481033,-12.33708195,-13.84987498,-16.19069045,-12.12143144,-13.45802931,-14.94737409,-15.58381259,-16.03729944,-17.02845221,0,0.938036337,10.33956928
Niger,NER,Africa,Western Africa,GDP per capita (current US$),NY.GDP.PCAP.CD,318.6431219,333.3450784,387.1680659,475.0449554,461.131534,474.4256923,510.7595618,528.5101045,552.1033344,565.3098973,485.6625742,502.7064754,521.80413,578.5680357,561.6913043,579.5124958,608.7224396,609.7451477,638.3360807,722.7486503
Niger,NER,Africa,Western Africa,GDP per capita growth (annual %),NY.GDP.PCAP.KD.ZG,3.505895355,2.12703437,-0.585038842,3.816082889,-1.757856435,4.607665896,-1.381362283,6.455376385,1.430453738,2.779498662,0.60432014,1.926206288,1.332855724,3.574788852,2.43270219,0.189464641,-1.86257596,8.319863726,-1.627618809,4.921994414
Niger,NER,Africa,Western Africa,GDP (current US$),NY.GDP.MKTP.CD,4383315965,4756361252,5731485052,7297600226,7352131310,7851192502,8772950778,9426912648,10224897438,10862943544,9683867926,10398861982,11185104252,12837307497,12889555561,13744653103,14915002436,15433852714,16698786973,19537639288
Nigeria,NGA,Africa,Western Africa,"Total reserves (includes gold, current US$)",FI.RES.TOTL.CD,28632051717,42735039033,51906164586,53598093557,43129830238,33305051216,33691784436,44973806132,43675023638,35070259874,29011450144,28020197619,40499220796,42838869125,38335890479,36729565818,40476363167,35563949955,32034797237,38612493467
Nigeria,NGA,Africa,Western Africa,Total reserves minus gold (current US$),FI.RES.XGLD.CD,28279620717,42298313133,51333378336,53000575307,42382717738,32339472716,32639987436,43830638132,42847532138,34241737874,28283230144,27232964319,39608525296,42838869125,38335890479,36729565818,40476363167,35563949955,32034797237,38612493467
Nigeria,NGA,Africa,Western Africa,GDP growth (annual %),NY.GDP.MKTP.KD.ZG,6.438516525,6.059428032,6.591130361,6.764472778,8.036925101,8.005655916,5.307924203,4.230061175,6.671335393,6.309718655,2.652693295,-1.616868949,0.805886619,1.922757342,2.208429277,-1.794253083,3.647186541,3.251681408,2.860214991,3.426439471
Nigeria,NGA,Africa,Western Africa,GDP per capita (constant 2015 US$),NY.GDP.PCAP.KD,1889.251753,1949.158568,2020.833163,2098.283392,2204.607256,2315.466765,2370.976571,2403.653879,2495.341066,2583.61557,2585.733607,2481.814904,2441.712364,2431.778578,2431.535285,2337.575874,2372.573145,2398.986228,2416.361982,2447.638697
Nigeria,NGA,Africa,Western Africa,GDP (constant 2015 US$),NY.GDP.MKTP.KD,2.73974E+11,2.90575E+11,3.09728E+11,3.30679E+11,3.57255E+11,3.85856E+11,4.06337E+11,4.23525E+11,4.5178E+11,4.80286E+11,4.93027E+11,4.85055E+11,4.88964E+11,4.98366E+11,5.09372E+11,5.00232E+11,5.18477E+11,5.35336E+11,5.50648E+11,5.69515E+11
Nigeria,NGA,Africa,Western Africa,Current account balance (% of GDP),BN.CAB.XOKA.GD.ZS,20.79404484,15.31424259,9.936092804,8.585344933,4.70138235,3.572648291,2.574001234,3.744689645,3.662440304,0.157882534,-3.131401012,1.254720982,3.609825501,1.726933037,-2.884028359,-3.69874324,-0.738183955,0.213362294,1.765366898,9.168777449
Nigeria,NGA,Africa,Western Africa,Access to electricity (% of population),EG.ELC.ACCS.ZS,46.8,47.6,50.1,50.3,50,48,55.9,53,55.6,54.2,52.5,59.3,54.4,56.5,55.4,55.4,59.5,60.5,61.2,..
Nigeria,NGA,Africa,Western Africa,External balance on goods and services (% of GDP),NE.RSB.GNFS.ZS,..,..,..,..,..,..,..,..,..,..,..,..,..,..,..,..,..,..,..,..
Nigeria,NGA,Africa,Western Africa,GDP per capita (current US$),NY.GDP.PCAP.CD,1211.377035,1599.538916,1815.526975,2154.105435,1820.486339,2202.25673,2418.41317,2633.197347,2872.790834,3088.721313,2585.733607,2070.412734,1876.340271,2057.879446,2265.155209,2019.657063,2017.274865,2139.374785,1596.636961,806.9456951
Nigeria,NGA,Africa,Western Africa,GDP per capita growth (annual %),NY.GDP.PCAP.KD.ZG,3.531837107,3.170928103,3.677206982,3.832588985,5.067183214,5.028537793,2.397348416,1.378221466,3.814492077,3.537572681,0.081979578,-4.018925343,-1.615855373,-0.406836852,-0.010004759,-3.864201003,1.497160848,1.113267394,0.724295704,1.29437207
Nigeria,NGA,Africa,Western Africa,GDP (current US$),NY.GDP.MKTP.CD,1.75671E+11,2.38455E+11,2.78261E+11,3.39476E+11,2.95009E+11,3.6699E+11,4.14467E+11,4.63971E+11,5.20117E+11,5.74184E+11,4.93027E+11,4.04649E+11,3.75746E+11,4.21739E+11,4.74517E+11,4.32199E+11,4.40834E+11,4.77403E+11,3.63846E+11,1.8776E+11
North Macedonia,MKD,Europe,Southern Europe,"Total reserves (includes gold, current US$)",FI.RES.TOTL.CD,1340486932,1889352310,2264233636,2110178286,2288279743,2276767090,2667393349,2891478811,2747604655,2964236412,2470701360,2751929521,2801853318,3284003547,3650514750,4126254084,4129287737,4120124979,5014981540,5251936214
North Macedonia,MKD,Europe,Southern Europe,Total reserves minus gold (current US$),FI.RES.XGLD.CD,1228513778,1750597273,2082249976,1920336861,2050909752,1970032028,2331410161,2528174447,2484610921,2700537532,2238719704,2498498074,2514734182,3000056566,3312734009,3707335438,3726098880,3718640226,4557918557,4673715191
North Macedonia,MKD,Europe,Southern Europe,GDP growth (annual %),NY.GDP.MKTP.KD.ZG,4.724088642,5.137025162,6.473486858,5.47200139,-0.358614857,3.358750858,2.339886045,-0.456183224,2.925257665,3.629123513,3.85586514,2.848205194,1.081772738,2.88059671,3.910419538,-4.68845001,4.51067949,2.758884153,2.072542088,2.756249173
North Macedonia,MKD,Europe,Southern Europe,GDP per capita (constant 2015 US$),NY.GDP.PCAP.KD,3657.563077,3866.746506,4140.633548,4392.550716,4405.200458,4582.365175,4711.130279,4708.051685,4863.680887,5053.750012,5262.686719,5429.946784,5510.818629,5698.393345,5961.584754,5743.726494,6064.923151,6250.62721,6393.773466,6700.644522
North Macedonia,MKD,Europe,Southern Europe,GDP (constant 2015 US$),NY.GDP.MKTP.KD,7334620965,7711402290,8210598903,8659882990,8628827363,8918648176,9127334380,9085697011,9351477060,9690853712,10064519963,10351178143,10463154366,10764555646,11185494934,10661068595,11141955230,11449348867,11686641441,12008754399
North Macedonia,MKD,Europe,Southern Europe,Current account balance (% of GDP),BN.CAB.XOKA.GD.ZS,-2.54533491,-0.416080626,-7.266232405,-12.47075366,-6.483540768,-2.107912544,-2.493675519,-3.274784237,-1.637640339,-0.481713137,-1.712226945,-2.663899219,-0.586294696,0.143273399,-2.986489105,-2.915965377,-2.677442235,-6.23699171,0.358884759,-2.24381112
North Macedonia,MKD,Europe,Southern Europe,Access to electricity (% of population),EG.ELC.ACCS.ZS,99.1,99,99.1,99.2,99.2,99.5,99.7,99.6,99.7,99.8,99.9,100,100,99.8,100,100,100,100,100,..
North Macedonia,MKD,Europe,Southern Europe,External balance on goods and services (% of GDP),NE.RSB.GNFS.ZS,-16.22580216,-16.96870147,-17.85973842,-25.12111644,-21.56566704,-18.30156233,-18.94348386,-21.46632869,-18.06428089,-17.21221839,-16.22244407,-14.85772409,-13.84584521,-12.46493301,-13.76011826,-12.69827277,-15.83368177,-20.5765583,-13.03630528,-13.12270459
North Macedonia,MKD,Europe,Southern Europe,GDP per capita (current US$),NY.GDP.PCAP.CD,3120.984014,3440.441106,4204.113288,5026.420299,4799.787228,4833.365868,5416.866729,5049.826539,5626.261157,5925.385922,5262.686719,5598.486226,5955.297386,6713.989254,6718.858266,6659.596511,7620.80297,7606.237525,8624.284002,9310.0279
North Macedonia,MKD,Europe,Southern Europe,GDP per capita growth (annual %),NY.GDP.PCAP.KD.ZG,5.291020123,5.719202235,7.083139312,6.084024713,0.287981674,4.021717498,2.810014014,-0.065347234,3.305596704,3.907927558,4.134290505,3.178225747,1.489367186,3.403754111,4.618695011,-3.654368238,5.592130079,3.061935884,2.290110281,4.7995297
North Macedonia,MKD,Europe,Southern Europe,GDP (current US$),NY.GDP.MKTP.CD,6258602873,6861226972,8336474974,9909552435,9401736825,9407170321,10494626768,9745261301,10817702346,11362265253,10064519963,10672467073,11307067070,12683068114,12606338449,12361036914,14000283827,13932436550,15763604288,16685236492
Northern Mariana Islands,MNP,Oceania,Micronesia,"Total reserves (includes gold, current US$)",FI.RES.TOTL.CD,..,..,..,..,..,..,..,..,..,..,..,..,..,..,..,..,..,..,..,..
Northern Mariana Islands,MNP,Oceania,Micronesia,Total reserves minus gold (current US$),FI.RES.XGLD.CD,..,..,..,..,..,..,..,..,..,..,..,..,..,..,..,..,..,..,..,..
Northern Mariana Islands,MNP,Oceania,Micronesia,GDP growth (annual %),NY.GDP.MKTP.KD.ZG,-12.70289344,-6.871463217,-6.684027778,-11.06976744,-17.57322176,1.395939086,-7.384230288,0.810810811,2.680965147,4.177545692,3.383458647,29.21212121,23.17073171,-19.49733435,-11.4474929,-29.05982906,4.969879518,16.64275466,..,..
Northern Mariana Islands,MNP,Oceania,Micronesia,GDP per capita (constant 2015 US$),NY.GDP.PCAP.KD,21882.29279,20940.16198,20117.70373,18451.39055,15710.58073,16293.30595,15226.13088,15457.42582,16015.03492,16869.52704,17665.10075,23158.5745,28989.34702,23756.60758,21451.44016,15410.11869,16365.01674,19461.86111,..,..
Northern Mariana Islands,MNP,Oceania,Micronesia,GDP (constant 2015 US$),NY.GDP.MKTP.KD,1364448485,1270690909,1185757576,1054496970,869187878.8,881321212.1,816242424.2,822860606.1,844921212.1,880218181.8,910000000,1175830303,1448278788,1165903030,1032436364,732412121.2,768812121.2,896763636.4,..,..
Northern Mariana Islands,MNP,Oceania,Micronesia,Current account balance (% of GDP),BN.CAB.XOKA.GD.ZS,..,..,..,..,..,..,..,..,..,..,..,..,..,..,..,..,..,..,..,..
Northern Mariana Islands,MNP,Oceania,Micronesia,Access to electricity (% of population),EG.ELC.ACCS.ZS,99.8,99.7,100,100,100,100,100,100,100,100,100,100,100,100,100,100,100,100,100,..
Northern Mariana Islands,MNP,Oceania,Micronesia,External balance on goods and services (% of GDP),NE.RSB.GNFS.ZS,17.15362865,7.777777778,5.117270789,3.088391906,-6.037735849,-8.760951189,-18.10699588,-13.27077748,-15.93264249,-14.78365385,-16.81318681,-9.430894309,7.179487179,-7.302075327,-19.7625106,-49.42263279,-66.84901532,-48.63138686,..,..
Northern Mariana Islands,MNP,Oceania,Micronesia,GDP per capita (current US$),NY.GDP.PCAP.CD,17015.74879,16314.55786,15914.2193,16430.44619,14369.63398,14771.40375,13598.71661,14013.60033,14632.85189,15945.41761,17665.10075,24225.47417,31225.605,26509.36284,24496.66521,18220.83824,19455.50139,23785.75459,..,..
Northern Mariana Islands,MNP,Oceania,Micronesia,GDP per capita growth (annual %),NY.GDP.PCAP.KD.ZG,-10.48525517,-4.305448361,-3.927659416,-8.282819996,-14.85421823,3.709125916,-6.549776162,1.519065746,3.607386532,5.33556203,4.716040402,31.09789085,25.17759685,-18.05055987,-9.703268492,-28.162778,6.19656514,18.92356377,..,..
Northern Mariana Islands,MNP,Oceania,Micronesia,GDP (current US$),NY.GDP.MKTP.CD,1061000000,990000000,938000000,939000000,795000000,799000000,729000000,746000000,772000000,832000000,910000000,1230000000,1560000000,1301000000,1179000000,866000000,914000000,1096000000,..,..
Norway,NOR,Europe,Northern Europe,"Total reserves (includes gold, current US$)",FI.RES.TOTL.CD,46985905052,56841568846,60839629829,50949819415,48859300062,53215083706,49397087253,51856399588,58283142155,64800723857,57455936482,60445172370,65923863904,63145471060,66946037550,75258813465,84270941751,72077375479,80459096008,81241559662
Norway,NOR,Europe,Northern Europe,Total reserves minus gold (current US$),FI.RES.XGLD.CD,46985905052,56841568846,60839629829,50949819415,48859300062,53215083706,49397087253,51856399588,58283142155,64800723857,57455936482,60445172370,65923863904,63145471060,66946037550,75258813465,84270941751,72077375479,80459096008,81241559662
Norway,NOR,Europe,Northern Europe,GDP growth (annual %),NY.GDP.MKTP.KD.ZG,2.685122903,2.461473116,2.914040007,0.48191955,-1.940364726,0.787051861,1.105656034,2.717959249,1.01619084,2.048132004,1.857339716,1.164724239,2.463746266,0.828931501,1.12374695,-1.278171772,3.908686768,3.246228603,0.072120481,2.100453278
Norway,NOR,Europe,Northern Europe,GDP per capita (constant 2015 US$),NY.GDP.PCAP.KD,73524.25492,74729.7366,76115.70668,75535.2118,73141.30733,72804.39562,72660.67541,73661.67858,73515.91449,74180.32387,74809.9658,75017.49448,76247.41164,76373.64746,76712.28712,75287.20595,77812.71156,79620.16355,78775.84942,79670.142
Norway,NOR,Europe,Northern Europe,GDP (constant 2015 US$),NY.GDP.MKTP.KD,3.39924E+11,3.48291E+11,3.58441E+11,3.60168E+11,3.53179E+11,3.55959E+11,3.59895E+11,3.69677E+11,3.73433E+11,3.81082E+11,3.8816E+11,3.92681E+11,4.02355E+11,4.0569E+11,4.10249E+11,4.05006E+11,4.20836E+11,4.34497E+11,4.34811E+11,4.43944E+11
Norway,NOR,Europe,Northern Europe,Current account balance (% of GDP),BN.CAB.XOKA.GD.ZS,16.11965835,16.1172177,12.3514715,15.68343911,11.64220357,11.65940779,13.25464439,12.38376061,10.16127819,10.95488672,8.013607089,3.980495237,5.388965663,7.949594316,2.916008599,1.145572929,14.8001388,28.62900018,17.41460484,16.50293273
Norway,NOR,Europe,Northern Europe,Access to electricity (% of population),EG.ELC.ACCS.ZS,100,100,100,100,100,100,100,100,100,100,100,100,100,100,100,100,100,100,100,..
Norway,NOR,Europe,Northern Europe,External balance on goods and services (% of GDP),NE.RSB.GNFS.ZS,16.41466833,17.41471753,13.97307995,17.65092186,12.15598398,12.06113879,13.72379872,14.07557687,11.74982648,10.31796686,6.71852093,2.759500455,4.355748227,6.438858787,2.386030114,-0.933303482,14.84989007,28.39016171,15.46035241,13.89291069
Norway,NOR,Europe,Northern Europe,GDP per capita (current US$),NY.GDP.PCAP.CD,67047.17046,74434.49968,85502.26771,97503.54078,80347.57007,88163.20859,101221.8135,102175.9193,103553.8401,97666.69518,74809.9658,70867.361,76131.8384,82792.84271,76430.58895,68340.0181,93072.89251,109269.5206,87497.32893,86809.72469
Norway,NOR,Europe,Northern Europe,GDP per capita growth (annual %),NY.GDP.PCAP.KD.ZG,1.988138474,1.639570068,1.854643337,-0.76264795,-3.169256315,-0.46063124,-0.197405947,1.377640883,-0.197883206,0.903762656,0.848799114,0.277407789,1.639507126,0.165560789,0.443398563,-1.857696096,3.354495066,2.322823544,-1.06042752,1.135236994
Norway,NOR,Europe,Northern Europe,GDP (current US$),NY.GDP.MKTP.CD,3.09979E+11,3.46915E+11,4.02643E+11,4.64918E+11,3.87976E+11,4.31052E+11,5.01361E+11,5.12777E+11,5.26014E+11,5.01736E+11,3.8816E+11,3.70957E+11,4.01745E+11,4.39789E+11,4.08743E+11,3.67633E+11,5.03368E+11,5.96298E+11,4.8295E+11,4.83727E+11
Oman,OMN,Asia,Western Asia,"Total reserves (includes gold, current US$)",FI.RES.TOTL.CD,4358381770,5014439182,9523990110,11582398509,12203595446,13025235620,14366193706,14401122658,15951037291,16324457252,17543980313,20262241805,16088803823,17388370607,16661756725,15007356725,19730879938,17606348634,17454630669,18286526118
Oman,OMN,Asia,Western Asia,Total reserves minus gold (current US$),FI.RES.XGLD.CD,4358064736,5014046319,9523474852,11581876659,12202942946,13024392320,14365275106,14400094306,15950292910,16323681794,17543298733,20261504991,16087970173,17387546506,16660777436,15006140748,19729709614,17496554659,17298247786,17722180397
Oman,OMN,Asia,Western Asia,GDP growth (annual %),NY.GDP.MKTP.KD.ZG,2.779443603,4.669814819,4.980654671,8.95005895,5.981966949,2.471998566,2.894609735,8.863122256,5.227704081,1.292252294,5.017057997,5.046423946,0.304057566,1.287103915,-1.128638017,-3.379720527,2.582174989,7.985707284,1.187134896,1.67407663
Oman,OMN,Asia,Western Asia,GDP per capita (constant 2015 US$),NY.GDP.PCAP.KD,19629.04515,20096.39656,20642.74896,22007.7339,22819.19773,22766.05036,20993.90794,19824.12155,19299.94005,18726.20269,18808.30779,18830.60572,18277.94556,18269.67694,18089.58667,17743.88588,18291.3388,18792.44606,17814.02239,17315.71106
Oman,OMN,Asia,Western Asia,GDP (constant 2015 US$),NY.GDP.MKTP.KD,48283564529,50538317581,53055456656,57803951303,61261764565,62776154507,64593279187,70318260490,73994291063,74950483987,78710793238,82682873556,82934277089,84001727416,83053651985,80246670661,82318780120,88892516940,89947791028,91453585977
Oman,OMN,Asia,Western Asia,Current account balance (% of GDP),BN.CAB.XOKA.GD.ZS,14.58175852,13.29917354,5.097062704,7.229713552,-0.784047994,7.594763617,11.44357148,8.990685072,5.879920917,4.629958154,-13.76293519,-16.55484663,-13.61439437,-4.873337946,-4.9181887,-16.54867658,-5.537649114,3.970843793,2.490785636,..
Oman,OMN,Asia,Western Asia,Access to electricity (% of population),EG.ELC.ACCS.ZS,99.9,99.9,100,100,100,100,100,100,100,100,100,100,100,100,100,100,100,100,100,..
Oman,OMN,Asia,Western Asia,External balance on goods and services (% of GDP),NE.RSB.GNFS.ZS,23.82731241,21.4218959,14.36609859,18.58427192,13.95265945,21.80472189,26.19320889,23.36894911,19.51972794,20.60163624,2.927541691,-0.225014713,2.479944933,11.96566621,12.50760498,2.233855937,10.71003097,20.75599455,16.37158035,..
Oman,OMN,Asia,Western Asia,GDP per capita (current US$),NY.GDP.PCAP.CD,14434.85779,16930.85651,18792.65377,26576.77924,20655.91802,23570.17981,25188.00742,24642.29788,23458.02338,23160.65023,18808.30779,17110.18975,17820.06618,19901.76156,19180.18642,16784.86306,19403.46002,23223.58294,20972.48309,20248.41681
Oman,OMN,Asia,Western Asia,GDP per capita growth (annual %),NY.GDP.PCAP.KD.ZG,0.482138133,2.380917662,2.718658527,6.612418447,3.68717579,-0.232906393,-7.784145208,-5.572027839,-2.644160023,-2.972741653,0.43845033,0.118553614,-2.93490377,-0.045238236,-0.985733221,-1.911048576,3.08530455,2.739587647,-5.206473185,-2.797298205
Oman,OMN,Asia,Western Asia,GDP (current US$),NY.GDP.MKTP.CD,35506892068,42577633290,48300390117,69804681404,55454096229,64993498049,77497529259,87408842653,89936020806,92699089727,78710793238,75128738622,80856697009,91505851756,88060858257,75909492848,87323797139,1.09853E+11,1.05896E+11,1.06943E+11
Pakistan,PAK,Asia,Southern Asia,"Total reserves (includes gold, current US$)",FI.RES.TOTL.CD,11109358834,12878021928,15798067447,9024013987,13606125134,17255570040,17697925812,13688479776,7651260102,14306811155,20027864211,22027605270,18455861310,11837177726,16586046186,18521734364,22811522858,9926587077,13730353485,18407745861
Pakistan,PAK,Asia,Southern Asia,Total reserves minus gold (current US$),FI.RES.XGLD.CD,10032828334,11543115498,14044024197,7194233937,11318242634,14345903940,14527990312,10241503776,5155988089,11807078698,17829731393,19650422286,15764804402,9174683599,13421197226,14591657230,19028414245,6159296212,9442627602,12977150810
Pakistan,PAK,Asia,Southern Asia,GDP growth (annual %),NY.GDP.MKTP.KD.ZG,7.276574436,6.051637676,4.44481434,2.120441043,3.472550596,1.501717522,2.680116854,3.027583911,4.36686505,4.116428172,4.217942096,6.573838285,4.432625907,6.151702611,2.497636929,-1.274087443,6.513885759,4.778106869,-0.039838972,3.234784432
Pakistan,PAK,Asia,Southern Asia,GDP per capita (constant 2015 US$),NY.GDP.PCAP.KD,1201.233594,1243.941426,1265.355675,1258.051889,1269.074321,1256.694822,1261.831619,1275.488069,1309.700804,1343.307781,1380.470208,1452.186583,1495.261875,1561.681698,1573.833083,1526.005975,1595.027922,1642.28067,1616.396701,1643.682406
Pakistan,PAK,Asia,Southern Asia,GDP (constant 2015 US$),NY.GDP.MKTP.KD,2.1076E+11,2.23515E+11,2.3345E+11,2.384E+11,2.46678E+11,2.50383E+11,2.57093E+11,2.64877E+11,2.76444E+11,2.87823E+11,2.99964E+11,3.19683E+11,3.33853E+11,3.54391E+11,3.63242E+11,3.58614E+11,3.81974E+11,4.00225E+11,4.00065E+11,4.13007E+11
Pakistan,PAK,Asia,Southern Asia,Current account balance (% of GDP),BN.CAB.XOKA.GD.ZS,-2.483462357,-4.168123958,-4.507961758,-7.741943515,-2.131673557,-0.688324235,-0.957124213,-0.936399348,-1.707278769,-1.347873392,-0.934446742,-2.292796607,-4.769857605,-5.295561756,-2.666773257,-0.216650638,-3.524395776,-3.258581815,-0.307534783,0.149315431
Pakistan,PAK,Asia,Southern Asia,Access to electricity (% of population),EG.ELC.ACCS.ZS,78.1,79.1,80.2,81.4,82.5,87.1,87.8,88.6,89.3,90.1,91,91.8,92.7,93.4,93.9,94.5,94.9,95,95.6,..
Pakistan,PAK,Asia,Southern Asia,External balance on goods and services (% of GDP),NE.RSB.GNFS.ZS,-5.374810551,-7.951826114,-7.537728313,-10.59733025,-8.544910876,-6.714552928,-5.397528552,-7.571044981,-6.535275932,-7.079882205,-6.739044115,-7.228145266,-9.028812314,-10.46245787,-10.12384991,-8.119161848,-8.927220635,-11.95017293,-7.641043893,-6.672579933
Pakistan,PAK,Asia,Southern Asia,GDP per capita (current US$),NY.GDP.PCAP.CD,827.6198612,900.873565,998.0901142,1067.043246,963.7880664,987.3045711,1131.735138,1204.364755,1225.434012,1266.613408,1380.470208,1424.691612,1519.234595,1569.338146,1390.41691,1278.397352,1455.319224,1538.322813,1365.169274,1484.749859
Pakistan,PAK,Asia,Southern Asia,GDP per capita growth (annual %),NY.GDP.PCAP.KD.ZG,4.7286346,3.555331168,1.721483739,-0.577212099,0.87615081,-0.975474718,0.408754534,1.082271969,2.68232501,2.566004131,2.766486407,5.195068599,2.966236784,4.442019422,0.778096107,-3.038893283,4.523045652,2.962502872,-1.576098987,1.688057462
Pakistan,PAK,Asia,Southern Asia,GDP (current US$),NY.GDP.MKTP.CD,1.45209E+11,1.61871E+11,1.84141E+11,2.02204E+11,1.87338E+11,1.9671E+11,2.30587E+11,2.50107E+11,2.58657E+11,2.7139E+11,2.99964E+11,3.1363E+11,3.39206E+11,3.56128E+11,3.20909E+11,3.00426E+11,3.48517E+11,3.7489E+11,3.37886E+11,3.73072E+11
Palau,PLW,Oceania,Micronesia,"Total reserves (includes gold, current US$)",FI.RES.TOTL.CD,..,..,..,..,..,..,..,..,..,..,..,..,..,..,..,..,..,..,..,..
Palau,PLW,Oceania,Micronesia,Total reserves minus gold (current US$),FI.RES.XGLD.CD,..,..,..,..,..,..,..,..,..,..,..,..,..,..,..,..,..,..,..,..
Palau,PLW,Oceania,Micronesia,GDP growth (annual %),NY.GDP.MKTP.KD.ZG,3.4139654,-0.123719892,1.754031015,-5.493976659,-7.260576012,-0.89589586,5.118280225,1.253412417,-3.036226881,4.769999433,8.19997983,-0.439989268,-3.260018455,0.11000834,0.200015069,-5.999433925,-13.79389322,-1.318427167,1.877031984,..
Palau,PLW,Oceania,Micronesia,GDP per capita (constant 2015 US$),NY.GDP.PCAP.KD,13622.55635,13762.64067,14215.1688,13641.26202,12853.68464,12955.26959,13857.90949,14278.82791,13937.07968,14546.65245,15690.75971,15598.02218,15076.81646,15091.70766,15135.48759,14232.24194,12275.27107,12129.80098,12379.78841,..
Palau,PLW,Oceania,Micronesia,GDP (constant 2015 US$),NY.GDP.MKTP.KD,269985444.3,269651418.6,274381188.1,259306749.7,240479586,238325139.3,250523287.8,253663377.8,245961582.1,257693948.2,278824800,277598000.8,268548254.7,268843680.2,269381408.1,253220048.5,218291145.4,215413135.6,219456509.1,..
Palau,PLW,Oceania,Micronesia,Current account balance (% of GDP),BN.CAB.XOKA.GD.ZS,-20.71708683,-25.18966716,-18.0137,-17.01272496,-3.233320474,-9.926275341,-12.74385381,-15.98251163,-12.96299708,-19.90229376,-8.695758694,-16.56993163,-23.41701681,-18.77896199,-29.74020152,-44.63865126,-49.09335156,-52.98619553,..,..
Palau,PLW,Oceania,Micronesia,Access to electricity (% of population),EG.ELC.ACCS.ZS,98.9,98.3,98.4,98.5,98.6,98.8,98.9,97.6,99.2,99.8,99.5,100,100,100,100,100,100,100,100,..
Palau,PLW,Oceania,Micronesia,External balance on goods and services (% of GDP),NE.RSB.GNFS.ZS,-40.86194912,-42.23849996,-37.15040447,-37.37292294,-33.19171781,-30.66651503,-27.3355126,-27.73152319,-30.81119365,-33.542924,-24.94950234,-29.03063285,-35.19992997,-32.94653232,-39.24245305,-60.18306442,-67.18835696,-60.81111588,..,..
Palau,PLW,Oceania,Micronesia,GDP per capita (current US$),NY.GDP.PCAP.CD,9639.658913,9885.147757,10408.43436,10582.73975,10155.43321,10229.08785,11000.87952,12145.36448,12768.90866,13726.02314,15690.75971,16762.57234,16034.13429,16197.72651,15841.19564,14556.58723,13257.20632,14392.20114,15899.42461,..
Palau,PLW,Oceania,Micronesia,GDP per capita growth (annual %),NY.GDP.PCAP.KD.ZG,3.419183321,1.028326211,3.288090855,-4.037284311,-5.773493474,0.790317697,6.967357176,3.037387541,-2.39339135,4.373748235,7.865089628,-0.591032718,-3.34148599,0.098768864,0.290092619,-5.967734094,-13.75026419,-1.185066181,2.060935917,..
Palau,PLW,Oceania,Micronesia,GDP (current US$),NY.GDP.MKTP.CD,191048400,193679700,200903600,201167300,189998000,188174300,198873900,215762400,225345700,243156500,278824800,298323500,285600000,288546300,281941600,258990800,235752900,255591100,281849100,..
Panama,PAN,Americas,Central America,"Total reserves (includes gold, current US$)",FI.RES.TOTL.CD,1210531906,1334983348,1935051625,2423782839,3028272378,2714469856,2303727320,2466273020,2847991008,4032196741,3378098354,3846753359,2703336162,2121303718,3423477098,9613847649,8832242051,6876072134,6756683682,6855505288
Panama,PAN,Americas,Central America,Total reserves minus gold (current US$),FI.RES.XGLD.CD,1210531906,1334983348,1935051625,2423782839,3028272378,2714469856,2303727320,2466273020,2847991008,4032196741,3378098354,3846753359,2703336162,2121303718,3423477098,9613847649,8832242051,6876072134,6756683682,6855505288
Panama,PAN,Americas,Central America,GDP growth (annual %),NY.GDP.MKTP.KD.ZG,8.276183345,9.857238706,13.15306538,10.19743259,1.61186406,6.073393531,11.90887722,9.627293464,6.324353887,4.625813756,5.266917196,4.571967079,5.744059464,3.918198074,3.103067886,-17.82122997,16.46712492,10.76966587,7.399301556,2.861666635
Panama,PAN,Americas,Central America,GDP per capita (constant 2015 US$),NY.GDP.PCAP.KD,7935.871351,8557.980177,9507.646411,10288.15499,10267.06332,10698.07176,11761.49885,12668.29455,13236.83068,13611.54908,14082.65485,14474.12436,15045.54564,15375.64351,15602.54209,12647.08266,14552.94016,15917.42754,16872.88347,17137.34779
Panama,PAN,Americas,Central America,GDP (constant 2015 US$),NY.GDP.MKTP.KD,26291748117,28883388489,32682439460,36015209193,36595725406,38818327826,43441154828,47623362287,50635232251,52977523790,55767806100,58317491836,61667283244,64083529549,66072084975,54297226766,63238418925,70048985345,75232121008,77385013513
Panama,PAN,Americas,Central America,Current account balance (% of GDP),BN.CAB.XOKA.GD.ZS,-6.40102245,-2.480208507,-5.431580963,-8.892231381,-0.763910452,-10.32515967,-12.65812914,-8.979590135,-8.698708835,-12.98381469,-8.693904851,-7.542846071,-5.822445965,-7.884192986,-5.144480285,0.215312494,-1.234925911,0.037716703,-3.09776502,1.938573704
Panama,PAN,Americas,Central America,Access to electricity (% of population),EG.ELC.ACCS.ZS,84.1,84.8,85.5,86.3,87,86.9,88.6,89.3,89.1,90.8,91.6,92.4,93.7,93.8,93.9,95.3,95.3,95,97,..
Panama,PAN,Americas,Central America,External balance on goods and services (% of GDP),NE.RSB.GNFS.ZS,-2.73997327,-3.084102836,-4.707255514,-7.989101885,2.883596077,-5.398234551,-2.717051139,-4.119988903,-3.949414452,-5.192440845,-1.805917554,-0.914460923,-1.105515857,-1.436752525,-0.000301523,3.837752701,3.079944375,2.547700229,3.403719339,..
Panama,PAN,Americas,Central America,GDP per capita (current US$),NY.GDP.PCAP.CD,5017.741092,5528.767055,6317.817303,7347.590503,7796.92617,8331.464214,9662.295922,11064.80636,12273.3225,13213.19896,14082.65485,14832.36116,15694.62975,16151.32735,16477.90663,13290.56083,15509.80691,17332.43607,18686.4051,19102.85219
Panama,PAN,Americas,Central America,GDP per capita growth (annual %),NY.GDP.PCAP.KD.ZG,6.254117795,7.839199994,11.09685012,8.209272271,-0.205009314,4.197972049,9.94036229,7.709865076,4.487866349,2.830877079,3.461073876,2.779799104,3.947881507,2.193990651,1.475701353,-18.942166,15.06954247,9.376025512,6.002577513,1.567392576
Panama,PAN,Americas,Central America,GDP (current US$),NY.GDP.MKTP.CD,16623906700,18659721500,21717433800,25721328000,27791215500,30231009500,35687738300,41595439700,46949496500,51427104900,55767806100,59760858700,64327688800,67316471200,69778991200,57059846500,67396392500,76276116700,83318176900,86260400000
Papua New Guinea,PNG,Oceania,Melanesia,"Total reserves (includes gold, current US$)",FI.RES.TOTL.CD,750418379.4,1440728433,2106234947,2008196049,2629121235,3121182845,4352806335,4035177908,2850601817,2329505233,1758569680,1656817795,1735798651,2213546839,2308231642,2686185781,3240131311,3982557796,3901331641,..
Papua New Guinea,PNG,Oceania,Melanesia,Total reserves minus gold (current US$),FI.RES.XGLD.CD,718099379.4,1400679333,2053708697,1953401799,2560608735,3032636345,4256353335,3930345908,2774718317,2253527233,1691789680,1607736938,1680267339,2158651577,2242998947,2605186734,3162173316,3904931746,3771400441,..
Papua New Guinea,PNG,Oceania,Melanesia,GDP growth (annual %),NY.GDP.MKTP.KD.ZG,6.344795923,5.409944091,7.815189229,-0.296457846,6.800421483,10.12845407,1.107543626,4.657119597,3.824946328,13.54377062,6.578356323,5.489573153,3.534610818,-0.279252285,4.480514569,-3.167432044,-0.511353419,5.707584042,3.810886229,4.095029002
Papua New Guinea,PNG,Oceania,Melanesia,GDP per capita (constant 2015 US$),NY.GDP.PCAP.KD,1875.822735,1915.234941,2000.972619,1934.032016,2003.241097,2140.50939,2102.031921,2139.480967,2162.105926,2391.357803,2484.59634,2557.09463,2584.888364,2518.458993,2572.56178,2438.611379,2378.371682,2467.234888,2515.290704,2572.032257
Papua New Guinea,PNG,Oceania,Melanesia,GDP (constant 2015 US$),NY.GDP.MKTP.KD,12260199192,12923469113,13933462679,13892155836,14836880986,16339627662,16520596167,17289980089,17951312547,20382597142,21723437010,22915960976,23725951012,23659695751,24719771867,23936789891,23814388298,25173614524,26132952333,27203104310
Papua New Guinea,PNG,Oceania,Melanesia,Current account balance (% of GDP),BN.CAB.XOKA.GD.ZS,13.35207761,5.276380883,1.894476756,6.812991678,-5.091673211,-4.508491529,-1.100184834,-10.78816003,-16.22568195,12.13931772,11.20640237,13.62876125,15.90246129,13.63026972,14.37992311,14.33723527,12.57725535,14.429514,9.06715383,14.65138518
Papua New Guinea,PNG,Oceania,Melanesia,Access to electricity (% of population),EG.ELC.ACCS.ZS,14.1,12.4,14.9,15.3,17.2,19.5,17.3,17.5,17.8,18.1,18.4,13.5,19.2,16.6,23.6,20.5,20.9,19,20.5,..
Papua New Guinea,PNG,Oceania,Melanesia,External balance on goods and services (% of GDP),NE.RSB.GNFS.ZS,..,..,..,..,..,..,..,..,..,..,..,..,..,..,..,..,..,..,..,..
Papua New Guinea,PNG,Oceania,Melanesia,GDP per capita (current US$),NY.GDP.PCAP.CD,744.48649,1238.182829,1370.753416,1624.793199,1568.831934,1866.868899,2288.375911,2635.087363,2560.77459,2723.175298,2484.59634,2316.394798,2477.76531,2566.368337,2575.772741,2429.611346,2607.578619,3102.289686,2966.068304,3076.487862
Papua New Guinea,PNG,Oceania,Melanesia,GDP per capita growth (annual %),NY.GDP.PCAP.KD.ZG,2.962669858,2.101062379,4.476614136,-3.345403253,3.578486867,6.852310148,-1.797584717,1.781564097,1.057497576,10.60317509,3.898978937,2.917910217,1.086926272,-2.56991255,2.14824965,-5.206887606,-2.470245898,3.73630442,1.947760074,2.255864618
Papua New Guinea,PNG,Oceania,Melanesia,GDP (current US$),NY.GDP.MKTP.CD,4865892972,8354911041,9545028944,11670892801,11619456449,14250786675,17985138066,21295168666,21261338065,23210823987,21723437010,20758876953,22742699138,24109780708,24750626030,23848447850,26109413521,31653185953,30816367067,32538480024
Paraguay,PRY,Americas,South America,"Total reserves (includes gold, current US$)",FI.RES.TOTL.CD,1297088538,1702147179,2461472077,2863012062,3861718923,4166639316,4982545969,4994947873,5872875218,6986586469,5938523047,6880868044,7877536166,7697884446,7717366751,9202411639,9661226173,9518826117,9885683630,..
Paraguay,PRY,Americas,South America,Total reserves minus gold (current US$),FI.RES.XGLD.CD,1297088538,1702147179,2461472077,2844555967,3838642173,4136814606,4950058149,4556608673,5555579805,6668895919,5659292547,6579009336,7536005653,7360265795,7316170476,8704248622,9181766330,9041407818,9342395910,..
Paraguay,PRY,Americas,South America,GDP growth (annual %),NY.GDP.MKTP.KD.ZG,2.133490665,4.807117193,5.421622872,6.49629212,-0.261137328,11.09523127,4.286371207,-0.708043112,8.293076489,5.301238592,2.957151735,4.268025833,4.810078856,3.204250341,-0.401855101,-0.819785391,4.016737318,0.176038366,4.999227911,4.249960105
Paraguay,PRY,Americas,South America,GDP per capita (constant 2015 US$),NY.GDP.PCAP.KD,4193.280865,4349.311971,4540.382359,4788.663188,4727.596858,5191.050143,5342.190157,5230.262449,5583.122745,5794.476444,5879.337923,6041.958794,6243.133631,6354.239201,6243.536209,6109.196081,6278.110067,6218.197907,6449.230288,6640.838166
Paraguay,PRY,Americas,South America,GDP (constant 2015 US$),NY.GDP.MKTP.KD,22845400902,23943606097,25241738121,26881515166,26811317495,29786095177,31062837785,30842899501,33400724749,35171376859,36211447840,37756961788,39573101424,40841122661,40677000527,40343536419,41964030301,42037903095,44139473680,46015383701
Paraguay,PRY,Americas,South America,Current account balance (% of GDP),BN.CAB.XOKA.GD.ZS,-0.628692309,1.244476806,4.362384942,0.359539924,1.740826211,-1.131862382,-0.677611879,-1.819217107,0.869670699,-0.786984269,-0.209438978,4.605566228,3.362740406,-0.224276226,-0.559766224,1.899043869,-1.075131739,-7.02780969,-0.409566694,-3.918972976
Paraguay,PRY,Americas,South America,Access to electricity (% of population),EG.ELC.ACCS.ZS,94.7,96.7,96.5,96.7,96.9,97.4,98.2,97.8,99,99,99.3,98.4,99.3,99.6,99.7,99.7,100,100,99.8,..
Paraguay,PRY,Americas,South America,External balance on goods and services (% of GDP),NE.RSB.GNFS.ZS,10.16522057,7.852639051,7.748720892,4.099162762,5.352526236,3.022159877,1.985595488,1.22608094,4.05745978,1.845098834,2.554251874,6.527150578,5.258434677,1.637223447,0.952420153,3.781036495,1.231911999,-4.999135852,1.723169652,-2.427793605
Paraguay,PRY,Americas,South America,GDP per capita (current US$),NY.GDP.PCAP.CD,1970.871699,2439.431247,3211.936217,4384.954694,3941.848155,4750.962737,5805.401545,5642.169917,6435.683427,6652.254789,5879.337923,5775.159634,6152.267115,6258.449916,5821.181995,5365.472207,5976.931798,6205.625954,6299.990265,6416.09709
Paraguay,PRY,Americas,South America,GDP per capita growth (annual %),NY.GDP.PCAP.KD.ZG,1.01015475,3.720979119,4.393117569,5.468280183,-1.275227078,9.803147314,2.911549888,-2.095165191,6.746512237,3.785582172,1.46452367,2.765972508,3.329629423,1.779644257,-1.742191127,-2.151667316,2.764913475,-0.954302474,3.715423418,2.971019322
Paraguay,PRY,Americas,South America,GDP (current US$),NY.GDP.MKTP.CD,10737500188,13429430050,17856393235,24615267664,22355151162,27260886405,33756238767,33271921136,38501122141,40377929296,36211447840,36089700223,38997129474,40225448341,37925338329,35432178068,39950899939,41952910858,43118053175,44458118400
Peru,PER,Americas,South America,"Total reserves (includes gold, current US$)",FI.RES.TOTL.CD,14171339683,17442093800,27786002525,31241123023,33225062119,44214818033,48913125193,64155414234,65766057258,62529703139,61594854518,61801163826,63819289823,60333192028,68440494635,74961659711,78589897923,72328123071,71394387240,79246042708
Peru,PER,Americas,South America,Total reserves minus gold (current US$),FI.RES.XGLD.CD,13599425520,16733388472,26856502655,30271488826,32012670984,42647907007,47206301443,62300316442,64423229560,61185203177,60413121549,60523665893,62373896622,58904354237,66742589625,72853559863,76560945306,70307850583,69095470568,76337730572
Peru,PER,Americas,South America,GDP growth (annual %),NY.GDP.MKTP.KD.ZG,6.285060325,7.528899044,8.518387769,9.126568301,1.095823659,8.332459107,6.327192402,6.139724706,5.852518211,2.382157372,3.252244772,3.953318715,2.518835442,3.969351341,2.240631769,-10.9333065,13.36262409,2.809033553,-0.403242151,3.303940982
Peru,PER,Americas,South America,GDP per capita (constant 2015 US$),NY.GDP.PCAP.KD,3835.132193,4091.362686,4407.791217,4778.526422,4801.171537,5167.392593,5453.457187,5740.043463,6021.461428,6103.918647,6231.711503,6392.254749,6457.419403,6593.144375,6626.260835,5831.830248,6547.847182,6667.516956,6568.000278,6711.194033
Peru,PER,Americas,South America,GDP (constant 2015 US$),NY.GDP.MKTP.KD,1.07772E+11,1.15886E+11,1.25757E+11,1.37235E+11,1.38739E+11,1.50299E+11,1.59809E+11,1.6962E+11,1.79547E+11,1.83825E+11,1.89803E+11,1.97306E+11,2.02276E+11,2.10305E+11,2.15018E+11,1.91509E+11,2.171E+11,2.23198E+11,2.22298E+11,2.29643E+11
Peru,PER,Americas,South America,Current account balance (% of GDP),BN.CAB.XOKA.GD.ZS,1.508810261,3.240507167,1.429314635,-4.411120778,-0.598288729,-2.416112442,-1.964222121,-2.872623,-4.851701587,-4.365950614,-4.708780716,-2.294294033,-0.953080062,-1.278507147,-0.726098967,0.781293621,-2.24912986,-4.052650157,0.330363484,2.20936849
Peru,PER,Americas,South America,Access to electricity (% of population),EG.ELC.ACCS.ZS,77.2,80.2,82,84.7,86.4,88.1,89.7,91.1,92.1,92.9,93.9,94.2,94.8,95.2,95.6,96.2,95.6,96.2,96.2,..
Peru,PER,Americas,South America,External balance on goods and services (% of GDP),NE.RSB.GNFS.ZS,6.340204747,9.288216873,7.356119777,1.02149303,4.772175863,3.979519367,5.017239229,2.279333479,-0.170543605,-1.63918034,-2.588118117,-0.188213714,1.926193587,1.752899173,1.134669494,1.776919088,3.044469822,0.366745575,3.485427441,5.599293898
Peru,PER,Americas,South America,GDP per capita (current US$),NY.GDP.PCAP.CD,2706.669473,3129.559965,3581.089308,4197.584446,4181.187555,5072.11494,5861.357936,6519.37853,6746.800257,6667.134104,6231.711503,6217.036,6736.166937,6978.491215,7037.008037,6133.325524,6826.202556,7350.630343,7887.541859,8452.37167
Peru,PER,Americas,South America,GDP per capita growth (annual %),NY.GDP.PCAP.KD.ZG,5.34332346,6.681138497,7.734062096,8.410906656,0.473893282,7.627743625,5.535956263,5.2551302,4.902714879,1.369388824,2.093619907,2.576230397,1.019431416,2.10184539,0.502286291,-11.98912339,12.27773964,1.82762015,-1.492559809,2.180172788
Peru,PER,Americas,South America,GDP (current US$),NY.GDP.MKTP.CD,76060606061,88643193062,1.02171E+11,1.20551E+11,1.20823E+11,1.47528E+11,1.71762E+11,1.9265E+11,2.01176E+11,2.00786E+11,1.89803E+11,1.91898E+11,2.11008E+11,2.22597E+11,2.28346E+11,2.0141E+11,2.26329E+11,2.46066E+11,2.66959E+11,2.89222E+11
Philippines,PHL,Asia,South-Eastern Asia,"Total reserves (includes gold, current US$)",FI.RES.TOTL.CD,18474495450,22963020102,33740202689,37497616849,44205983462,62326286865,75123089217,83788600501,83182370907,79629428309,80640411491,80666223157,81413504334,79195598850,89515298356,1.0999E+11,1.08755E+11,96040188241,1.03742E+11,1.06195E+11
Philippines,PHL,Asia,South-Eastern Asia,Total reserves minus gold (current US$),FI.RES.XGLD.CD,15925983270,20025418617,30210597102,33192893594,38782892837,55362821445,67289681787,73478389941,75688607378,72056986770,73963945253,73432698664,73228467061,71039872169,79823656328,98512083712,99461671284,86850194729,93196024816,95250799159
Philippines,PHL,Asia,South-Eastern Asia,GDP growth (annual %),NY.GDP.MKTP.KD.ZG,4.942505119,5.316416821,6.51929155,4.344487305,1.448323063,7.33449996,3.858232828,6.896951711,6.750531301,6.347987483,6.348309717,7.14945675,6.930988326,6.341485572,6.118525662,-9.51829474,5.714733132,7.580982128,5.518949679,5.692016128
Philippines,PHL,Asia,South-Eastern Asia,GDP per capita (constant 2015 US$),NY.GDP.PCAP.KD,2037.877661,2110.420448,2209.346511,2264.946291,2256.725548,2373.143121,2416.752121,2533.74142,2654.415069,2776.920059,2909.85818,3076.337419,3247.450388,3410.93648,3575.881709,3198.6669,3350.975876,3577.701366,3744.697638,3925.30487
Philippines,PHL,Asia,South-Eastern Asia,GDP (constant 2015 US$),NY.GDP.MKTP.KD,1.79366E+11,1.88902E+11,2.01217E+11,2.09958E+11,2.12999E+11,2.28622E+11,2.37443E+11,2.53819E+11,2.70953E+11,2.88153E+11,3.06446E+11,3.28355E+11,3.51113E+11,3.73379E+11,3.96224E+11,3.58511E+11,3.78999E+11,4.0773E+11,4.30233E+11,4.54722E+11
Philippines,PHL,Asia,South-Eastern Asia,Current account balance (% of GDP),BN.CAB.XOKA.GD.ZS,1.852907591,5.454522579,5.174973355,0.079295947,4.800783497,3.445409177,2.409190699,2.653278221,4.009649584,3.615639134,2.37094986,-0.376262662,-0.652387929,-2.559393063,-0.808557863,3.200650092,-1.50797766,-4.516057633,-2.834121138,-3.794107008
Philippines,PHL,Asia,South-Eastern Asia,Access to electricity (% of population),EG.ELC.ACCS.ZS,79.8,80.2,82,83.3,84.3,85.5,87.2,87.1,87.5,89.8,89.1,92,93,94.2,95.3,96.4,97.5,94.8,98,..
Philippines,PHL,Asia,South-Eastern Asia,External balance on goods and services (% of GDP),NE.RSB.GNFS.ZS,-1.385596139,1.640380068,2.383392684,-0.967404286,-0.447539588,-0.354619075,-2.584978944,-2.907857798,-3.469941614,-2.759163706,-4.725477627,-8.430059078,-9.063788033,-11.73618755,-12.07600223,-7.763881682,-11.98053998,-15.65488052,-14.14627062,-14.33859022
Philippines,PHL,Asia,South-Eastern Asia,GDP per capita (current US$),NY.GDP.PCAP.CD,1220.460186,1426.146492,1712.655433,1959.292335,1864.450434,2162.913759,2383.918925,2614.616444,2781.279577,2866.838038,2909.85818,2985.19564,3038.12125,3168.510366,3400.789498,3227.579102,3484.385939,3548.069306,3804.082741,3984.831539
Philippines,PHL,Asia,South-Eastern Asia,GDP per capita growth (annual %),NY.GDP.PCAP.KD.ZG,3.009220967,3.559722383,4.687504953,2.516571286,-0.36295529,5.158694303,1.837605141,4.84076534,4.762666338,4.615140683,4.787250557,5.721214859,5.562230207,5.034290671,4.835775467,-10.54886151,4.761639163,6.765954106,4.667697363,4.823012407
Philippines,PHL,Asia,South-Eastern Asia,GDP (current US$),NY.GDP.MKTP.CD,1.0742E+11,1.27653E+11,1.5598E+11,1.81625E+11,1.75975E+11,2.08369E+11,2.34217E+11,2.61921E+11,2.83903E+11,2.97484E+11,3.06446E+11,3.18627E+11,3.28481E+11,3.46842E+11,3.76823E+11,3.61751E+11,3.94087E+11,4.04353E+11,4.37056E+11,4.61618E+11
Poland,POL,Europe,Eastern Europe,"Total reserves (includes gold, current US$)",FI.RES.TOTL.CD,42560656301,48473948179,65724834525,62183606684,79521599626,93472504101,97712435349,1.08902E+11,1.06221E+11,1.00452E+11,94902630299,1.14329E+11,1.13267E+11,1.16957E+11,1.28392E+11,1.54219E+11,1.6603E+11,1.66664E+11,1.93783E+11,2.23115E+11
Poland,POL,Europe,Eastern Europe,Total reserves minus gold (current US$),FI.RES.XGLD.CD,40863652301,46371052579,62966789525,59305603934,75923343669,88821825714,92646488277,1.03396E+11,1.02236E+11,96461531333,91394818430,1.10535E+11,1.08975E+11,1.11656E+11,1.17196E+11,1.40316E+11,1.52522E+11,1.5334E+11,1.69999E+11,1.85515E+11
Poland,POL,Europe,Eastern Europe,GDP growth (annual %),NY.GDP.MKTP.KD.ZG,3.260822747,6.202107109,6.760447853,4.383770693,2.615128593,3.168927483,5.255462566,1.511781676,0.684240607,3.920508624,4.431767003,3.031177676,5.152457733,6.245858472,4.580458173,-2.035568824,6.927182661,5.255456974,0.249610834,2.923388081
Poland,POL,Europe,Eastern Europe,GDP per capita (constant 2015 US$),NY.GDP.PCAP.KD,8598.576812,9137.658508,9760.70426,10187.20179,10446.52891,10808.39757,11370.31343,11542.23534,11628.22868,12093.16228,12637.52203,13026.1859,13695.64528,14551.08503,15221.30906,15090.22284,16368.62397,17303.64494,17410.38301,17984.38001
Poland,POL,Europe,Eastern Europe,GDP (constant 2015 US$),NY.GDP.MKTP.KD,3.28169E+11,3.48522E+11,3.72084E+11,3.88395E+11,3.98552E+11,4.11182E+11,4.32791E+11,4.39334E+11,4.4234E+11,4.59682E+11,4.80054E+11,4.94605E+11,5.2009E+11,5.52574E+11,5.77884E+11,5.66121E+11,6.05337E+11,6.3715E+11,6.38741E+11,6.57414E+11
Poland,POL,Europe,Eastern Europe,Current account balance (% of GDP),BN.CAB.XOKA.GD.ZS,-3.304886928,-4.649063356,-6.683962898,-6.746487743,-3.945188577,-5.16657584,-5.110556874,-4.111824856,-1.981551438,-2.972880327,-1.325475557,-1.068757981,-1.18631972,-1.965972588,-0.272945794,2.398359427,-1.301565328,-2.274558494,1.789030685,-0.037280128
Poland,POL,Europe,Eastern Europe,Access to electricity (% of population),EG.ELC.ACCS.ZS,99.8,99.8,99.8,99.8,100,100,100,100,100,100,100,100,100,100,100,100,100,100,100,..
Poland,POL,Europe,Eastern Europe,External balance on goods and services (% of GDP),NE.RSB.GNFS.ZS,-1.260554539,-2.38472109,-3.803166222,-5.237136155,-0.960495593,-2.441438629,-2.287307337,-0.784100029,1.117069084,0.407324354,2.067846177,2.946954919,2.819159911,2.02268872,3.644753145,5.60867981,3.201669123,1.683699631,5.737606997,4.007763358
Poland,POL,Europe,Eastern Europe,GDP per capita (current US$),NY.GDP.PCAP.CD,8043.923323,9068.855283,11272.52937,14048.56047,11556.30269,12567.73177,13867.66694,13087.42094,13621.90238,14262.28419,12637.52203,12464.0121,13913.34152,15658.21059,15874.52205,16150.9291,18635.50888,18891.21353,22145.26431,25022.67164
Poland,POL,Europe,Eastern Europe,GDP per capita growth (annual %),NY.GDP.PCAP.KD.ZG,3.306214772,6.269429324,6.818439881,4.369536452,2.545616825,3.464008539,5.198882223,1.512024367,0.745031977,3.998318321,4.501384676,3.075475283,5.139335422,6.246071105,4.606007273,-0.861202002,8.471718,5.712275974,0.616853101,3.296865995
Poland,POL,Europe,Eastern Europe,GDP (current US$),NY.GDP.MKTP.CD,3.07E+11,3.45898E+11,4.29715E+11,5.35612E+11,4.40891E+11,4.78112E+11,5.27849E+11,4.98149E+11,5.1818E+11,5.42134E+11,4.80054E+11,4.7326E+11,5.28357E+11,5.94617E+11,6.02684E+11,6.05914E+11,6.8917E+11,6.95608E+11,8.12451E+11,9.14696E+11
Portugal,PRT,Europe,Southern Europe,"Total reserves (includes gold, current US$)",FI.RES.TOTL.CD,10364170168,9882747256,11512068377,12006451709,15781930171,20936757462,20801304307,22658232426,17589253885,19700737012,19402623792,24989773865,26096701287,24920338987,25002862228,29459811843,32535115418,32231572059,35243055048,42434182604
Portugal,PRT,Europe,Southern Europe,Total reserves minus gold (current US$),FI.RES.XGLD.CD,3478684168,2063637256,1257777127,1309396459,2407855171,3651918462,1974597307,2196024426,2777517385,4869349012,6366743792,10898641565,10152738423,9158607287,6271485228,6199281843,10147885418,9939667059,9871410248,10331816204
Portugal,PRT,Europe,Southern Europe,GDP growth (annual %),NY.GDP.MKTP.KD.ZG,0.781847565,1.625035321,2.506579365,0.319247343,-3.12207826,1.737624528,-1.713527451,-4.050902656,-0.984106569,0.741391417,1.589798029,2.004141286,3.314720564,2.94628244,2.745684796,-8.204632012,5.558757716,6.985841781,2.613128544,1.92844406
Portugal,PRT,Europe,Southern Europe,GDP per capita (constant 2015 US$),NY.GDP.PCAP.KD,19251.71451,19529.31221,19979.57062,20014.47493,19371.13188,19698.68367,19389.63959,18679.76268,18597.72146,18836.8968,19215.7813,19662.82312,20364.19637,20997.77449,21569.18746,19778.71385,20747.69916,22042.86821,22311.30522,22479.20271
Portugal,PRT,Europe,Southern Europe,GDP (constant 2015 US$),NY.GDP.MKTP.KD,2.02207E+11,2.05493E+11,2.10644E+11,2.11316E+11,2.04719E+11,2.08276E+11,2.04707E+11,1.96415E+11,1.94482E+11,1.95924E+11,1.99039E+11,2.03028E+11,2.09757E+11,2.15937E+11,2.21866E+11,2.03663E+11,2.14984E+11,2.30003E+11,2.36013E+11,2.40564E+11
Portugal,PRT,Europe,Southern Europe,Current account balance (% of GDP),BN.CAB.XOKA.GD.ZS,-9.600210529,-10.23021405,-9.657924144,-11.85980022,-10.32354452,-10.26116341,-6.118547778,-1.5272155,1.539738278,0.315317528,0.508297093,1.425555281,1.563896442,0.72768253,0.765771122,-0.629832723,-0.672210744,-2.084777681,0.560601323,2.173051785
Portugal,PRT,Europe,Southern Europe,Access to electricity (% of population),EG.ELC.ACCS.ZS,100,100,100,100,100,100,100,100,100,100,100,100,100,100,100,100,100,100,100,..
Portugal,PRT,Europe,Southern Europe,External balance on goods and services (% of GDP),NE.RSB.GNFS.ZS,-8.776169469,-7.832244236,-7.557748439,-9.553584765,-6.905208091,-7.634069946,-4.184549483,-0.494095275,1.097394978,0.149512091,0.740657191,1.187831368,1.077564989,0.61946565,0.535262978,-1.996610452,-2.776690846,-2.400782918,1.149093424,1.818269543
Portugal,PRT,Europe,Southern Europe,GDP per capita (current US$),NY.GDP.PCAP.CD,18780.12751,19839.45405,22811.05648,24949.04136,23151.21541,22551.9351,23246.54254,20593.42742,21676.48596,22120.68501,19215.7813,19980.28089,21442.38428,23541.14011,23343.3629,22299.40441,24711.45101,24620.51956,27386.29206,28844.49792
Portugal,PRT,Europe,Southern Europe,GDP per capita growth (annual %),NY.GDP.PCAP.KD.ZG,0.595038069,1.441937556,2.305551833,0.174699974,-3.214388808,1.690927467,-1.568856543,-3.661114501,-0.439198383,1.28604644,2.01139554,2.326430626,3.567001745,3.111235591,2.721302548,-8.301071216,4.89913206,6.242470714,1.217795319,0.752522028
Portugal,PRT,Europe,Southern Europe,GDP (current US$),NY.GDP.MKTP.CD,1.97254E+11,2.08756E+11,2.40496E+11,2.63416E+11,2.44668E+11,2.38444E+11,2.45427E+11,2.16537E+11,2.26677E+11,2.30079E+11,1.99039E+11,2.06305E+11,2.20863E+11,2.42093E+11,2.40116E+11,2.29619E+11,2.56056E+11,2.56899E+11,2.89697E+11,3.08683E+11
Puerto Rico (US),PRI,Americas,Caribbean,"Total reserves (includes gold, current US$)",FI.RES.TOTL.CD,..,..,..,..,..,..,..,..,..,..,..,..,..,..,..,..,..,..,..,..
Puerto Rico (US),PRI,Americas,Caribbean,Total reserves minus gold (current US$),FI.RES.XGLD.CD,..,..,..,..,..,..,..,..,..,..,..,..,..,..,..,..,..,..,..,..
Puerto Rico (US),PRI,Americas,Caribbean,GDP growth (annual %),NY.GDP.MKTP.KD.ZG,-1.986938718,-1.409414057,-1.162806656,-1.844134218,-1.952425184,-0.413254119,-0.358510637,0.02927515,-0.306826667,-1.190363473,-1.049290032,-1.263694348,-2.885218384,-4.361427032,1.675463795,-4.180874309,0.38522272,2.957095655,0.498101252,3.226705422
Puerto Rico (US),PRI,Americas,Caribbean,GDP per capita (constant 2015 US$),NY.GDP.PCAP.KD,29815.21642,29519.73868,29347.846,28976.13105,28565.76792,28569.50771,28706.02075,28968.69421,29115.35492,29141.20386,29242.04147,29326.57488,29061.55638,28808.85186,29185.097,28144.72232,28416.62313,29643.74089,29943.3855,30914.36605
Puerto Rico (US),PRI,Americas,Caribbean,GDP (constant 2015 US$),NY.GDP.MKTP.KD,1.13935E+11,1.12329E+11,1.11023E+11,1.08975E+11,1.06848E+11,1.06406E+11,1.06025E+11,1.06056E+11,1.0573E+11,1.04472E+11,1.03376E+11,1.02069E+11,99124231779,94801000740,96389357184,92359439313,92715228857,95456906861,95932378909,99027834181
Puerto Rico (US),PRI,Americas,Caribbean,Current account balance (% of GDP),BN.CAB.XOKA.GD.ZS,..,..,..,..,..,..,..,..,..,..,..,..,..,..,..,..,..,..,..,..
Puerto Rico (US),PRI,Americas,Caribbean,Access to electricity (% of population),EG.ELC.ACCS.ZS,100,100,100,100,100,100,100,100,100,100,100,100,100,100,100,100,100,100,100,..
Puerto Rico (US),PRI,Americas,Caribbean,External balance on goods and services (% of GDP),NE.RSB.GNFS.ZS,21.01900807,20.03811707,16.47041947,20.31764441,20.91142245,21.19010422,19.54705301,11.59397744,16.8477306,19.2577929,25.50923575,27.24228388,24.31579303,13.90666029,13.58631134,17.1863137,12.08025061,6.642528309,5.638183738,9.114481312
Puerto Rico (US),PRI,Americas,Caribbean,GDP per capita (current US$),NY.GDP.PCAP.CD,21959.3227,22935.94116,23664.88235,24898.33459,25768.72589,26414.88106,27170.07665,27742.02448,28212.04997,28576.0988,29242.04147,29978.08893,30328.48711,30679.91819,31830.5285,31427.11308,32619.07046,35353.68216,36948.40364,39285.01746
Puerto Rico (US),PRI,Americas,Caribbean,GDP per capita growth (annual %),NY.GDP.PCAP.KD.ZG,-1.845460353,-0.991030023,-0.582297403,-1.266583422,-1.416210921,0.013091856,0.477827774,0.915046582,0.506273089,0.088781153,0.346031007,0.28908177,-0.903680355,-0.86954915,1.306005302,-3.564746344,0.966080975,4.3183096,1.01081914,3.242721329
Puerto Rico (US),PRI,Americas,Caribbean,GDP (current US$),NY.GDP.MKTP.CD,83914521300,87276164400,89524131600,93639300000,96385600000,98381300000,1.00352E+11,1.01565E+11,1.0245E+11,1.02446E+11,1.03376E+11,1.04337E+11,1.03446E+11,1.00958E+11,1.05126E+11,1.03131E+11,1.06427E+11,1.13844E+11,1.18375E+11,1.25842E+11
Qatar,QAT,Asia,Western Asia,"Total reserves (includes gold, current US$)",FI.RES.TOTL.CD,4552170762,5394808792,9749045696,9996578244,18803758798,31181698263,16809490743,33185072530,42082172538,43215459718,37257529105,31887349773,15007730965,30358280804,39718464943,40972506521,42212542110,47389335670,51538727786,53987415590
Qatar,QAT,Asia,Western Asia,Total reserves minus gold (current US$),FI.RES.XGLD.CD,4542367332,5382660565,9416379446,9649461019,18369737548,30620763213,16198468643,32520970130,41601456588,42734145118,36500329765,30793635698,13769776424,29070399756,37651273314,37524561602,38892974935,42041594225,44844912182,44692252847
Qatar,QAT,Asia,Western Asia,GDP growth (annual %),NY.GDP.MKTP.KD.ZG,7.492758483,26.17024567,17.98565682,17.66355636,11.95656113,19.59233153,13.37517641,4.730011844,5.556040643,5.334323292,4.753345724,3.064191884,-1.497604702,1.234872202,0.688240955,-3.55760399,1.626846719,4.18500971,1.187159916,2.768414336
Qatar,QAT,Asia,Western Asia,GDP per capita (constant 2015 US$),NY.GDP.PCAP.KD,60416.78292,64676.39689,61423.08709,61213.79439,60781.87495,72333.98486,81608.57169,80621.86072,76486.9693,71756.06493,68985.2947,67294.45858,64497.69872,64410.81713,63430.46076,57769.6041,65488.51179,64315.62636,65111.03332,62188.82786
Qatar,QAT,Asia,Western Asia,GDP (constant 2015 US$),NY.GDP.MKTP.KD,49868495958,62919203862,74235635940,87348289336,97792140945,1.16952E+11,1.32594E+11,1.38866E+11,1.46582E+11,1.54401E+11,1.6174E+11,1.66696E+11,1.642E+11,1.66227E+11,1.67371E+11,1.61417E+11,1.64043E+11,1.70908E+11,1.72937E+11,1.77725E+11
Qatar,QAT,Asia,Western Asia,Current account balance (% of GDP),BN.CAB.XOKA.GD.ZS,..,..,..,..,..,..,31.06751192,33.18472456,30.42404575,23.95926114,8.501810284,-5.450066949,3.988568877,9.082936699,2.415297098,-2.067506473,14.64359678,26.7778362,17.11368634,17.37962186
Qatar,QAT,Asia,Western Asia,Access to electricity (% of population),EG.ELC.ACCS.ZS,100,100,100,100,100,100,100,100,100,100,100,100,100,100,100,100,100,100,100,..
Qatar,QAT,Asia,Western Asia,External balance on goods and services (% of GDP),NE.RSB.GNFS.ZS,35.42454547,27.06454102,24.44063801,33.29186359,22.12558921,38.56907525,46.51777959,47.19854373,43.05246194,36.96186152,20.41535136,5.880082862,14.28425734,20.04527737,14.3313443,8.218661637,24.6728755,36.98317915,..,..
Qatar,QAT,Asia,Western Asia,GDP per capita (current US$),NY.GDP.PCAP.CD,53949.67641,62582.44531,65954.34195,80781.40392,60785.73516,77387.32679,103261.5065,108470.3788,103697.0084,95840.63101,68985.2947,61253.63755,63279.85569,71039.84906,66841.30135,51683.50544,71751.88313,88701.46335,80195.87465,76275.90768
Qatar,QAT,Asia,Western Asia,GDP per capita growth (annual %),NY.GDP.PCAP.KD.ZG,0.710908912,7.050381966,-5.030134573,-0.34073947,-0.705591683,19.00584661,12.82189394,-1.209077614,-5.128747192,-6.185242281,-3.861374283,-2.451009489,-4.156003204,-0.134704953,-1.522036842,-8.924508176,13.36153814,-1.790978898,1.236724265,-4.488034221
Qatar,QAT,Asia,Western Asia,GDP (current US$),NY.GDP.MKTP.CD,44530494505,60882142857,79712087912,1.1527E+11,97798351648,1.25122E+11,1.67775E+11,1.86834E+11,1.98728E+11,2.06225E+11,1.6174E+11,1.51732E+11,1.61099E+11,1.83335E+11,1.76371E+11,1.44411E+11,1.79732E+11,2.35709E+11,2.13003E+11,2.17983E+11
Romania,ROU,Europe,Eastern Europe,"Total reserves (includes gold, current US$)",FI.RES.TOTL.CD,21601177535,30206004059,39974195969,39768375684,44383053890,48047830953,48044368559,46711176510,48827640846,43186336128,38700983241,39953479393,44429296937,42129061938,42006529634,52190562712,51885588481,55810109299,72999646522,73391248091
Romania,ROU,Europe,Eastern Europe,Total reserves minus gold (current US$),FI.RES.XGLD.CD,19872059735,28066237859,37194139969,36868368259,40756567640,43360910103,42939095959,41162402110,44811115213,39164808528,35166731241,36133048793,40106765937,37856040838,36931436734,45888850182,45821015281,49772084039,66128554682,64698509621
Romania,ROU,Europe,Eastern Europe,GDP growth (annual %),NY.GDP.MKTP.KD.ZG,4.668148051,8.028811076,7.233807744,9.307467171,-5.516706158,-3.905811573,4.495589099,1.903616968,0.278771877,4.116001093,3.157036054,2.859932523,8.195478266,6.120930007,3.92326385,-3.674384409,5.545709626,3.965307663,2.404271779,0.813687203
Romania,ROU,Europe,Eastern Europe,GDP per capita (constant 2015 US$),NY.GDP.PCAP.KD,6328.090223,6876.778414,7483.973758,8318.003428,7924.870581,7660.706676,8044.571949,8234.285534,8287.958441,8661.473973,8977.017482,9286.876782,10106.22696,10788.01509,11270.4758,10916.31261,11607.97712,12114.87151,12399.00083,12493.42606
Romania,ROU,Europe,Eastern Europe,GDP (constant 2015 US$),NY.GDP.MKTP.KD,1.34913E+11,1.45745E+11,1.56288E+11,1.70834E+11,1.6141E+11,1.55105E+11,1.62078E+11,1.65164E+11,1.65624E+11,1.72441E+11,1.77885E+11,1.82973E+11,1.97968E+11,2.10085E+11,2.18328E+11,2.10305E+11,2.21968E+11,2.3077E+11,2.36318E+11,2.38241E+11
Romania,ROU,Europe,Eastern Europe,Current account balance (% of GDP),BN.CAB.XOKA.GD.ZS,-8.674632054,-10.66610369,-13.7032326,-11.65852257,-4.729256933,-4.985436879,-4.81588302,-4.578042924,-1.1374671,-0.341464408,-0.637491637,-2.103248859,-3.194157122,-4.575746307,-4.838884712,-5.111705964,-7.176415061,-9.220665757,-6.973260151,-8.357008697
Romania,ROU,Europe,Eastern Europe,Access to electricity (% of population),EG.ELC.ACCS.ZS,95.6,95.9,96.1,96.5,96.8,97.1,97.4,97.8,98.1,98.4,98.8,99.1,100,99.8,100,100,100,100,100,..
Romania,ROU,Europe,Eastern Europe,External balance on goods and services (% of GDP),NE.RSB.GNFS.ZS,-10.29010824,-12.14117293,-14.08349857,-12.86420167,-6.425304321,-6.671748875,-5.798138735,-5.177598019,-0.90688595,-0.421719078,-0.822189532,-1.059857942,-2.487516154,-3.498519216,-4.209083052,-4.394662301,-5.652542077,-6.899262298,-4.785666297,-6.099458991
Romania,ROU,Europe,Eastern Europe,GDP per capita (current US$),NY.GDP.PCAP.CD,4618.003508,5757.531273,8360.337759,10435.15612,8548.454341,8399.537423,9560.675528,8929.953662,9497.674116,10031.77108,8977.017482,9404.540059,10727.9822,12502.26241,12992.03261,13082.30066,14986.78549,15557.88262,18404.27309,20072.40792
Romania,ROU,Europe,Eastern Europe,GDP per capita growth (annual %),NY.GDP.PCAP.KD.ZG,5.316506112,8.670675853,8.829648237,11.1442089,-4.726288594,-3.333352914,5.010833714,2.358280667,0.651822267,4.506725444,3.643069411,3.451695415,8.822666571,6.746218334,4.472191654,-3.142397913,6.33606362,4.3667763,2.345293688,0.761555154
Romania,ROU,Europe,Eastern Europe,GDP (current US$),NY.GDP.MKTP.CD,98454380120,1.22024E+11,1.74589E+11,2.14316E+11,1.74111E+11,1.70064E+11,1.92624E+11,1.79117E+11,1.89799E+11,1.99722E+11,1.77885E+11,1.85291E+11,2.10147E+11,2.43469E+11,2.51677E+11,2.52034E+11,2.86578E+11,2.96354E+11,3.50776E+11,3.82768E+11
Russian Federation,RUS,Europe,Eastern Europe,"Total reserves (includes gold, current US$)",FI.RES.TOTL.CD,1.82272E+11,3.03773E+11,4.78822E+11,4.26279E+11,4.39342E+11,4.79222E+11,4.9741E+11,5.37816E+11,5.09692E+11,3.86216E+11,3.68043E+11,3.77052E+11,4.32731E+11,4.68645E+11,5.55179E+11,5.9677E+11,6.32242E+11,5.8171E+11,5.97217E+11,..
Russian Federation,RUS,Europe,Eastern Europe,Total reserves minus gold (current US$),FI.RES.XGLD.CD,1.75891E+11,2.95568E+11,4.6675E+11,4.1175E+11,4.16649E+11,4.43586E+11,4.53948E+11,4.86577E+11,4.69603E+11,3.3937E+11,3.19835E+11,3.17544E+11,3.56084E+11,3.81575E+11,4.4397E+11,4.57018E+11,4.97554E+11,4.45784E+11,4.42537E+11,..
Russian Federation,RUS,Europe,Eastern Europe,GDP growth (annual %),NY.GDP.MKTP.KD.ZG,6.399965448,8.200068255,8.499977769,5.199969264,-7.799993913,4.499999999,4.300029186,4.024086157,1.755422149,0.736267222,-1.972719226,0.193690071,1.825790064,2.807245411,2.198075713,-2.653654501,5.866491773,-1.435882139,4.082524813,4.344374755
Russian Federation,RUS,Europe,Eastern Europe,GDP per capita (constant 2015 US$),NY.GDP.PCAP.KD,7323.385254,7949.896973,8640.40625,9093.700195,8381.868164,8755.120117,9120.820313,9464.010742,9601.537109,9493.8125,9277.713867,9269.319336,9418.914063,9674.787109,9882.024414,9632.325195,10231.31836,10119.0625,10562.02637,11043.25977
Russian Federation,RUS,Europe,Eastern Europe,GDP (constant 2015 US$),NY.GDP.MKTP.KD,1.05104E+12,1.13723E+12,1.23389E+12,1.29806E+12,1.19681E+12,1.25066E+12,1.30444E+12,1.35694E+12,1.38076E+12,1.39092E+12,1.36348E+12,1.36612E+12,1.39107E+12,1.43012E+12,1.46155E+12,1.42277E+12,1.50623E+12,1.48461E+12,1.54521E+12,1.61234E+12
Russian Federation,RUS,Europe,Eastern Europe,Current account balance (% of GDP),BN.CAB.XOKA.GD.ZS,11.04541697,9.325444914,5.554576193,6.257971612,4.120869337,4.423336654,4.754526525,3.227930901,1.458173885,2.792909792,4.970888574,1.91643731,2.044126736,6.979898729,3.87612477,2.369115337,6.83107026,10.37412785,2.38456739,2.905788
Russian Federation,RUS,Europe,Eastern Europe,Access to electricity (% of population),EG.ELC.ACCS.ZS,98,98.1,98.2,98.3,98.4,99.3,99.2,100,100,100,95.5,99.4,100,100,99.8,99.9,100,100,100,..
Russian Federation,RUS,Europe,Eastern Europe,External balance on goods and services (% of GDP),NE.RSB.GNFS.ZS,13.69288344,12.72754902,8.621998224,9.236654626,7.44114138,8.075616083,8.075323552,6.663250293,5.403524252,6.420852841,8.047429574,5.190846114,5.305237622,10.00561323,7.638107698,5.07746282,9.418643611,12.65782028,4.151097497,4.325035801
Russian Federation,RUS,Europe,Eastern Europe,GDP per capita (current US$),NY.GDP.PCAP.CD,5323.455078,6920.199707,9101.239258,11635.28418,8562.824219,10674.99023,14305.33203,15401.85156,15941.44824,14055.47266,9277.713867,8663.158203,10658.91309,11211.8877,11447.70117,10108.32715,12425.0293,15619.61426,14159.3877,14889.01855
Russian Federation,RUS,Europe,Eastern Europe,GDP per capita growth (annual %),NY.GDP.PCAP.KD.ZG,6.806607653,8.554941475,8.685765482,5.246210018,-7.827749977,4.453096398,4.176976244,3.762719155,1.453147679,-1.121940417,-2.276211411,-0.0904862,1.613873259,2.716592717,2.142026247,-2.526804317,6.218577409,-1.097171763,4.37751097,4.556260994
Russian Federation,RUS,Europe,Eastern Europe,GDP (current US$),NY.GDP.MKTP.CD,7.64016E+11,9.89932E+11,1.2997E+12,1.66085E+12,1.22265E+12,1.52492E+12,2.04592E+12,2.20829E+12,2.29247E+12,2.05924E+12,1.36348E+12,1.27679E+12,1.5742E+12,1.65733E+12,1.69312E+12,1.49308E+12,1.82919E+12,2.29161E+12,2.07151E+12,2.17384E+12
Rwanda,RWA,Africa,Eastern Africa,"Total reserves (includes gold, current US$)",FI.RES.TOTL.CD,256882287.2,381762789.7,783926885.4,769313046.8,1009885490,806395756,717579235.8,474575026,654377583.5,945126111.2,917998055.1,1013756070,1179065818,1354658758,1464573538,1719668099,1867263804,1725574899,1834050910,2406450702
Rwanda,RWA,Africa,Eastern Africa,Total reserves minus gold (current US$),FI.RES.XGLD.CD,256882287.2,381762789.7,783926885.4,769313046.8,1009885490,806395756,717579235.8,474575026,654377583.5,945126111.2,917998055.1,1013756070,1179065818,1354658758,1464573538,1719668099,1867263804,1725574899,1834050910,2406450702
Rwanda,RWA,Africa,Eastern Africa,GDP growth (annual %),NY.GDP.MKTP.KD.ZG,9.377899167,9.227075768,7.633298191,11.16124732,6.248257506,7.33465645,7.958388698,8.641508158,4.71984857,6.167166152,8.856855597,5.970745254,3.918170936,8.516467226,9.447385186,-3.373687464,10.85843202,8.161207209,8.24990302,8.890655296
Rwanda,RWA,Africa,Eastern Africa,GDP per capita (constant 2015 US$),NY.GDP.PCAP.KD,446.0298099,474.3645998,497.1716225,538.3253724,557.3978052,583.3714168,614.5396505,651.8528191,666.4087892,690.6103954,733.9986304,759.6062887,771.069238,817.5784379,874.6396595,826.3913083,896.2710342,948.4136876,1004.332167,1070.450038
Rwanda,RWA,Africa,Eastern Africa,GDP (constant 2015 US$),NY.GDP.MKTP.KD,4038589403,4411233107,4747955684,5277886761,5607662717,6018965512,6497978183,7059501498,7392699278,7848619326,8543760206,9053886363,9408633107,10209916262,11174486378,10797494132,11969932692,12946823702,14014924102,15260942693
Rwanda,RWA,Africa,Eastern Africa,Current account balance (% of GDP),BN.CAB.XOKA.GD.ZS,..,..,..,..,..,-6.516870143,-6.928344167,-9.680458427,-7.482203319,-11.343893,-12.68377693,-15.30512623,-9.460481766,-10.11425109,-11.8932238,-12.06481283,-10.91465388,-9.360313165,-11.53888099,..
Rwanda,RWA,Africa,Eastern Africa,Access to electricity (% of population),EG.ELC.ACCS.ZS,4.8,11.4,12.8,6,15.6,9.7,10.8,17.5,15.2,19.8,22.8,29.4,34.1,38,46.6,45.2,48.7,50.6,63.9,..
Rwanda,RWA,Africa,Eastern Africa,External balance on goods and services (% of GDP),NE.RSB.GNFS.ZS,-12.84056875,-11.45460388,-8.635325432,-15.05900104,-16.07066238,-15.79334963,-14.39836133,-16.55230669,-15.70842082,-16.16541053,-18.73840194,-18.64130079,-12.61850566,-13.5681044,-14.32477579,-16.53606788,-15.28884246,-16.18895647,-14.8954427,-8.310252684
Rwanda,RWA,Africa,Eastern Africa,GDP per capita (current US$),NY.GDP.PCAP.CD,324.0168638,356.9950229,426.2341835,528.3263918,564.0390958,593.6249277,651.133678,706.8172687,704.924218,724.9575261,733.9986304,729.519134,758.3009667,771.7735111,810.0514121,778.7014988,829.5448456,975.469324,1027.034468,999.6545614
Rwanda,RWA,Africa,Eastern Africa,GDP per capita growth (annual %),NY.GDP.PCAP.KD.ZG,6.506697423,6.352667291,4.807909927,8.277574202,3.542919168,4.659797964,5.342776973,6.071726785,2.233014831,3.631645706,6.282592219,3.488788293,1.509064569,6.031779965,6.979296301,-5.516369026,8.456009305,5.817732742,5.896000904,6.583267311
Rwanda,RWA,Africa,Eastern Africa,GDP (current US$),NY.GDP.MKTP.CD,2933819766,3319784539,4070507895,5179854065,5674476969,6124756654,6884913658,7654761045,7819964024,8238966120,8543760206,8695272061,9252833894,9637904519,10349300277,10174386855,11078787095,13316161006,14331722700,14251642231
Samoa,WSM,Oceania,Polynesia,"Total reserves (includes gold, current US$)",FI.RES.TOTL.CD,77256900.75,75906873.47,90264699.1,81946109.98,144476857.5,173039792.8,128020438.7,128350848.6,128930588.6,101674433.3,112244941,88868313.16,123656063,162559147.9,177244065.9,277056415.2,294681800.1,321163283.7,447089817.1,507740280.9
Samoa,WSM,Oceania,Polynesia,Total reserves minus gold (current US$),FI.RES.XGLD.CD,77256900.75,75906873.47,90264699.1,81946109.98,144476857.5,173039792.8,128020438.7,128350848.6,128930588.6,101674433.3,112244941,88868313.16,123656063,162559147.9,177244065.9,277056415.2,294681800.1,321163283.7,447089817.1,507740280.9
Samoa,WSM,Oceania,Polynesia,GDP growth (annual %),NY.GDP.MKTP.KD.ZG,6.639203613,2.132127147,0.48598255,3.556104674,-0.541677602,6.124719923,3.849077947,-3.732130209,0.107293276,0.659923769,3.850361817,7.983862878,1.4062824,-0.609647103,4.451858917,-3.108444011,-7.078830943,-5.3062909,9.20864924,9.422350442
Samoa,WSM,Oceania,Polynesia,GDP per capita (constant 2015 US$),NY.GDP.PCAP.KD,3755.782428,3820.922395,3818.255038,3925.874333,3875.942917,4081.15536,4201.456637,4007.910928,3976.392893,3967.237305,4084.360838,4373.237924,4393.373163,4321.005183,4466.080755,4283.072803,3945.719489,3710.624627,4026.100943,4378.053937
Samoa,WSM,Oceania,Polynesia,GDP (constant 2015 US$),NY.GDP.MKTP.KD,702248686.9,717221521.8,720707093.2,746336191.8,742293455.8,787756851,818078226.2,787546481.6,788391466,793594248.7,824150498.7,889949544.4,902464748.2,896962898,936894420.7,907771582.2,843511966.6,798752767.9,872307108.5,954498941.2
Samoa,WSM,Oceania,Polynesia,Current account balance (% of GDP),BN.CAB.XOKA.GD.ZS,-9.969351298,-15.33831441,-7.977733448,-8.458196413,-1.784176142,-9.048698842,-10.91868498,-0.996591961,-5.607107031,-5.831833113,-1.542157717,-4.554023574,-1.070275545,2.689085139,3.732236505,-8.715821982,-13.56118903,-8.888852419,4.282363193,7.380468916
Samoa,WSM,Oceania,Polynesia,Access to electricity (% of population),EG.ELC.ACCS.ZS,91.1,96.4,92.5,98.1,97.9,96.4,96.7,96.8,97,97.9,98.2,98.9,96.8,99.8,99.2,100,98.3,98.3,100,..
Samoa,WSM,Oceania,Polynesia,External balance on goods and services (% of GDP),NE.RSB.GNFS.ZS,-19.1536343,-23.24165431,-24.78097406,-18.1615966,-19.98585855,-23.13894671,-24.8141109,-30.24459942,-21.67644449,-25.3162567,-20.35246155,-17.65577683,-14.68652982,-15.00361202,-13.2644193,-19.09168026,-37.51750556,-40.45041509,-33.14988138,-24.50064532
Samoa,WSM,Oceania,Polynesia,GDP per capita (current US$),NY.GDP.PCAP.CD,2550.042214,2663.291359,3038.619041,3373.606399,3279.182695,3524.247925,3821.506783,3934.603208,4023.525401,3982.680802,4084.360838,4147.070977,4307.59382,4231.814095,4351.942349,4099.660091,3947.645179,3869.466395,4330.178405,4898.771408
Samoa,WSM,Oceania,Polynesia,GDP per capita growth (annual %),NY.GDP.PCAP.KD.ZG,6.223432884,1.73439137,-0.06980923,2.818546532,-1.271854672,5.294516646,2.947725999,-4.606633499,-0.786395615,-0.230248575,2.952269413,7.072761141,0.460419454,-1.647207656,3.357449603,-4.09773046,-7.876431948,-5.95822542,8.501973313,8.74178266
Samoa,WSM,Oceania,Polynesia,GDP (current US$),NY.GDP.MKTP.CD,476801793.2,499923757.8,573548459.8,641346191.7,628006115.4,680260907.2,744097050.2,773141661.2,797736334.3,796683519.6,824150498.7,843924796.7,884844384.5,878448433.4,912950466.1,868898358.3,843923638.7,832945205.6,938189443.8,1068025244
San Marino,SMR,Europe,Southern Europe,"Total reserves (includes gold, current US$)",FI.RES.TOTL.CD,347709671.7,479069768.4,647733471.5,706793198.1,790271922.1,449159685.7,341857697.2,384949652.8,539285341.2,392044349.6,378976114,450983493.5,359153967.4,338919975,473069834.5,781674169.9,954382643.4,716066334.1,836088074.1,758942003.4
San Marino,SMR,Europe,Southern Europe,Total reserves minus gold (current US$),FI.RES.XGLD.CD,347709671.7,479069768.4,647733471.5,706793198.1,790271922.1,449159685.7,341857697.2,384949652.8,539285341.2,392044349.6,378976114,450983493.5,359153967.4,338919975,473069834.5,781674169.9,954382643.4,716066334.1,836088074.1,758942003.4
San Marino,SMR,Europe,Southern Europe,GDP growth (annual %),NY.GDP.MKTP.KD.ZG,2.42510699,3.830083565,7.109322602,-0.500939261,-10.32095658,-5.473684211,-8.314773571,-7.044534413,-0.783972125,-0.7023705,2.291505561,2.344405861,0.258265466,1.493905318,2.065685147,-6.647910818,13.89778951,7.898441458,..,..
San Marino,SMR,Europe,Southern Europe,GDP per capita (constant 2015 US$),NY.GDP.PCAP.KD,59049.57745,60604.35089,62776.94616,61572.74357,52873.26819,49672.69778,46450.02517,42082.55545,42293.48707,42492.85092,43146.82404,43886.21469,43057.77848,42818.69627,43525.42257,40506.85211,46834.13951,51277.3461,..,..
San Marino,SMR,Europe,Southern Europe,GDP (constant 2015 US$),NY.GDP.MKTP.KD,1761803193,1829281727,1959331267,1949516207,1748307486,1652610655,1515199821,1408461048,1397419106,1387604047,1419401071,1452677592,1456429357,1478187033,1508721723,1408423248,1604162946,1730866818,..,..
San Marino,SMR,Europe,Southern Europe,Current account balance (% of GDP),BN.CAB.XOKA.GD.ZS,..,..,..,..,..,..,..,..,..,..,..,..,-0.391282696,-1.887275288,2.034466297,2.782359697,5.3960317,15.51870245,..,..
San Marino,SMR,Europe,Southern Europe,Access to electricity (% of population),EG.ELC.ACCS.ZS,100,100,100,100,100,100,100,100,100,100,100,100,100,100,100,100,100,100,100,..
San Marino,SMR,Europe,Southern Europe,External balance on goods and services (% of GDP),NE.RSB.GNFS.ZS,..,..,..,..,..,..,..,..,..,..,27.54134849,25.99024938,23.7070389,23.7070389,20.72970025,24.05422126,26.15838908,24.38863083,..,..
San Marino,SMR,Europe,Southern Europe,GDP per capita (current US$),NY.GDP.PCAP.CD,59877.80058,63270.77808,70124.46344,75902.13205,62428.99433,56543.18982,55601.39297,47945.89917,50807.82891,51260.49383,43146.82404,44359.47977,45192.02798,47950.68806,46627.01224,44426.64634,54168.98283,54264.5705,..,..
San Marino,SMR,Europe,Southern Europe,GDP per capita growth (annual %),NY.GDP.PCAP.KD.ZG,1.124023884,2.632996729,3.584883324,-1.918224221,-14.1287766,-6.053286508,-6.487814736,-9.402513148,0.501232921,0.471381911,1.539019184,1.713661811,-1.887691199,-0.555259041,1.650508688,-6.935189321,15.62028907,9.487110556,..,..
San Marino,SMR,Europe,Southern Europe,GDP (current US$),NY.GDP.MKTP.CD,1786514058,1909765165,2188654628,2403213305,2064277126,1881191925,1813717439,1604701299,1678741475,1673911426,1419401071,1468343140,1528620346,1655353653,1616232125,1544714493,1855396000,1831700577,..,..
Sao Tome and Principe,STP,Africa,Middle Africa,"Total reserves (includes gold, current US$)",FI.RES.TOTL.CD,26702730.98,34181487.47,39331621.05,61292170.22,66659123.45,48170349.07,52125217.79,51587491.14,63787766.58,63523954.98,72864704.99,63203006.42,58950229.5,43683545.12,47148376.74,75287733.68,75017386.46,64476467.04,46247347.89,..
Sao Tome and Principe,STP,Africa,Middle Africa,Total reserves minus gold (current US$),FI.RES.XGLD.CD,26702730.98,34181487.47,39331621.05,61292170.22,66659123.45,48170349.07,52125217.79,51587491.14,63787766.58,63523954.98,72864704.99,63203006.42,58950229.5,43683545.12,47148376.74,75287733.68,75017386.46,64476467.04,46247347.89,..
Sao Tome and Principe,STP,Africa,Middle Africa,GDP growth (annual %),NY.GDP.MKTP.KD.ZG,6.61462475,8.866109359,3.641471852,6.22878507,3.302399666,1.448455229,1.999432103,2.942942774,5.119677354,4.906210487,1.539704283,5.176824687,4.112979663,4.378128083,2.014316721,2.624859495,1.899298913,0.168698492,0.372252775,0.900000599
Sao Tome and Principe,STP,Africa,Middle Africa,GDP per capita (constant 2015 US$),NY.GDP.PCAP.KD,1089.147788,1157.086145,1170.516125,1214.141147,1225.605419,1216.350252,1214.961303,1225.694526,1263.70424,1301.321464,1298.109466,1342.533808,1375.594033,1413.843486,1420.660083,1430.841193,1428.286761,1403.233567,1380.601694,1365.436976
Sao Tome and Principe,STP,Africa,Middle Africa,GDP (constant 2015 US$),NY.GDP.MKTP.KD,176048759.3,191657434.8,198636586.4,211009232.4,217977600.6,221134908.5,225556350.9,232194345.2,244081946.5,256057120.6,259999643,273459368.8,284706697,297171520.8,303157496.5,311114954.8,317023957.8,317558772.4,318740893.7,321609563.7
Sao Tome and Principe,STP,Africa,Middle Africa,Current account balance (% of GDP),BN.CAB.XOKA.GD.ZS,-26.52880516,-40.38498063,-43.14337324,-49.73184396,-39.2591791,-46.0873608,-46.70314361,-43.10485177,-30.42994654,-35.45877844,-26.42070097,-21.0403152,-22.71562903,-19.579826,-21.79932059,-12.64674362,-18.16321585,-14.68859557,..,..
Sao Tome and Principe,STP,Africa,Middle Africa,Access to electricity (% of population),EG.ELC.ACCS.ZS,55.8,56.9,58,59.1,56.9,61.4,62.6,57.9,65,68.6,67.3,69.4,74.3,71,75.1,76.8,78.5,78,81.3,..
Sao Tome and Principe,STP,Africa,Middle Africa,External balance on goods and services (% of GDP),NE.RSB.GNFS.ZS,..,..,..,..,..,..,..,..,..,..,..,..,..,..,..,..,..,..,..,..
Sao Tome and Principe,STP,Africa,Middle Africa,GDP per capita (current US$),NY.GDP.PCAP.CD,844.1691819,861.9707077,878.8857919,1081.868458,1128.280462,1045.209582,1219.801891,1210.792647,1382.575784,1489.676334,1298.109466,1434.870181,1555.794778,1825.599718,1935.293182,2167.220018,2362.588272,2389.737298,2940.933529,3244.828997
Sao Tome and Principe,STP,Africa,Middle Africa,GDP per capita growth (annual %),NY.GDP.PCAP.KD.ZG,4.019818214,6.23775372,1.160672449,3.726990306,0.944228915,-0.755150615,-0.114189922,0.883420959,3.101075643,2.976742762,-0.246825905,3.422233863,2.462524591,2.780577149,0.482132361,0.716646434,-0.178526591,-1.754073105,-1.612837194,-1.098413668
Sao Tome and Principe,STP,Africa,Middle Africa,GDP (current US$),NY.GDP.MKTP.CD,136450662.4,142775104.1,149146918.9,188021165,200668065,190021192.5,226455001.2,229371348.2,267041747.6,293119143.2,259999643,292267272.2,322002845.2,383717327.8,412976082.6,471229484.6,524402455.5,540809499.2,678976264.8,764274042.7
Saudi Arabia,SAU,Asia,Western Asia,"Total reserves (includes gold, current US$)",FI.RES.TOTL.CD,1.57387E+11,2.28957E+11,3.09287E+11,4.51279E+11,4.20984E+11,4.59313E+11,5.56571E+11,6.7374E+11,7.37796E+11,7.44441E+11,6.2699E+11,5.47267E+11,5.09457E+11,5.09469E+11,5.14963E+11,4.72851E+11,4.7389E+11,4.78232E+11,4.57949E+11,4.6387E+11
Saudi Arabia,SAU,Asia,Western Asia,Total reserves minus gold (current US$),FI.RES.XGLD.CD,1.55029E+11,2.26035E+11,3.05455E+11,4.42249E+11,4.09694E+11,4.44722E+11,5.40677E+11,6.56464E+11,7.25292E+11,7.3192E+11,6.15985E+11,5.35364E+11,4.9599E+11,4.96156E+11,4.99143E+11,4.53208E+11,4.54984E+11,4.59407E+11,4.36527E+11,4.36769E+11
Saudi Arabia,SAU,Asia,Western Asia,GDP growth (annual %),NY.GDP.MKTP.KD.ZG,5.944896239,3.313484736,2.213653964,6.237987537,-1.066717112,5.039515082,11.75885681,5.761507324,2.945699907,4.024640706,4.655123167,1.704074658,1.182079933,3.22695089,1.651563589,-3.80476473,6.519596983,12.00058748,0.542592439,1.807955151
Saudi Arabia,SAU,Asia,Western Asia,GDP per capita (constant 2015 US$),NY.GDP.PCAP.KD,21838.19153,21616.33558,21196.7926,21629.84057,20577.54534,21830.14243,23314.56514,23643.02861,23057.35629,23404.7306,23256.15496,22783.03896,23035.12,24393.51883,24905.66345,22827.67194,24922.67169,26706.91793,25634.82375,24917.18601
Saudi Arabia,SAU,Asia,Western Asia,GDP (constant 2015 US$),NY.GDP.MKTP.KD,4.48991E+11,4.63868E+11,4.74136E+11,5.03713E+11,4.9834E+11,5.23454E+11,5.85006E+11,6.18711E+11,6.36937E+11,6.62571E+11,6.93414E+11,7.05231E+11,7.13567E+11,7.36594E+11,7.48759E+11,7.2027E+11,7.67229E+11,8.59301E+11,8.63964E+11,8.79584E+11
Saudi Arabia,SAU,Asia,Western Asia,Current account balance (% of GDP),BN.CAB.XOKA.GD.ZS,28.12463924,27.35301434,23.89692064,26.88424343,6.602954038,14.08818149,24.23965054,23.09602974,18.58620204,10.19621689,-7.591465875,-3.547797803,1.635771603,8.229061934,4.325750994,-3.326674789,4.124883849,12.13433143,2.883121029,-0.464627225
Saudi Arabia,SAU,Asia,Western Asia,Access to electricity (% of population),EG.ELC.ACCS.ZS,100,100,100,100,100,100,100,100,100,100,100,99.9,100,99.9,100,100,100,100,100,..
Saudi Arabia,SAU,Asia,Western Asia,External balance on goods and services (% of GDP),NE.RSB.GNFS.ZS,32.14741004,29.71921181,25.01156318,28.12037319,9.318899744,16.58974403,26.18725803,24.49901674,20.49353145,12.19158053,-4.225005999,0.364515912,5.19309664,11.93905586,7.524589466,0.086463827,7.427396465,15.14585502,6.316027426,3.523707549
Saudi Arabia,SAU,Asia,Western Asia,GDP per capita (current US$),NY.GDP.PCAP.CD,15975.74738,17563.61454,18596.15026,22320.4889,17718.39116,22028.39014,27126.74987,28733.43755,27865.4656,27805.48503,23256.15496,22267.72171,23929.29071,29360.0659,29566.79338,24338.83073,31920.76537,38510.22762,36156.84834,35057.22523
Saudi Arabia,SAU,Asia,Western Asia,GDP per capita growth (annual %),NY.GDP.PCAP.KD.ZG,1.356622904,-1.015908105,-1.940860754,2.042988191,-4.865016112,6.087203608,6.799876432,1.408833785,-2.477145912,1.506566098,-0.634810334,-2.034368942,1.106441667,5.897077302,2.09951105,-8.343449763,9.177456927,7.159129057,-4.014293878,-2.799464307
Saudi Arabia,SAU,Asia,Western Asia,GDP (current US$),NY.GDP.MKTP.CD,3.2846E+11,3.769E+11,4.15965E+11,5.19797E+11,4.29098E+11,5.28207E+11,6.80661E+11,7.51921E+11,7.69756E+11,7.87153E+11,6.93414E+11,6.89279E+11,7.41266E+11,8.86565E+11,8.8889E+11,7.67951E+11,9.82661E+11,1.23908E+12,1.21858E+12,1.23753E+12
Senegal,SEN,Africa,Western Africa,"Total reserves (includes gold, current US$)",FI.RES.TOTL.CD,..,..,..,..,..,..,..,..,..,..,..,..,..,..,..,..,..,..,..,..
Senegal,SEN,Africa,Western Africa,Total reserves minus gold (current US$),FI.RES.XGLD.CD,..,..,..,..,..,..,..,..,..,..,..,..,..,..,..,..,..,..,..,..
Senegal,SEN,Africa,Western Africa,GDP growth (annual %),NY.GDP.MKTP.KD.ZG,4.310238526,2.330770983,2.827119201,3.703169064,2.752104485,3.390889253,1.33409108,4.002995551,2.412385276,6.224074438,6.367043651,6.356068572,7.407486186,6.209241034,4.613628097,1.342073773,6.5440011,3.850431937,4.257430833,6.892007403
Senegal,SEN,Africa,Western Africa,GDP per capita (constant 2015 US$),NY.GDP.PCAP.KD,1119.050531,1118.783043,1123.998622,1138.668839,1142.653172,1153.534311,1139.744479,1154.05678,1147.385922,1180.798711,1218.006136,1257.409069,1312.109328,1355.096109,1379.608752,1361.791437,1414.539511,1433.199188,1458.966423,1523.745209
Senegal,SEN,Africa,Western Africa,GDP (constant 2015 US$),NY.GDP.MKTP.KD,12573060905,12866110160,13229850431,13719774159,14097356679,14575382432,14769831309,15361066999,15731635117,16710783797,17774766696,18904543056,20304894471,21565674311,22560634320,22863414676,24359596784,25297546479,26374572022,28192309478
Senegal,SEN,Africa,Western Africa,Current account balance (% of GDP),BN.CAB.XOKA.GD.ZS,-6.141503227,-7.368654316,-9.379070933,-11.22207607,-5.309157411,-3.656508762,-6.445299367,-8.651918547,-8.192272458,-6.802945238,-5.316194754,-4.178756112,-7.269140827,-9.582924256,-8.109496098,-10.85323052,-12.09004823,-19.94855204,-19.78034027,..
Senegal,SEN,Africa,Western Africa,Access to electricity (% of population),EG.ELC.ACCS.ZS,47.1,49.9,48.1,49.7,53.5,56.5,56.5,56.5,57,61,60.5,64.5,61.7,66,70.4,64.3,68,67.9,74.2,..
Senegal,SEN,Africa,Western Africa,External balance on goods and services (% of GDP),NE.RSB.GNFS.ZS,-15.28996843,-15.63206852,-18.1625279,-21.06916729,-13.51955777,-12.49537754,-14.96978083,-17.02655516,-15.92728174,-14.88593549,-12.75594867,-10.98645301,-13.84511355,-15.89165652,-14.26998221,-18.6457659,-20.09678976,-26.2014932,-25.18136127,-15.0857654
Senegal,SEN,Africa,Western Africa,GDP per capita (current US$),NY.GDP.PCAP.CD,979.8461015,1017.201967,1188.938778,1398.79218,1308.694043,1275.883575,1374.675919,1326.837988,1379.831966,1398.891376,1218.006136,1266.439572,1356.805184,1452.556126,1431.181289,1461.087204,1598.10677,1574.028106,1698.033873,1743.988884
Senegal,SEN,Africa,Western Africa,GDP per capita growth (annual %),NY.GDP.PCAP.KD.ZG,1.898549721,-0.023903098,0.466183194,1.305181118,0.349911484,0.952269607,-1.195441883,1.255746464,-0.578035528,2.912079406,3.15103873,3.235035724,4.35023573,3.27615847,1.808922903,-1.291475933,3.873432598,1.31913435,1.79788239,4.440046372
Senegal,SEN,Africa,Western Africa,GDP (current US$),NY.GDP.MKTP.CD,11009033438,11697918243,13994218413,16853989628,16145867495,16121315909,17814283639,17660870412,18918667725,19797253440,17774766696,19040312333,20996562944,23116701556,23403995992,24530513038,27520784130,27783332223,30696331296,32267254425
Serbia,SRB,Europe,Southern Europe,"Total reserves (includes gold, current US$)",FI.RES.TOTL.CD,..,11888907220,14214276005,11477985606,15227935669,13307506858,15583042920,14402950144,15431775006,12051956986,11344953319,10748918413,11906315333,12874374087,14994710381,16586724161,18616661464,20679650166,27569406104,30484164151
Serbia,SRB,Europe,Southern Europe,Total reserves minus gold (current US$),FI.RES.XGLD.CD,..,11647736291,13892608025,11122854350,14769209159,12714642390,14877188595,13584827521,14802872149,11371865035,10727087163,10059613704,11099323878,12032947478,13496363418,14419194291,16431439705,18438006336,24920546115,26445152929
Serbia,SRB,Europe,Southern Europe,GDP growth (annual %),NY.GDP.MKTP.KD.ZG,5.903497983,3.900663855,7.832071663,5.160892773,-3.142610465,1.610972661,0.054272479,-0.443956029,0.451578763,-1.804270248,1.295738512,2.975197792,2.363393787,4.649350355,4.750207939,-0.950023992,7.949056505,2.630986444,3.847471128,3.878012796
Serbia,SRB,Europe,Southern Europe,GDP per capita (constant 2015 US$),NY.GDP.PCAP.KD,4809.138477,5016.412841,5431.27889,5735.947716,5578.01198,5690.703269,5737.001199,5739.307502,5793.336142,5716.540478,5820.321558,6024.95753,6200.260603,6524.079685,6870.757464,6850.966778,7465.675309,7857.403271,8210.554014,8575.547735
Serbia,SRB,Europe,Southern Europe,GDP (constant 2015 US$),NY.GDP.MKTP.KD,35783688498,37179489902,40091414195,42160489092,40835549150,41493398683,41515918179,41331605757,41518250511,40769149069,41297410635,42526090284,43531149260,45555064903,47719025212,47265683024,51022858875,52365263375,54380001765,56488865192
Serbia,SRB,Europe,Southern Europe,Current account balance (% of GDP),BN.CAB.XOKA.GD.ZS,..,..,-16.76172941,-19.43392641,-5.961840933,-6.183858473,-9.928026019,-10.479435,-5.537886979,-5.364396583,-3.317819603,-2.818257101,-5.052399483,-4.658472868,-6.563315261,-3.895860019,-4.012083943,-6.672400654,-2.393683308,-4.840238066
Serbia,SRB,Europe,Southern Europe,Access to electricity (% of population),EG.ELC.ACCS.ZS,99.7,99.6,99.6,99.6,99.6,99.7,99.7,99.8,99.9,99.7,99.9,99.9,100,100,99.8,100,100,100,100,..
Serbia,SRB,Europe,Southern Europe,External balance on goods and services (% of GDP),NE.RSB.GNFS.ZS,-16.78433934,-17.59570417,-20.21787423,-20.97442483,-12.81257547,-11.73240926,-12.30220763,-13.22753302,-7.877712052,-7.735167568,-6.757903816,-4.783353166,-6.475535084,-8.223292546,-9.655318234,-8.114285623,-7.661497282,-10.43888531,-4.342916482,-6.075855385
Serbia,SRB,Europe,Southern Europe,GDP per capita (current US$),NY.GDP.PCAP.CD,3807.974173,4492.71367,6081.087657,7376.735179,6414.044846,5970.926609,7082.286167,6263.040861,7040.418121,6886.678091,5820.321558,5982.370301,6548.036538,7559.861657,7755.632986,8098.709557,9680.527981,10022.96885,12281.50585,13523.72468
Serbia,SRB,Europe,Southern Europe,GDP per capita growth (annual %),NY.GDP.PCAP.KD.ZG,6.222143477,4.310010295,8.270173569,5.609522775,-2.753437507,2.02027693,0.813571318,0.040200497,0.941379085,-1.32558619,1.815452538,3.515887747,2.909615087,5.222668883,5.313818892,-0.288042265,8.972580823,5.247053291,4.494496847,4.445421353
Serbia,SRB,Europe,Southern Europe,GDP (current US$),NY.GDP.MKTP.CD,28334256181,33298057362,44888028946,54220641202,46955984410,43536629233,51251098408,45103269969,50455529604,49114321280,41297410635,42225495910,45972834714,52787520249,53864693665,55874017669,66159884073,66797564758,81342660752,89083506277
Seychelles,SYC,Africa,Eastern Africa,"Total reserves (includes gold, current US$)",FI.RES.TOTL.CD,56244154.3,112923278.4,40768609.4,63833877.52,190546677.6,255584702.6,279115074,308093541.2,425902438.9,465010215.6,536145674.4,523503786.9,545203276.4,549521831.7,580545515.1,559681941.8,702584737.7,638960849.8,682793969.3,773677575.7
Seychelles,SYC,Africa,Eastern Africa,Total reserves minus gold (current US$),FI.RES.XGLD.CD,56244154.3,112923278.4,40768609.4,63833877.52,190546677.6,255584702.6,279115074,308093541.2,425902438.9,465010215.6,536145674.4,523503786.9,545203276.4,549521831.7,580545515.1,559681941.8,702584737.7,638960849.8,682793969.3,773677575.7
Seychelles,SYC,Africa,Eastern Africa,GDP growth (annual %),NY.GDP.MKTP.KD.ZG,9.005761737,9.406128557,8.876066456,-2.725946262,-2.479375947,4.505132043,9.509783352,3.110678494,1.253734962,4.063691812,8.914008875,12.11752725,6.954162188,4.939472723,5.514292074,-11.73986083,0.552281631,12.71046889,2.259253223,3.465680664
Seychelles,SYC,Africa,Eastern Africa,GDP per capita (constant 2015 US$),NY.GDP.PCAP.KD,11297.31182,12105.44753,13112.82101,12473.29218,12116.37837,12313.55669,13843.71161,14135.00106,14050.31356,14395.61581,15333.10517,16962.6754,17921.5732,18628.18623,19481.64611,17048.36173,17005.04221,15869.67388,16242.43659,16586.4075
Seychelles,SYC,Africa,Eastern Africa,GDP (constant 2015 US$),NY.GDP.MKTP.KD,936072662.7,1024120861,1115022509,1084627595,1057735599,1105387984,1210507987,1248162998,1263811654,1315169065,1432403352,1605975219,1717657340,1802500556,1901895701,1678615793,1687886479,1902424765,1945405358,2012826895
Seychelles,SYC,Africa,Eastern Africa,Current account balance (% of GDP),BN.CAB.XOKA.GD.ZS,-17.80034255,-12.36935817,-18.00861541,-26.84236616,-22.26600456,-21.84052529,-28.45213639,-14.80742704,-11.89724281,-22.37018569,-17.88471889,-2.613847777,-2.203680653,-2.341333697,-2.84238749,-12.53018833,-10.76995764,-7.018019179,-7.09498189,..
Seychelles,SYC,Africa,Eastern Africa,Access to electricity (% of population),EG.ELC.ACCS.ZS,95.5,99,96.1,96.5,96.8,97,98.1,98.3,98,100,100,100,100,100,100,100,100,100,100,..
Seychelles,SYC,Africa,Eastern Africa,External balance on goods and services (% of GDP),NE.RSB.GNFS.ZS,-16.88666575,-11.40485827,-1.241010147,-12.57214773,-11.16000819,-15.42879032,-14.15386899,-16.08380105,-7.111669906,-14.99297111,-7.305755947,-10.16567358,-9.623091845,-11.61872839,-8.695309637,-20.38995253,-23.24307207,-9.583628811,-14.01052408,-18.03251295
Seychelles,SYC,Africa,Eastern Africa,GDP per capita (current US$),NY.GDP.PCAP.CD,11802.11183,12782.99389,12669.30267,11265.43763,9747.091805,10934.79495,12110.09375,12337.15547,14821.29215,15188.19022,15333.10517,16566.9946,17480.36519,18440.23405,19141.51187,14041.47541,14982.91115,16836.67219,18262.71158,17858.82264
Seychelles,SYC,Africa,Eastern Africa,GDP per capita growth (annual %),NY.GDP.PCAP.KD.ZG,8.501897213,7.153345154,8.321654207,-4.87712623,-2.861424258,1.627370136,12.42658766,2.104128265,-0.599133305,2.457612439,6.51232551,10.62779004,5.652986796,3.94280693,4.581551136,-12.49013745,-0.254097866,-6.676656925,2.348899651,2.117729701
Seychelles,SYC,Africa,Eastern Africa,GDP (current US$),NY.GDP.MKTP.CD,977899381.8,1081441283,1077308814,979597394.3,850901620.4,981616542.3,1058918707,1089407839,1333160407,1387577870,1432403352,1568513348,1675370641,1784313927,1868690097,1382551752,1487173795,2018346589,2187379755,2167239562
Sierra Leone,SLE,Africa,Western Africa,"Total reserves (includes gold, current US$)",FI.RES.TOTL.CD,170505508.4,183927216.1,216555180.8,220167661.3,404964508.6,408971756.3,439130952.9,477987067.7,532538016.7,600784544.1,579013520.6,497242646.7,549121050.9,501210759.6,530137881.5,707703898.1,945907747.2,624496474.6,495698793.8,433270129.1
Sierra Leone,SLE,Africa,Western Africa,Total reserves minus gold (current US$),FI.RES.XGLD.CD,170505508.4,183927216.1,216555180.8,220167661.3,404964508.6,408971756.3,439130952.9,477987067.7,532538016.7,600784544.1,579013520.6,497242646.7,549121050.9,501210759.6,530137881.5,707703898.1,945907747.2,624496474.6,495698793.8,433270129.1
Sierra Leone,SLE,Africa,Western Africa,GDP growth (annual %),NY.GDP.MKTP.KD.ZG,4.353499894,4.2831105,3.749758048,3.686059699,1.53080324,6.355665958,8.100655187,10.57833166,14.66332381,-7.815015125,-4.363332621,6.437436528,3.207860877,2.893856412,5.502709374,-1.253349032,5.896852705,5.313554614,5.710021898,4.000000026
Sierra Leone,SLE,Africa,Western Africa,GDP per capita (constant 2015 US$),NY.GDP.PCAP.KD,842.9060319,859.8242607,872.6883623,882.5414782,872.2395935,902.7698914,950.7607631,1025.04366,1146.819735,1032.237894,964.5759809,1002.778623,1010.546941,1015.66783,1046.967781,1010.252946,1045.766162,1077.088845,1113.868375,1134.092534
Sierra Leone,SLE,Africa,Western Africa,GDP (constant 2015 US$),NY.GDP.MKTP.KD,4637426231,4836052320,5017392581,5202336667,5281974206,5617678842,6072747635,6715143020,7699806186,7098065168,6788352975,7225348889,7457128029,7672926607,8095145458,7993685031,8465060863,8914856495,9423896753,9800852626
Sierra Leone,SLE,Africa,Western Africa,Current account balance (% of GDP),BN.CAB.XOKA.GD.ZS,-4.122851336,-2.911393728,-4.407806186,-5.422081225,-8.270970975,-13.73033672,-39.35933863,-19.7049575,-9.824320657,-6.150417084,-14.77645692,-4.83009013,-11.81974478,-9.255045564,-7.784898068,-5.832414588,-7.288266298,-6.345657443,-9.456931113,..
Sierra Leone,SLE,Africa,Western Africa,Access to electricity (% of population),EG.ELC.ACCS.ZS,11.3,12.2,13,12.1,14.6,11.5,14.2,17.2,13.5,18.8,19.7,20.3,23.4,26.1,22.7,26.3,27.5,29.4,35.5,..
Sierra Leone,SLE,Africa,Western Africa,External balance on goods and services (% of GDP),NE.RSB.GNFS.ZS,-11.89562072,-3.066813938,-3.711383941,-5.729636209,-7.058102723,-8.169506292,-24.59351337,-12.19767804,-15.48554669,-10.68999585,-15.51248182,-14.84271394,-13.8200884,-14.89980841,-18.16641439,-10.82313098,-11.03830667,-11.48786875,-12.82010868,-22.59812659
Sierra Leone,SLE,Africa,Western Africa,GDP per capita (current US$),NY.GDP.PCAP.CD,462.6333244,580.2679697,631.8899263,705.3590141,652.8458068,685.0396735,761.1463656,937.5044282,1117.471831,1117.758647,964.5759809,844.4164112,779.1860078,845.9145405,844.0495552,845.9829143,886.1929391,860.7745909,757.8486806,873.3885752
Sierra Leone,SLE,Africa,Western Africa,GDP per capita growth (annual %),NY.GDP.PCAP.KD.ZG,1.584345635,2.007131065,1.496131503,1.129053194,-1.167297505,3.500219219,5.315958374,7.812995643,11.8800866,-9.991268684,-6.554875876,3.960563262,0.774679248,0.506744299,3.081711377,-3.506777889,3.515279571,2.99519003,3.414716416,1.815668627
Sierra Leone,SLE,Africa,Western Africa,GDP (current US$),NY.GDP.MKTP.CD,2545275313,3263697467,3632957611,4157895298,3953403098,4262805967,4861632885,6141666509,7502762863,7686138791,6788352975,6084297211,5749846528,6390514689,6526183564,6693888876,7173379137,7124465160,6411787856,7547843281
Singapore,SGP,Asia,South-Eastern Asia,"Total reserves (includes gold, current US$)",FI.RES.TOTL.CD,1.18061E+11,1.38653E+11,1.66161E+11,1.77543E+11,1.92046E+11,2.3126E+11,2.43798E+11,2.6591E+11,2.77798E+11,2.61583E+11,2.51876E+11,2.51058E+11,2.85E+11,2.92716E+11,2.85478E+11,3.69834E+11,4.25098E+11,2.96629E+11,3.59835E+11,3.83946E+11
Singapore,SGP,Asia,South-Eastern Asia,Total reserves minus gold (current US$),FI.RES.XGLD.CD,1.1596E+11,1.36049E+11,1.62746E+11,1.73981E+11,1.87592E+11,2.25503E+11,2.37527E+11,2.59094E+11,2.72864E+11,2.56643E+11,2.47534E+11,2.46365E+11,2.7969E+11,2.87466E+11,2.7924E+11,3.62088E+11,4.16101E+11,2.8767E+11,3.44581E+11,3.65494E+11
Singapore,SGP,Asia,South-Eastern Asia,GDP growth (annual %),NY.GDP.MKTP.KD.ZG,7.366322393,9.006766079,9.021519513,1.863483455,0.127953383,14.51974971,6.214934169,4.435497594,4.817630991,3.935540277,2.976799316,3.747578488,4.476899158,3.451975966,1.308041182,-3.814708855,9.756804463,4.108000219,1.821406941,4.388023625
Singapore,SGP,Asia,South-Eastern Asia,GDP per capita (constant 2015 US$),NY.GDP.PCAP.KD,41798.48808,44159.41018,46178.81395,44601.57993,43331.87466,48752.05154,50713.53264,51679.35272,53298.97286,54681.93365,55645.60686,56986.78531,59485.30159,61250.34767,61345.52918,59189.70386,67731.26107,68218.80533,66167.35963,67706.83361
Singapore,SGP,Asia,South-Eastern Asia,GDP (constant 2015 US$),NY.GDP.MKTP.KD,1.78302E+11,1.94362E+11,2.11896E+11,2.15845E+11,2.16121E+11,2.47501E+11,2.62883E+11,2.74543E+11,2.8777E+11,2.99095E+11,3.07999E+11,3.19541E+11,3.33847E+11,3.45371E+11,3.49888E+11,3.36541E+11,3.69377E+11,3.84551E+11,3.91555E+11,4.08737E+11
Singapore,SGP,Asia,South-Eastern Asia,Current account balance (% of GDP),BN.CAB.XOKA.GD.ZS,23.2604773,26.89338135,27.14333253,15.08343562,16.39306329,22.93334722,22.21845183,17.6432739,15.70718759,17.95021355,18.69302229,18.00580722,18.60353979,15.69251251,15.38420388,17.50100265,19.79775935,18.42186895,17.68823351,17.54065297
Singapore,SGP,Asia,South-Eastern Asia,Access to electricity (% of population),EG.ELC.ACCS.ZS,100,100,100,100,100,100,100,100,100,100,100,100,100,100,100,100,100,100,100,..
Singapore,SGP,Asia,South-Eastern Asia,External balance on goods and services (% of GDP),NE.RSB.GNFS.ZS,29.88882255,30.71183458,31.27031554,20.66082698,23.49705819,26.3123658,27.55678592,24.22625996,23.11381263,23.43975241,27.29781806,26.26167244,26.68884173,29.79991559,29.38761487,31.52324358,36.26022947,39.87901382,37.42942076,35.18114569
Singapore,SGP,Asia,South-Eastern Asia,GDP per capita (current US$),NY.GDP.PCAP.CD,29961.31728,33768.45282,39432.88602,40008.57205,38926.80544,47236.68308,53891.45703,55547.55531,56967.42579,57564.80231,55645.60686,57005.58872,61236.25127,66881.6067,65952.0379,61410.07926,80056.12882,90299.06946,85412.23035,90674.06663
Singapore,SGP,Asia,South-Eastern Asia,GDP per capita growth (annual %),NY.GDP.PCAP.KD.ZG,4.872093269,5.648343294,4.572986271,-3.415492694,-2.846771949,12.50852155,4.023381649,1.904462237,3.133979149,2.594723155,1.762324686,2.410214435,4.384378349,2.967196993,0.155397509,-3.514233805,14.43081593,0.719821623,-3.007155715,2.326636567
Singapore,SGP,Asia,South-Eastern Asia,GDP (current US$),NY.GDP.MKTP.CD,1.27808E+11,1.48627E+11,1.80942E+11,1.93617E+11,1.9415E+11,2.39808E+11,2.79356E+11,2.95093E+11,3.07576E+11,3.14864E+11,3.07999E+11,3.19646E+11,3.43673E+11,3.77124E+11,3.76162E+11,3.49166E+11,4.36591E+11,5.09018E+11,5.0544E+11,5.47387E+11
Sint Maarten (Dutch part),SXM,Americas,Caribbean,"Total reserves (includes gold, current US$)",FI.RES.TOTL.CD,..,..,..,..,..,..,..,..,..,..,..,..,..,..,..,..,..,..,..,..
Sint Maarten (Dutch part),SXM,Americas,Caribbean,Total reserves minus gold (current US$),FI.RES.XGLD.CD,..,..,..,..,..,..,..,..,..,..,..,..,..,..,..,..,..,..,..,..
Sint Maarten (Dutch part),SXM,Americas,Caribbean,GDP growth (annual %),NY.GDP.MKTP.KD.ZG,..,..,..,..,..,3.199992692,4.600003414,1.390544568,1.306731035,1.580382215,0.10581315,0.967758363,-7.535213999,-6.856982992,10.96500094,-13.31678872,4.577596779,9.800001111,3.8,3.5
Sint Maarten (Dutch part),SXM,Americas,Caribbean,GDP per capita (constant 2015 US$),NY.GDP.PCAP.KD,..,..,..,..,37548.94746,38403.07052,39615.13714,39298.98736,38889.77151,38623.19994,37839.62838,37428.70276,33945.41852,31047.72411,33877.97665,28920.3773,29834.63501,32316.87215,33066.24953,33749.09619
Sint Maarten (Dutch part),SXM,Americas,Caribbean,GDP (constant 2015 US$),NY.GDP.MKTP.KD,..,..,..,..,1257551799,1297793365,1357491904,1376368434,1394353868,1416389988,1417888715,1431610452,1323735541,1232967220,1368162087,1185966832,1240255612,1361800676,1413549101,1463023320
Sint Maarten (Dutch part),SXM,Americas,Caribbean,Current account balance (% of GDP),BN.CAB.XOKA.GD.ZS,..,..,..,..,..,..,-0.482155646,9.395704652,0.422119061,-8.1361394,1.284859446,-1.862696922,3.481146767,5.930152723,-11.72251514,-23.49172182,-23.01895553,-3.707252327,-7.168848291,..
Sint Maarten (Dutch part),SXM,Americas,Caribbean,Access to electricity (% of population),EG.ELC.ACCS.ZS,99.7,99.7,99.7,99.7,99.7,100,100,100,100,100,100,100,100,100,100,100,100,100,100,..
Sint Maarten (Dutch part),SXM,Americas,Caribbean,External balance on goods and services (% of GDP),NE.RSB.GNFS.ZS,..,..,..,..,..,..,..,..,..,..,..,..,..,..,..,..,..,..,..,..
Sint Maarten (Dutch part),SXM,Americas,Caribbean,GDP per capita (current US$),NY.GDP.PCAP.CD,..,..,..,..,25528.41262,26403.81437,27317.51789,28149.09979,28529.73247,37134.91242,37839.62838,37308.61478,34701.30585,31708.31101,34861.46953,30150.89984,32548.43669,36476.63008,38077.54449,40027.9176
Sint Maarten (Dutch part),SXM,Americas,Caribbean,GDP per capita growth (annual %),NY.GDP.PCAP.KD.ZG,..,..,..,..,..,2.274692409,3.156171109,-0.798052974,-1.041288531,-0.68545419,-2.028758778,-1.085966336,-9.30645195,-8.536334326,9.115813226,-14.63369373,3.161292457,8.319984959,2.318842546,2.065086505
Sint Maarten (Dutch part),SXM,Americas,Caribbean,GDP (current US$),NY.GDP.MKTP.CD,..,..,..,..,854972067,892290502.8,936089385.5,985865921.8,1022905028,1361811508,1417888715,1427017207,1353212123,1259200447,1407880447,1236428101,1353071061,1537088715,1627776949,1735210228
Slovak Republic,SVK,Europe,Eastern Europe,"Total reserves (includes gold, current US$)",FI.RES.TOTL.CD,15479863359,13364307419,18973379149,18836137093,1803647039,2155733869,2417985583,2519014758,2152916325,2620751838,2892029440,2879889590,3620878541,5229297355,7168770088,9343714002,9609533729,10280260081,11288019854,14451734758
Slovak Republic,SVK,Europe,Eastern Europe,Total reserves minus gold (current US$),FI.RES.XGLD.CD,14900686359,12646602119,18032075399,17854189343,692222039.1,719312869.5,853303582.9,818406758,921917324.5,1391837838,1811889440,1712217490,2299745041,3923296005,5616833088,7416683102,7754851829,8433475431,9186434254,11793061858
Slovak Republic,SVK,Europe,Eastern Europe,GDP growth (annual %),NY.GDP.MKTP.KD.ZG,6.484932223,8.925687048,10.81862951,5.363377212,-5.50533791,6.790581591,2.562424732,1.569171047,0.703323545,2.707951514,5.176879097,1.947818415,2.874733275,4.062119819,2.2758991,-2.585512417,5.699592633,0.437359509,2.168149116,2.061677718
Slovak Republic,SVK,Europe,Eastern Europe,GDP per capita (constant 2015 US$),NY.GDP.PCAP.KD,11412.15936,12430.20155,13770.96027,14497.11144,13680.75371,14596.14778,14950.87352,15159.65704,15249.88245,15647.64918,16442.07609,16740.7414,17195.28887,17869.01492,18250.98025,17763.85638,18816.23938,18952.44529,19381.24607,19797.86568
Slovak Republic,SVK,Europe,Eastern Europe,GDP (constant 2015 US$),NY.GDP.MKTP.KD,61315329711,66788144153,74013706024,77983340267,73690093872,78694079821,80710556385,81977043068,82553606913,84789118562,89178548717,90915584912,93529165483,97328432250,99543529164,96969818857,1.02497E+11,1.02945E+11,1.05177E+11,1.07345E+11
Slovak Republic,SVK,Europe,Eastern Europe,Current account balance (% of GDP),BN.CAB.XOKA.GD.ZS,-8.193977318,-7.706505078,-5.350609341,-6.218778428,-3.381055083,-4.620304452,-4.923767706,0.938943104,2.910511442,1.776208209,-2.051038164,-1.417425834,-1.718076927,-1.592623753,-3.512591749,-0.437071239,-4.790862786,-9.601363802,-0.873119207,-2.747206349
Slovak Republic,SVK,Europe,Eastern Europe,Access to electricity (% of population),EG.ELC.ACCS.ZS,99.9,99.9,100,100,100,100,100,100,100,100,100,100,100,100,100,100,100,100,100,..
Slovak Republic,SVK,Europe,Eastern Europe,External balance on goods and services (% of GDP),NE.RSB.GNFS.ZS,-3.445179774,-2.4315064,0.174459947,-2.055538161,-0.522239113,-0.946333509,0.088027937,4.848767165,4.854907992,4.123701874,1.961676343,1.865994423,1.260146348,1.120700596,-0.034435607,1.062513577,-0.455675313,-5.948749931,1.521714952,0.201574808
Slovak Republic,SVK,Europe,Eastern Europe,GDP per capita (current US$),NY.GDP.PCAP.CD,11641.54103,13167.89547,16110.48173,18744.31923,16586.75278,16899.44868,18469.43543,17516.96911,18312.78051,18770.92899,16442.07609,16636.07691,17645.52987,19573.3717,19406.05897,19735.48583,22132.4483,21334.6011,24673.5483,26147.90284
Slovak Republic,SVK,Europe,Eastern Europe,GDP per capita growth (annual %),NY.GDP.PCAP.KD.ZG,6.474487485,8.92067972,10.78629912,5.273061263,-5.631175103,6.691108446,2.430269586,1.396463718,0.59516788,2.608326499,5.076972909,1.8164696,2.715217096,3.918085065,2.137584707,-2.669028492,5.924293529,0.723874225,2.262509038,2.149601737
Slovak Republic,SVK,Europe,Eastern Europe,GDP (current US$),NY.GDP.MKTP.CD,62547753148,70751813443,86587749518,1.0083E+11,89342984698,91112160801,99705104723,94724394278,99134277850,1.01713E+11,89178548717,90347173229,95978130735,1.06612E+11,1.05843E+11,1.07733E+11,1.20561E+11,1.15884E+11,1.33897E+11,1.41776E+11
Slovenia,SVN,Europe,Southern Europe,"Total reserves (includes gold, current US$)",FI.RES.TOTL.CD,8159730012,7139432999,1065303786,957648182.5,1078161603,1070760883,986893174.5,951915167,922155291.8,1016368871,856213889,742060176.1,889788337.7,933092542,1015426219,1311110696,2266987092,2267946375,2369992496,2832429185
Slovenia,SVN,Europe,Southern Europe,Total reserves minus gold (current US$),FI.RES.XGLD.CD,8076369248,7036134748,979802723.5,868063932.5,966149102.6,926930249.2,830731174.5,782187167,799296291.8,893356870.7,748093889,625178376.1,757545337.7,802364242,860080219,1118218496,2081336892,2083086675,2159627696,2566300985
Slovenia,SVN,Europe,Southern Europe,GDP growth (annual %),NY.GDP.MKTP.KD.ZG,3.854127711,5.9087813,7.139231291,3.372238661,-7.59058614,1.112137193,0.655438128,-2.91553782,-0.823776418,2.762833276,2.393306213,3.034414867,5.174402156,4.379083473,3.505253324,-4.085000949,8.389651582,2.699238745,2.112590985,1.591014799
Slovenia,SVN,Europe,Southern Europe,GDP per capita (constant 2015 US$),NY.GDP.PCAP.KD,19102.27766,20166.53234,21485.78099,22175.23696,20307.61883,20444.12013,20535.41558,19894.8698,19704.2186,20228.7082,20697.27485,21309.71221,22397.7635,23293.96667,23943.18009,22811.80505,24659.24994,25276.93591,25708.86926,26045.88522
Slovenia,SVN,Europe,Southern Europe,GDP (constant 2015 US$),NY.GDP.MKTP.KD,38213609800,40471568430,43360927308,44823161262,41420820596,41881476947,42155984116,40926910456,40589764219,41711191731,42709468275,44005450730,46282469721,48309217703,50002578163,47959972370,51983646951,53386809690,54514654619,55381990841
Slovenia,SVN,Europe,Southern Europe,Current account balance (% of GDP),BN.CAB.XOKA.GD.ZS,-1.893015455,-1.770914562,-4.207619715,-5.3080397,-1.029308102,-0.686229865,-0.772202643,1.403341154,3.516507482,5.32786784,4.118446076,5.292234337,6.820588458,6.52066143,6.452905854,7.673953671,3.368428548,-1.030197502,4.472484413,4.45762281
Slovenia,SVN,Europe,Southern Europe,Access to electricity (% of population),EG.ELC.ACCS.ZS,100,100,100,100,100,100,100,100,100,100,100,100,100,100,100,100,100,100,100,..
Slovenia,SVN,Europe,Southern Europe,External balance on goods and services (% of GDP),NE.RSB.GNFS.ZS,-0.644678274,-0.04823221,-1.334199313,-2.115258486,1.443346254,1.075080821,1.233536438,3.434247489,4.749103299,6.833190528,8.109972567,8.634725255,9.06182448,8.523780127,8.669841014,8.994591398,5.871958147,1.745725659,6.403661702,6.586881267
Slovenia,SVN,Europe,Southern Europe,GDP per capita (current US$),NY.GDP.PCAP.CD,17969.70959,19563.00506,23725.1596,27461.97642,24501.78973,23329.84177,24940.62848,22442.14179,23236.96553,24013.06821,20697.27485,21447.83778,23303.07771,25888.04811,25814.16872,25392.06511,29187.36938,28373.83823,32610.11092,34089.35277
Slovenia,SVN,Europe,Southern Europe,GDP per capita growth (annual %),NY.GDP.PCAP.KD.ZG,3.674398812,5.571349667,6.541772412,3.208894122,-8.422088689,0.672167911,0.446560895,-3.119224817,-0.958293258,2.66181374,2.316344918,2.959024148,5.105893848,4.001306499,2.787045414,-4.72524968,8.098635245,2.504885485,1.708804225,1.310893745
Slovenia,SVN,Europe,Southern Europe,GDP (current US$),NY.GDP.MKTP.CD,35947936824,39260368837,47880266543,55509332322,49975540955,47793117241,51199194599,46167053954,47867056859,49514466380,42709468275,44290685824,48153200135,53689067640,53909922736,53384760135,61529280461,59927702746,69148468417,72485008929
Solomon Islands,SLB,Oceania,Melanesia,"Total reserves (includes gold, current US$)",FI.RES.TOTL.CD,94825566.29,104075013.5,120530168.4,88829534.57,145987707.5,265834982.9,412272152.6,498913804.2,520474136.8,495902580.3,519562129.9,513960963.3,574230569.1,617115407.1,571632111.1,660995997.3,694515407.8,661603758,688220067,..
Solomon Islands,SLB,Oceania,Melanesia,Total reserves minus gold (current US$),FI.RES.XGLD.CD,94825566.29,104075013.5,120530168.4,88829534.57,145987707.5,265834982.9,412272152.6,469491017.8,491517511.1,466909894,494079337.7,486413103.3,543062273.5,586304110.5,535018679.4,660995997.3,684504857.8,647286193,679970467,..
Solomon Islands,SLB,Oceania,Melanesia,GDP growth (annual %),NY.GDP.MKTP.KD.ZG,7.357841934,4.138280318,3.639672429,6.225969544,2.864267902,9.708388169,7.429949617,2.466001387,5.237740178,1.189217471,1.676146156,5.554731534,3.075348034,2.745995423,1.748566555,-3.381147541,2.564349754,2.402481436,2.656361867,2.539341917
Solomon Islands,SLB,Oceania,Melanesia,GDP per capita (constant 2015 US$),NY.GDP.PCAP.KD,1755.728123,1796.718963,1830.236759,1911.194529,1930.456594,2058.954266,2132.019984,2105.907589,2136.720368,2085.155001,2045.478895,2084.245984,2075.3623,2061.897844,2043.075789,1930.642586,1933.170559,1932.789668,1937.160015,1939.812886
Solomon Islands,SLB,Oceania,Melanesia,GDP (constant 2015 US$),NY.GDP.MKTP.KD,848157141.9,883256261.9,915403896.6,972396664.4,1000248710,1097356737,1178889790,1207961229,1271231099,1286348802,1307909888,1380560771,1423017819,1462093823,1487659507,1437359544,1474218470,1509636295,1549737698,1589090837
Solomon Islands,SLB,Oceania,Melanesia,Current account balance (% of GDP),BN.CAB.XOKA.GD.ZS,-16.31539685,-6.833127578,-11.53048356,-10.25269746,-7.397100163,-16.05057018,-1.764481814,2.226642201,-2.997599766,-3.711153772,-2.758057967,-3.537791161,-4.27498999,-2.959811462,-9.510982447,-1.631326311,-5.134741147,-13.95169295,-10.72896677,-3.761477215
Solomon Islands,SLB,Oceania,Melanesia,Access to electricity (% of population),EG.ELC.ACCS.ZS,19.2,14.4,12.9,28.1,21.2,35.4,39.1,42.9,44.7,50.5,55.1,58.2,62.9,65.8,69.4,72.9,76.3,76,81.3,..
Solomon Islands,SLB,Oceania,Melanesia,External balance on goods and services (% of GDP),NE.RSB.GNFS.ZS,-11.97453759,-15.66106025,-19.451545,-17.89027431,-13.57261743,-25.84564407,-6.943846485,-5.001433897,-7.742361473,-8.780443235,-7.467372509,-6.092444639,-4.839210544,-4.24220252,-10.00453378,-4.343346279,-12.28962562,-25.46244471,..,..
Solomon Islands,SLB,Oceania,Melanesia,GDP per capita (current US$),NY.GDP.PCAP.CD,1144.457585,1255.625891,1390.156966,1525.850924,1554.707237,1685.15499,1924.052773,2066.253523,2161.395736,2164.944239,2045.478895,2082.62989,2143.574652,2278.206339,2223.665026,2063.331015,1996.869768,2005.413993,2076.107688,2149.379573
Solomon Islands,SLB,Oceania,Melanesia,GDP per capita growth (annual %),NY.GDP.PCAP.KD.ZG,5.475723934,2.33469175,1.865500221,4.423349561,1.007854746,6.656335755,3.548680949,-1.224772515,1.463159103,-2.413295032,-1.90278931,1.895257343,-0.426230099,-0.648776163,-0.912850987,-5.503134244,0.130939473,-0.019702918,0.22611601,0.136946416
Solomon Islands,SLB,Oceania,Melanesia,GDP (current US$),NY.GDP.MKTP.CD,552864570.2,617258154.3,695295347.6,776337691.8,805557562.6,898133684.9,1063895361,1185215418,1285911586,1335571421,1307909888,1379490304,1469789119,1615478393,1619155017,1536145814,1522794913,1566360686,1660896531,1760767447
"Somalia, Fed. Rep.",SOM,Africa,Eastern Africa,"Total reserves (includes gold, current US$)",FI.RES.TOTL.CD,..,..,..,..,..,..,..,..,..,..,..,..,..,..,..,..,..,..,..,..
"Somalia, Fed. Rep.",SOM,Africa,Eastern Africa,Total reserves minus gold (current US$),FI.RES.XGLD.CD,..,..,..,..,..,..,..,..,..,..,..,..,..,..,..,..,..,..,..,..
"Somalia, Fed. Rep.",SOM,Africa,Eastern Africa,GDP growth (annual %),NY.GDP.MKTP.KD.ZG,7.110314311,6.486370733,6.694351926,6.694351926,6.694351926,6.694351926,6.694351926,6.694351926,10.95929862,8.978005906,10.46218812,7.0348726,14.7357956,2.054315073,2.824313365,-2.752481039,3.458227929,2.727114296,4.216384326,3.972320809
"Somalia, Fed. Rep.",SOM,Africa,Eastern Africa,GDP per capita (constant 2015 US$),NY.GDP.PCAP.KD,275.4570408,284.4707899,294.2104045,304.7414488,317.0381848,329.9705049,349.5774491,369.6172048,397.1087963,417.5167969,445.5830801,458.9214768,506.5010989,498.981065,494.5593787,463.0325248,461.8420947,460.2996458,465.1606964,467.0871762
"Somalia, Fed. Rep.",SOM,Africa,Eastern Africa,GDP (constant 2015 US$),NY.GDP.MKTP.KD,2932027546,3122209723,3331221430,3554225116,3792157453,4046017819,4316872490,4605859127,5110628983,5569461555,6152149100,6584944951,7555288980,7710498420,7928267058,7710043010,7976673871,8194206885,8539706139,8878930663
"Somalia, Fed. Rep.",SOM,Africa,Eastern Africa,Current account balance (% of GDP),BN.CAB.XOKA.GD.ZS,..,..,..,..,..,..,..,..,..,..,..,..,..,..,..,..,..,..,..,..
"Somalia, Fed. Rep.",SOM,Africa,Eastern Africa,Access to electricity (% of population),EG.ELC.ACCS.ZS,15,15.2,20.2,22.9,25.5,52.3,52,51.8,51.5,51.4,51.2,51.1,52.1,50.7,49.2,49.9,49.3,48.9,50.3,..
"Somalia, Fed. Rep.",SOM,Africa,Eastern Africa,External balance on goods and services (% of GDP),NE.RSB.GNFS.ZS,..,..,..,..,..,..,..,-49.468846,-46.10526128,-43.37525402,-42.73619458,-42.08964667,-42.58264701,-45.39616258,-44.17549874,-48.38258586,-46.78617905,-55.39605404,-53.21883908,-54.32198325
"Somalia, Fed. Rep.",SOM,Africa,Eastern Africa,GDP per capita (current US$),NY.GDP.PCAP.CD,439.9799078,457.9966622,479.6356281,507.0374433,246.5132517,219.2024539,235.3259456,350.2619467,393.398704,429.4316567,445.5830801,460.9284906,510.9399523,509.5258019,539.8939316,518.1847785,549.1147427,573.1280925,597.4588546,636.9834776
"Somalia, Fed. Rep.",SOM,Africa,Eastern Africa,GDP per capita growth (annual %),NY.GDP.PCAP.KD.ZG,3.455217909,3.2722885,3.423766147,3.579426215,4.035137344,4.079104897,5.942029317,5.732565338,7.437854959,5.139145934,6.722192586,2.993470207,10.36770438,-1.484702379,-0.886143106,-6.37473582,-0.257094286,-0.333977531,1.056062208,0.414153603
"Somalia, Fed. Rep.",SOM,Africa,Eastern Africa,GDP (current US$),NY.GDP.MKTP.CD,4683246454,5026743282,5430713729,5913620293,2948594552,2687807004,2906000097,4364670160,5062881600,5728399720,6152149100,6613743070,7621501710,7873440830,8655023960,8628393720,9483997390,10202767270,10968517090,12108515110
South Africa,ZAF,Africa,Southern Africa,"Total reserves (includes gold, current US$)",FI.RES.TOTL.CD,20624460695,25593361431,32919403651,34070371607,39602644576,43819545749,48748260246,50688078405,49708174894,49121568380,45887065757,47180127301,50722891363,51642041967,55055893657,55008491996,57597149617,60553113006,62491675820,65434957159
South Africa,ZAF,Africa,Southern Africa,Total reserves minus gold (current US$),FI.RES.XGLD.CD,18579129695,23056918431,29588572401,30583543857,35237419576,38175057749,42595171246,43995470405,44863675894,44267418380,41619505757,42565588001,45499292863,46478274117,48919726657,47387358996,50262146617,53247530156,54176079020,54912456859
South Africa,ZAF,Africa,Southern Africa,GDP growth (annual %),NY.GDP.MKTP.KD.ZG,5.277051973,5.603806459,5.360474054,3.191043886,-1.538089135,3.039732881,3.168556279,2.396232385,2.485468008,1.413826452,1.321862237,0.664552308,1.157946952,1.556783847,0.259935577,-6.168917715,4.955032594,1.91147996,0.698485194,0.579853692
South Africa,ZAF,Africa,Southern Africa,GDP per capita (constant 2015 US$),NY.GDP.PCAP.KD,5406.075814,5650.988318,5891.420694,6009.719631,5847.058111,5953.945065,6067.124827,6121.557839,6170.876709,6155.005895,6112.273825,6095.29506,6125.692051,6117.270141,6032.829726,5569.584833,5756.195494,5783.860904,5747.41965,5708.964422
South Africa,ZAF,Africa,Southern Africa,GDP (constant 2015 US$),NY.GDP.MKTP.KD,2.67547E+11,2.8254E+11,2.97685E+11,3.07184E+11,3.0246E+11,3.11654E+11,3.21529E+11,3.29233E+11,3.37416E+11,3.42187E+11,3.4671E+11,3.49014E+11,3.53055E+11,3.58552E+11,3.59484E+11,3.37307E+11,3.54021E+11,3.60788E+11,3.63308E+11,3.65415E+11
South Africa,ZAF,Africa,Southern Africa,Current account balance (% of GDP),BN.CAB.XOKA.GD.ZS,-2.774775899,-4.000124276,-4.861891607,-5.186181085,-2.384581874,-1.299018056,-2.019676285,-4.683736434,-5.338372748,-4.812432595,-4.310286886,-2.633614517,-2.374367532,-3.000519394,-2.619990675,2.003522752,3.764341666,-0.296674662,-1.10571243,-0.6442199
South Africa,ZAF,Africa,Southern Africa,Access to electricity (% of population),EG.ELC.ACCS.ZS,80.8,80.7,82,81.9,82.6,82.8,83.6,85.2,85.2,85.9,85.3,83.9,84.4,84.7,85,90,89.3,86.5,87.7,..
South Africa,ZAF,Africa,Southern Africa,External balance on goods and services (% of GDP),NE.RSB.GNFS.ZS,-0.228252414,-1.571641511,-1.207210348,-1.465176457,0.377957649,1.160748091,0.759946505,-1.304318806,-2.116466989,-1.498335448,-1.29939932,0.450918835,1.144219733,0.508529174,0.506262402,4.39216924,6.172483775,1.959896975,0.328958186,1.997092314
South Africa,ZAF,Africa,Southern Africa,GDP per capita (current US$),NY.GDP.PCAP.CD,5836.876633,6077.382934,6591.85536,6184.754743,6374.7056,7973.471958,8646.055711,8076.976785,7331.654674,6856.731371,6112.273825,5651.205852,6618.335083,6914.178032,6533.71121,5580.603831,6843.399419,6523.410978,6022.542542,6253.371582
South Africa,ZAF,Africa,Southern Africa,GDP per capita growth (annual %),NY.GDP.PCAP.KD.ZG,4.21638585,4.530319446,4.254696047,2.007986584,-2.706640751,1.828046725,1.900920497,0.897179684,0.80565881,-0.257188966,-0.694265294,-0.277781476,0.498695962,-0.13748504,-1.380361054,-7.678733096,3.350530901,0.480619707,-0.630050659,-0.669086828
South Africa,ZAF,Africa,Southern Africa,GDP (current US$),NY.GDP.MKTP.CD,2.88867E+11,3.03859E+11,3.33077E+11,3.16131E+11,3.29754E+11,4.17364E+11,4.58199E+11,4.34401E+11,4.00886E+11,3.81199E+11,3.4671E+11,3.23586E+11,3.81449E+11,4.05261E+11,3.8933E+11,3.37975E+11,4.20887E+11,4.0692E+11,3.80699E+11,4.00261E+11
South Sudan,SSD,Africa,Eastern Africa,"Total reserves (includes gold, current US$)",FI.RES.TOTL.CD,..,..,..,..,..,..,..,1282090260,947810456.6,416808670.1,229880518.4,68159818.64,33820210.96,36396368.2,378281747,183614816.7,341932480,94914465.18,72880855.22,..
South Sudan,SSD,Africa,Eastern Africa,Total reserves minus gold (current US$),FI.RES.XGLD.CD,..,..,..,..,..,..,..,1282090260,947810456.6,416808670.1,229880518.4,68159818.64,33820210.96,36396368.2,378281747,183614816.7,341932480,94914465.18,72880855.22,..
South Sudan,SSD,Africa,Eastern Africa,GDP growth (annual %),NY.GDP.MKTP.KD.ZG,..,..,..,..,5.04164188,5.493416395,-4.640316736,-46.08212237,13.12973114,3.373648477,-10.79336463,..,..,..,..,..,..,..,..,..
South Sudan,SSD,Africa,Eastern Africa,GDP per capita (constant 2015 US$),NY.GDP.PCAP.KD,..,..,..,2289.184154,2293.801669,2295.070261,2073.239818,1069.196191,1165.162027,1197.09492,1080.147186,..,..,..,..,..,..,..,..,..
South Sudan,SSD,Africa,Eastern Africa,GDP (constant 2015 US$),NY.GDP.MKTP.KD,..,..,..,20185217786,21202884179,22367646895,21329717233,11500530835,13010519614,13449448811,11997800760,..,..,..,..,..,..,..,..,..
South Sudan,SSD,Africa,Eastern Africa,Current account balance (% of GDP),BN.CAB.XOKA.GD.ZS,..,..,..,..,..,..,..,..,..,-5.659455657,-4.169014055,-5.767000495,8.306846387,-9.038248322,-4.15741601,-35.04917116,-0.131613142,-11.73191252,13.61008233,..
South Sudan,SSD,Africa,Eastern Africa,Access to electricity (% of population),EG.ELC.ACCS.ZS,..,..,0.8,1.3,3,1.5,2.8,3.3,3.8,4.3,4.8,5.3,4.2,6.3,6.8,7.3,7.7,8.4,5.4,..
South Sudan,SSD,Africa,Eastern Africa,External balance on goods and services (% of GDP),NE.RSB.GNFS.ZS,..,..,..,34.7878229,25.79286417,31.92551727,38.925381,14.04429332,-31.32973087,12.14871678,7.751349376,..,..,..,..,..,..,..,..,..
South Sudan,SSD,Africa,Eastern Africa,GDP per capita (current US$),NY.GDP.PCAP.CD,..,..,..,1654.211535,1323.220687,1498.27035,1448.98435,1109.260501,1650.189434,1242.734502,1080.147186,..,..,..,..,..,..,..,..,..
South Sudan,SSD,Africa,Eastern Africa,GDP per capita growth (annual %),NY.GDP.PCAP.KD.ZG,..,..,..,..,0.201710077,0.055305221,-9.665518592,-48.42872583,8.975512361,2.74063966,-9.769294943,..,..,..,..,..,..,..,..,..
South Sudan,SSD,Africa,Eastern Africa,GDP (current US$),NY.GDP.MKTP.CD,..,..,..,14586253383,12231264525,14602072411,14907308933,11931472169,18426469017,13962212847,11997800760,..,..,..,..,..,..,..,..,..
Spain,ESP,Europe,Southern Europe,"Total reserves (includes gold, current US$)",FI.RES.TOTL.CD,17227460742,19339948067,19028952268,20288388624,28051366380,31871836373,46704835357,50588475477,46335465038,50411846512,53973842236,63039926529,69400198866,70633189428,74731427284,81287702461,92201269195,92905070060,1.03089E+11,1.07774E+11
Spain,ESP,Europe,Southern Europe,Total reserves minus gold (current US$),FI.RES.XGLD.CD,9677639742,10822203767,11480179768,12413672124,18205141380,19146439373,32843161357,35522619477,35429922038,39493928512,44377662236,52666093829,57662984366,59030411978,60943708284,64167574161,75723903895,76497865510,84417863328,84153911869
Spain,ESP,Europe,Southern Europe,GDP growth (annual %),NY.GDP.MKTP.KD.ZG,3.551225585,4.043435156,3.533500132,0.767165748,-3.768133069,0.094122312,-0.639920637,-2.865113686,-1.427322248,1.520485936,4.060866725,2.915155986,2.896042079,2.395411245,1.961178508,-10.94007064,6.683144205,6.1793122,2.675663463,3.150195645
Spain,ESP,Europe,Southern Europe,GDP per capita (constant 2015 US$),NY.GDP.PCAP.KD,26294.44738,26899.09215,27338.79542,27112.52629,25860.81426,25766.25158,25510.55797,24763.56827,24498.55595,24947.85125,25982.44162,26719.24423,27426.28102,27956.72255,28301.43939,25077.01988,26705.36291,28152.46615,28569.84364,29192.5674
Spain,ESP,Europe,Southern Europe,GDP (constant 2015 US$),NY.GDP.MKTP.KD,1.14784E+12,1.19425E+12,1.23645E+12,1.24593E+12,1.19898E+12,1.20011E+12,1.19243E+12,1.15827E+12,1.14174E+12,1.1591E+12,1.20616E+12,1.24133E+12,1.27728E+12,1.30787E+12,1.33352E+12,1.18763E+12,1.267E+12,1.3453E+12,1.38129E+12,1.42481E+12
Spain,ESP,Europe,Southern Europe,Current account balance (% of GDP),BN.CAB.XOKA.GD.ZS,-7.213565566,-8.793821504,-9.367923307,-8.816694877,-3.940460837,-3.577343567,-2.589290086,0.125923055,2.077915361,1.735950073,2.036974295,3.15808866,2.828576998,1.861426472,2.119789178,0.819280214,0.765004613,0.309856961,2.654942704,3.066386266
Spain,ESP,Europe,Southern Europe,Access to electricity (% of population),EG.ELC.ACCS.ZS,100,100,100,100,100,100,100,100,100,100,100,100,100,100,100,100,100,100,100,..
Spain,ESP,Europe,Southern Europe,External balance on goods and services (% of GDP),NE.RSB.GNFS.ZS,-4.818008839,-5.716952445,-5.780754514,-4.732513987,-0.865898098,-1.037743294,0.264997333,2.045437872,3.842141389,3.039417719,3.015328687,3.965388119,3.633344273,2.740217574,2.984900814,1.515921694,0.989579708,0.882698312,3.926787531,4.280525525
Spain,ESP,Europe,Southern Europe,GDP per capita (current US$),NY.GDP.PCAP.CD,26450.95301,28421.68653,32652.01559,35603.24833,32279.82085,30658.74223,31824.62191,28456.44382,29228.84656,29707.76551,25982.44162,26755.60611,28381.34256,30602.42129,29786.52457,27233.94265,30799.47759,30270.2687,33509.0128,35297.0095
Spain,ESP,Europe,Southern Europe,GDP per capita growth (annual %),NY.GDP.PCAP.KD.ZG,1.816577328,2.299515013,1.634639807,-0.827648477,-4.616729629,-0.36566009,-0.992358605,-2.928158978,-1.070170182,1.833966462,4.147011936,2.835771241,2.646170611,1.93406292,1.233037412,-11.39312905,6.493367388,5.418773892,1.482561028,2.179654085
Spain,ESP,Europe,Southern Europe,GDP (current US$),NY.GDP.MKTP.CD,1.15467E+12,1.26185E+12,1.47675E+12,1.63612E+12,1.49659E+12,1.42799E+12,1.48757E+12,1.33099E+12,1.36219E+12,1.38024E+12,1.20616E+12,1.24302E+12,1.32175E+12,1.43164E+12,1.4035E+12,1.28978E+12,1.46124E+12,1.4465E+12,1.62009E+12,1.72275E+12
Sri Lanka,LKA,Asia,Southern Asia,"Total reserves (includes gold, current US$)",FI.RES.TOTL.CD,2734967767,2832098099,3518418228,2616559583,5353610216,7195358507,6739196545,7106460349,7500000872,8210750128,7302096590,6008199165,7959047615,6920825566,7648305273,5663994385,3136991506,1896231717,4405117005,6093946546
Sri Lanka,LKA,Asia,Southern Asia,Total reserves minus gold (current US$),FI.RES.XGLD.CD,2649511714,2726202557,3379531319,2468702083,4616053406,6709723942,6247923422,6377644967,6611350278,7315701488,6543431215,5188554800,7030555455,6100102144,6689823667,5256670224,2962484486,1868865232,4373974765,6054549136
Sri Lanka,LKA,Asia,Southern Asia,GDP growth (annual %),NY.GDP.MKTP.KD.ZG,6.241748044,7.668291901,6.796826119,5.950088145,3.538912053,8.01596737,8.669483012,8.63218138,4.051746329,6.377978893,4.205955477,5.05362489,6.460681271,2.310084255,-0.220483887,-4.624515037,4.207476495,-7.349193013,-2.32984819,5.00871931
Sri Lanka,LKA,Asia,Southern Asia,GDP per capita (constant 2015 US$),NY.GDP.PCAP.KD,2268.688013,2426.348733,2573.543622,2708.585942,2787.27351,2993.014115,3232.373504,3484.79049,3728.935867,3929.92062,4057.715835,4214.74118,4436.007899,4493.035754,4455.781896,4227.233153,4357.972258,4033.145615,3964.919874,4186.498664
Sri Lanka,LKA,Asia,Southern Asia,GDP (constant 2015 US$),NY.GDP.MKTP.KD,45864985657,49382046638,52738458482,55876443248,57853861433,62491408088,67909090095,73771125926,76760144813,81655890647,85090301052,89390445685,95165677467,97364084799,97149412680,92656723482,96555233344,89459202881,87374939262,91751304717
Sri Lanka,LKA,Asia,Southern Asia,Current account balance (% of GDP),BN.CAB.XOKA.GD.ZS,-2.663822405,-5.297105611,-4.330416262,-9.543195423,-0.510385718,-1.833390829,-6.812097842,-5.690998208,-3.299423477,-2.408481148,-2.212677662,-1.979994925,-2.446764353,-2.963528419,-2.071266314,-1.407614947,-3.708666038,-1.953594112,1.862137036,..
Sri Lanka,LKA,Asia,Southern Asia,Access to electricity (% of population),EG.ELC.ACCS.ZS,78.1,82.1,80,82.9,87.1,85.3,87.8,87,90.2,92.7,94.3,97.5,97.5,99.6,99.8,100,100,100,100,..
Sri Lanka,LKA,Asia,Southern Asia,External balance on goods and services (% of GDP),NE.RSB.GNFS.ZS,-8.930226983,-11.0041243,-10.37651229,-13.68606941,-6.492409043,..,..,..,..,..,-7.131203168,-6.823464939,-6.692009728,-6.916899523,-5.778462036,-6.173839023,-7.38600315,-3.563483095,-2.157957836,-2.624859437
Sri Lanka,LKA,Asia,Southern Asia,GDP per capita (current US$),NY.GDP.PCAP.CD,1207.219948,1389.506256,1578.634511,1973.584769,2026.6594,2808.367792,3224.957363,3327.776124,3740.615893,3971.919131,4057.715835,4149.191908,4398.888281,4358.560959,4081.947727,3847.601377,3996.9624,3342.636503,3798.890166,4515.567873
Sri Lanka,LKA,Asia,Southern Asia,GDP per capita growth (annual %),NY.GDP.PCAP.KD.ZG,5.564253737,6.949422712,6.066518271,5.247329758,2.905116146,7.381428648,7.997268957,7.809029072,7.006027386,5.389868876,3.251852308,3.869796499,5.249829351,1.28556703,-0.829146715,-5.129262346,3.092781969,-7.453618881,-1.691626024,5.588480901
Sri Lanka,LKA,Asia,Southern Asia,GDP (current US$),NY.GDP.MKTP.CD,24405791045,28279802406,32350238760,40713826215,42066224093,58636161082,67753284044,70447216891,77000578167,82528535714,85090301052,88000211172,94369350286,94450015983,88998706297,84335574582,88556698938,74143020263,83716142582,98963185510
St. Kitts and Nevis,KNA,Americas,Caribbean,"Total reserves (includes gold, current US$)",FI.RES.TOTL.CD,71611722.86,88697803.08,95790629.91,110411464.6,136408154.2,168859133.5,244261262.3,263485328,301952572.3,327252698.8,288394872.3,320542568.3,365098328.5,363216830.6,362798006.1,373502419.4,337532614.3,293979512.2,286074597,294747744.7
St. Kitts and Nevis,KNA,Americas,Caribbean,Total reserves minus gold (current US$),FI.RES.XGLD.CD,71611722.86,88697803.08,95790629.91,110411464.6,136408154.2,168859133.5,244261262.3,263485328,301952572.3,327252698.8,288394872.3,320542568.3,365098328.5,363216830.6,362798006.1,373502419.4,337532614.3,293979512.2,286074597,294747744.7
St. Kitts and Nevis,KNA,Americas,Caribbean,GDP growth (annual %),NY.GDP.MKTP.KD.ZG,9.732820703,3.1503812,0.600602327,11.31703583,-3.404740154,-0.054194207,1.616607304,-0.737636737,5.727280872,7.576966023,0.694135528,3.932703193,0.220941147,2.003525498,2.938246581,-15.30188917,0.367606879,10.34240405,4.328557716,1.166440229
St. Kitts and Nevis,KNA,Americas,Caribbean,GDP per capita (constant 2015 US$),NY.GDP.PCAP.KD,16000.56589,16457.86224,16508.14371,18325.76127,17671.25471,17688.06901,17958.6814,17770.49636,18773.89269,20187.8062,20328.80035,21133.65759,21191.60471,21635.49721,22297.7645,18918.82635,19031.82119,21024.44721,21911.5163,22126.87724
St. Kitts and Nevis,KNA,Americas,Caribbean,GDP (constant 2015 US$),NY.GDP.MKTP.KD,743018278.4,766426186.5,771029360,858287028.9,829064585.8,828615280.9,842010736,835799755.5,883668355,950623606,957222222.2,994866931.1,997065001.5,1017041453,1046924639,886725390.8,889985054.4,982030904.7,1024538679,1036489311
St. Kitts and Nevis,KNA,Americas,Caribbean,Current account balance (% of GDP),BN.CAB.XOKA.GD.ZS,-7.231809804,-11.05986822,-13.89688186,-17.19352402,-21.12533074,-15.32872836,-7.814625986,-3.128915423,-2.864591109,0.698262924,-8.107186148,-12.0811606,-10.25328165,-5.845801533,-4.785116358,-10.83804139,-3.352113679,-11.39425897,-11.58138135,-15.86423282
St. Kitts and Nevis,KNA,Americas,Caribbean,Access to electricity (% of population),EG.ELC.ACCS.ZS,96.5,96.7,97,97.3,97.6,99.8,100,100,100,100,100,100,100,100,100,100,100,100,100,..
St. Kitts and Nevis,KNA,Americas,Caribbean,External balance on goods and services (% of GDP),NE.RSB.GNFS.ZS,..,..,..,..,..,..,..,..,..,..,..,..,..,..,..,..,..,..,..,..
St. Kitts and Nevis,KNA,Americas,Caribbean,GDP per capita (current US$),NY.GDP.PCAP.CD,11783.78672,13837.84953,14757.95798,16604.94486,16503.41193,16622.94579,17832.45729,17532.0559,18580.13019,20219.39542,20328.80035,21387.54155,22464.98996,22901.38164,23595.49232,18859.01904,18361.14497,20985.01122,22600.45023,22771.41689
St. Kitts and Nevis,KNA,Americas,Caribbean,GDP per capita growth (annual %),NY.GDP.PCAP.KD.ZG,9.44452895,2.858001069,0.305516416,11.01042971,-3.571510894,0.095150591,1.52991481,-1.047877789,5.646416989,7.531275112,0.698412468,3.959196925,0.274193507,2.094662072,3.061021794,-15.15370814,0.597261391,10.46997026,4.219226706,0.982866431
St. Kitts and Nevis,KNA,Americas,Caribbean,GDP (current US$),NY.GDP.MKTP.CD,547203703.7,644414814.8,689285185.2,777692592.6,774274074.1,778718518.5,836092592.6,824585185.2,874548148.1,952111111.1,957222222.2,1006818519,1056977778,1076548148,1107855556,883922222.2,858622222.2,980188888.9,1056751852,1066681481
St. Lucia,LCA,Americas,Caribbean,"Total reserves (includes gold, current US$)",FI.RES.TOTL.CD,116387878.8,134538725.3,153719597.5,142774402.8,174798934.5,206256181.5,213433689,231967199,192222634.6,257658514.6,317540361.6,305519500.8,321767417.2,285824309.7,260870367.1,231361279,433117473.5,389083414.4,424323643.9,406063791.5
St. Lucia,LCA,Americas,Caribbean,Total reserves minus gold (current US$),FI.RES.XGLD.CD,116387878.8,134538725.3,153719597.5,142774402.8,174798934.5,206256181.5,213433689,231967199,192222634.6,257658514.6,317540361.6,305519500.8,321767417.2,285824309.7,260870367.1,231361279,433117473.5,389083414.4,424323643.9,406063791.5
St. Lucia,LCA,Americas,Caribbean,GDP growth (annual %),NY.GDP.MKTP.KD.ZG,-0.410304726,6.195257291,1.691618574,4.94932194,-2.828899548,0.330018546,4.326942805,-0.108756148,-1.818776037,1.328090221,0.101917836,3.427872145,3.379826173,2.886779022,-0.700322396,-24.36147321,11.59878358,20.38844318,2.209882765,3.891750242
St. Lucia,LCA,Americas,Caribbean,GDP per capita (constant 2015 US$),NY.GDP.PCAP.KD,9527.584694,10045.6504,10147.44325,10583.43102,10219.8024,10191.31468,10576.89797,10517.27776,10279.41551,10369.93826,10334.98608,10644.16129,10960.48435,11233.88836,11114.77859,8379.274951,9336.921274,11224.28995,11440.08295,11854.95172
St. Lucia,LCA,Americas,Caribbean,GDP (constant 2015 US$),NY.GDP.MKTP.KD,1576338888,1673997138,1702314784,1786567823,1736027614,1741756827,1817121649,1815145417,1782131987,1805800308,1807640741,1869604354,1932793731,1988589215,1974662680,1493605760,1666845860,2006689781,2051035272,2130856443
St. Lucia,LCA,Americas,Caribbean,Current account balance (% of GDP),BN.CAB.XOKA.GD.ZS,-15.50650438,-29.32957466,-18.38248048,-24.23934858,-8.46949403,-12.67042802,-14.30712117,-10.02470046,-6.530534092,-2.428977036,-0.477234056,-6.338202544,-1.908428041,1.472396422,3.32566372,-18.93961858,-11.29638136,-3.561751671,-1.566528999,-2.515486519
St. Lucia,LCA,Americas,Caribbean,Access to electricity (% of population),EG.ELC.ACCS.ZS,90.1,90.9,91.8,92.7,93.5,94.2,95.4,95.3,97.2,98.1,99,99.8,99.9,100,100,100,100,100,100,..
St. Lucia,LCA,Americas,Caribbean,External balance on goods and services (% of GDP),NE.RSB.GNFS.ZS,..,..,..,..,..,..,..,..,..,..,..,..,..,..,..,..,..,..,..,..
St. Lucia,LCA,Americas,Caribbean,GDP per capita (current US$),NY.GDP.PCAP.CD,6863.436419,7611.178567,7964.382115,8516.960755,8250.521807,8673.687203,9128.99442,9260.300066,9577.217338,10044.82184,10334.98608,10638.12694,11333.11238,11642.69847,11794.05972,8411.074749,10459.13212,13103.82431,13554.76848,14181.63034
St. Lucia,LCA,Americas,Caribbean,GDP per capita growth (annual %),NY.GDP.PCAP.KD.ZG,-1.139244714,5.437534544,1.01330266,4.296528305,-3.435829227,-0.278750188,3.783449963,-0.563683331,-2.261633279,0.880621539,-0.337052868,2.991539674,2.971798822,2.494451868,-1.06027192,-24.61140921,11.42874925,20.21403647,1.922553759,3.626448962
St. Lucia,LCA,Americas,Caribbean,GDP (current US$),NY.GDP.MKTP.CD,1135555556,1268319185,1336088815,1437731111,1401507889,1482385185,1568370370,1598207407,1660392593,1749185185,1807640741,1868544444,1998503704,2060955556,2095344444,1499274074,1867185185,2342714815,2430166667,2549062963
St. Martin (French part),MAF,Americas,Caribbean,"Total reserves (includes gold, current US$)",FI.RES.TOTL.CD,..,..,..,..,..,..,..,..,..,..,..,..,..,..,..,..,..,..,..,..
St. Martin (French part),MAF,Americas,Caribbean,Total reserves minus gold (current US$),FI.RES.XGLD.CD,..,..,..,..,..,..,..,..,..,..,..,..,..,..,..,..,..,..,..,..
St. Martin (French part),MAF,Americas,Caribbean,GDP growth (annual %),NY.GDP.MKTP.KD.ZG,..,..,..,..,..,..,..,..,..,..,1,5,-8.00000324,-7.999995069,6.500003637,-12.50000225,4.899999671,..,..,..
St. Martin (French part),MAF,Americas,Caribbean,GDP per capita (constant 2015 US$),NY.GDP.PCAP.KD,..,..,..,..,..,..,..,..,..,..,..,..,..,..,..,..,..,..,..,..
St. Martin (French part),MAF,Americas,Caribbean,GDP (constant 2015 US$),NY.GDP.MKTP.KD,..,..,..,..,..,..,..,..,..,..,..,..,..,..,..,..,..,..,..,..
St. Martin (French part),MAF,Americas,Caribbean,Current account balance (% of GDP),BN.CAB.XOKA.GD.ZS,..,..,..,..,..,..,..,..,..,..,..,..,..,..,..,..,..,..,..,..
St. Martin (French part),MAF,Americas,Caribbean,Access to electricity (% of population),EG.ELC.ACCS.ZS,99.7,99.7,99.7,99.7,99.7,100,100,100,100,100,100,100,100,100,100,100,100,100,100,..
St. Martin (French part),MAF,Americas,Caribbean,External balance on goods and services (% of GDP),NE.RSB.GNFS.ZS,..,..,..,..,..,..,..,..,..,..,..,..,..,..,..,..,..,..,..,..
St. Martin (French part),MAF,Americas,Caribbean,GDP per capita (current US$),NY.GDP.PCAP.CD,..,..,..,..,..,..,20930.58507,..,..,20638.76519,..,..,..,..,19033.05949,..,21668.37409,..,..,..
St. Martin (French part),MAF,Americas,Caribbean,GDP per capita growth (annual %),NY.GDP.PCAP.KD.ZG,..,..,..,..,..,..,..,..,..,..,1.218924777,5.54794889,-7.155852009,-5.892364166,11.92337033,-5.670344711,11.28972296,..,..,..
St. Martin (French part),MAF,Americas,Caribbean,GDP (current US$),NY.GDP.MKTP.CD,..,..,..,..,..,..,775875857.9,..,..,772921756.3,..,..,..,..,652205849.4,..,649206156.2,..,..,..
St. Vincent and the Grenadines,VCT,Americas,Caribbean,"Total reserves (includes gold, current US$)",FI.RES.TOTL.CD,69511994.42,78691580.85,86976851.96,83690185.43,87815455.43,112702057.9,89626356.91,111021926.1,135096711.2,157371371.5,166009602.2,192255789.8,182046079.2,169562298.9,193357067.4,205195146.8,311902935,320193327.2,280564003.8,316823948.6
St. Vincent and the Grenadines,VCT,Americas,Caribbean,Total reserves minus gold (current US$),FI.RES.XGLD.CD,69511994.42,78691580.85,86976851.96,83690185.43,87815455.43,112702057.9,89626356.91,111021926.1,135096711.2,157371371.5,166009602.2,192255789.8,182046079.2,169562298.9,193357067.4,205195146.8,311902935,320193327.2,280564003.8,316823948.6
St. Vincent and the Grenadines,VCT,Americas,Caribbean,GDP growth (annual %),NY.GDP.MKTP.KD.ZG,2.488557339,6.996926268,3.322968598,0.404640809,-1.378193606,-4.470467935,-0.606276651,1.169112184,2.462484172,1.250254369,2.783161194,4.145931682,1.448830634,3.175611442,0.668428481,-4.268924344,2.093401245,3.110833003,5.326364721,4.061834901
St. Vincent and the Grenadines,VCT,Americas,Caribbean,GDP per capita (constant 2015 US$),NY.GDP.PCAP.KD,6238.030621,6700.480656,6953.117094,7012.88003,6948.773569,6671.273536,6667.817025,6783.800622,6989.482545,7116.354803,7353.735561,7702.616964,7864.947369,8171.705226,8286.26735,7981.648581,8203.013352,8524.089852,9042.178161,9475.574083
St. Vincent and the Grenadines,VCT,Americas,Caribbean,GDP (constant 2015 US$),NY.GDP.MKTP.KD,701466543.4,750547640.2,775488102.6,778626043.9,767895069.6,733566566.7,729119123.9,737643344.4,755807695,765257213.7,786555555.6,819165611.5,831033933.8,857424342.5,863155611.1,826308151,843606096.2,869849273,916180617.8,953394361.9
St. Vincent and the Grenadines,VCT,Americas,Caribbean,Current account balance (% of GDP),BN.CAB.XOKA.GD.ZS,-14.03298925,-16.45801935,-21.37182008,-31.38874761,-25.67575015,-26.32547369,-22.33225803,-25.302753,-24.72665178,-25.20767995,-15.58128248,-13.0833804,-11.89467101,-10.30379625,-2.388153439,-15.89421706,-23.21110235,-20.19100258,-16.82747337,-13.53162729
St. Vincent and the Grenadines,VCT,Americas,Caribbean,Access to electricity (% of population),EG.ELC.ACCS.ZS,86.2,87.5,88.8,90.1,91.4,92.7,94.1,95.4,96.8,98.1,99.4,99.7,100,100,100,100,100,100,100,..
St. Vincent and the Grenadines,VCT,Americas,Caribbean,External balance on goods and services (% of GDP),NE.RSB.GNFS.ZS,..,..,..,..,..,..,..,..,..,..,..,..,..,..,..,..,..,..,..,..
St. Vincent and the Grenadines,VCT,Americas,Caribbean,GDP per capita (current US$),NY.GDP.PCAP.CD,5157.393739,5744.827862,6398.191235,6598.905315,6463.787773,6551.96836,6527.689969,6713.807686,7072.467372,7168.828753,7353.735561,7656.900429,7988.04445,8428.126772,8740.594252,8351.20324,8641.27904,9693.558678,10582.36567,11501.22652
St. Vincent and the Grenadines,VCT,Americas,Caribbean,GDP per capita growth (annual %),NY.GDP.PCAP.KD.ZG,2.839451911,7.413397957,3.770422614,0.859512862,-0.914124585,-3.99351095,-0.051811853,1.739453798,3.031957081,1.815188136,3.335707171,4.744274537,2.107470818,3.900316717,1.401936571,-3.676188032,2.773421663,3.914128696,6.077931115,4.793047802
St. Vincent and the Grenadines,VCT,Americas,Caribbean,GDP (current US$),NY.GDP.MKTP.CD,579948925.9,643501148.1,713596666.7,732663259.3,714300259.3,720447888.9,713796370.4,730032592.6,764781259.3,770900000,786555555.6,814303703.7,844040740.7,884329629.6,910481481.5,864566666.7,888677777.8,989188888.9,1072237037,1157207407
Sudan,SDN,Africa,Northern Africa,"Total reserves (includes gold, current US$)",FI.RES.TOTL.CD,1868587866,1659926272,1377921603,1399041060,1094176669,1036244171,192529339.7,192632614.7,192956941.6,181457169,173516490.9,168284353.1,177933851.8,..,..,..,..,..,..,..
Sudan,SDN,Africa,Northern Africa,Total reserves minus gold (current US$),FI.RES.XGLD.CD,1868587866,1659926272,1377921603,1399041060,1094176669,1036244171,192529339.7,192632614.7,192956941.6,181457169,173516490.9,168284353.1,177933851.8,..,..,..,..,..,..,..
Sudan,SDN,Africa,Northern Africa,GDP growth (annual %),NY.GDP.MKTP.KD.ZG,5.643515513,6.531411747,5.735274237,3.846744731,-2.767704366,3.858241952,-3.213532093,-17.0046884,1.955144633,4.661379542,1.910176891,3.467642184,0.709256285,-2.68093055,-2.178251045,-3.629800824,-1.868520483,-0.957816591,-29.43327183,-13.49329206
Sudan,SDN,Africa,Northern Africa,GDP per capita (constant 2015 US$),NY.GDP.PCAP.KD,1290.244385,1336.124023,1372.109619,1381.62561,1301.34729,1311.223145,1388.21814,1288.258545,1283.459229,1307.389648,1292.379639,1297.154541,1261.873535,1185.944458,1126.552979,1056.864746,1009.548889,973.2252808,677.7232056,581.5558472
Sudan,SDN,Africa,Northern Africa,GDP (constant 2015 US$),NY.GDP.MKTP.KD,50129334265,53403487492,56466323951,58638439293,57015500648,59215296614,57312394053,47566600027,48496595855,50757206253,51726758677,53520457581,53900054790,52455031755,51312429477,49449890489,48525909157,48061119948,33915159868,29338888295
Sudan,SDN,Africa,Northern Africa,Current account balance (% of GDP),BN.CAB.XOKA.GD.ZS,-7.028253811,-14.35108309,-6.051722008,-5.543269571,-9.54372817,-2.926189889,-4.821884965,-16.63187776,-13.53214881,-7.160136185,-10.55693458,-9.883461111,-11.16970545,-14.46939342,-14.7808389,-21.60647944,-7.654689625,-8.598899454,..,..
Sudan,SDN,Africa,Northern Africa,Access to electricity (% of population),EG.ELC.ACCS.ZS,30.5,30.8,31.1,20,29,36,38.3,40.7,43.1,44.9,48,50.5,53,55.3,57.6,59.7,61.8,63.2,66,..
Sudan,SDN,Africa,Northern Africa,External balance on goods and services (% of GDP),NE.RSB.GNFS.ZS,-6.953947715,-6.012743017,-0.602267913,3.789765425,-3.672482346,2.222902741,-2.554926967,-8.143269251,-7.844742165,-5.627286758,-5.532450996,-5.272687876,-5.607101313,-6.567514758,-9.21365362,0.295480313,0.372192217,0.443489225,-0.257511597,-0.075318072
Sudan,SDN,Africa,Northern Africa,GDP per capita (current US$),NY.GDP.PCAP.CD,905.5436401,1132.474609,1444.372192,1527.582397,1178.221802,1305.635986,1332.657227,1019.222107,1138.627808,1275.438354,1292.379639,1033.215942,966.5056763,731.0274658,709.9752808,577.7952271,712.1220093,1046.240845,797.2834473,989.3128662
Sudan,SDN,Africa,Northern Africa,GDP per capita growth (annual %),NY.GDP.PCAP.KD.ZG,2.75337218,3.555877526,2.693292113,0.693530744,-5.810421854,0.758886049,5.872001186,-7.200563692,-0.372546264,1.864529241,-1.148102931,0.369473162,-2.719874524,-6.01716756,-5.007959438,-6.185958079,-4.477007796,-3.598008466,-30.36317357,-14.1897699
Sudan,SDN,Africa,Northern Africa,GDP (current US$),NY.GDP.MKTP.CD,35182711988,45263831634,59440139775,64833083257,51621044077,58962978034,55018567211,37632919967,43024018082,49516748618,51726758677,42630376000,41283617976,32333780383,32338079165,27034593750,34229513775,51666875363,39898289821,49909807030
Suriname,SUR,Americas,South America,"Total reserves (includes gold, current US$)",FI.RES.TOTL.CD,141874019.1,237361004.2,403278663.5,602541474.4,657026656.4,690815612.9,816878191.1,1008868435,778764877.9,625144169.1,330244649.3,381050648.9,424603963.1,580780344.6,647934729.7,584929135.6,992256911.9,1194597644,1346122671,1632317813
Suriname,SUR,Americas,South America,Total reserves minus gold (current US$),FI.RES.XGLD.CD,125776538.1,215515802.9,370083172,561929086.6,596597837.8,601731467.1,708359441.3,885111896.9,738413670.2,573285710.8,284664246.4,351978924.1,385461409.4,524017424.4,566576009,495997605.1,906664252.2,1109369438,1249135526,1530494164
Suriname,SUR,Americas,South America,GDP growth (annual %),NY.GDP.MKTP.KD.ZG,4.500000211,5.793543585,5.111487778,4.143406812,3.013698983,5.168825152,5.849367672,2.690349747,2.933441652,0.255503032,-3.413042681,-4.911660509,1.566037825,4.948271085,1.167589772,-15.97519171,-2.435385836,2.406222356,2.539566754,2.839586028
Suriname,SUR,Americas,South America,GDP per capita (constant 2015 US$),NY.GDP.PCAP.KD,7261.817135,7599.356969,7897.256489,8129.114647,8276.690798,8603.907867,9003.285977,9140.928986,9303.460088,9224.243784,8813.617054,8293.31553,8338.692354,8666.648707,8677.30522,7213.107667,6973.899419,7081.333573,7195.10209,7334.741481
Suriname,SUR,Americas,South America,GDP (constant 2015 US$),NY.GDP.MKTP.KD,3771156042,3989639611,4193569552,4367326198,4498944264,4731486826,5008248887,5142988298,5293854859,5307380819,5126237646,4874454256,4950790054,5195768566,5256433829,4416708447,4309144555,4412832155,4524898973,4653387372
Suriname,SUR,Americas,South America,Current account balance (% of GDP),BN.CAB.XOKA.GD.ZS,-8.179945885,8.399392451,11.05014886,9.218875026,2.871954315,14.8990514,9.753032387,3.260466996,-3.809073339,-7.944542978,-15.3413675,-4.837550002,1.925511283,-2.970654266,-11.16161729,8.923879812,5.668817254,2.012884302,4.286869756,0.19740502
Suriname,SUR,Americas,South America,Access to electricity (% of population),EG.ELC.ACCS.ZS,94.9,91,94.7,94.7,94.6,91.2,94.6,94.6,94.6,94.6,95,95.8,96.6,97.4,97.9,98.4,98.8,99,99.6,..
Suriname,SUR,Americas,South America,External balance on goods and services (% of GDP),NE.RSB.GNFS.ZS,..,7.327227311,6.872596452,4.65044339,0.329009212,14.13324439,..,..,..,..,..,..,..,..,..,..,..,..,..,..
Suriname,SUR,Americas,South America,GDP per capita (current US$),NY.GDP.PCAP.CD,3453.428659,5002.657987,5530.176156,6576.085463,7129.576863,7943.604828,7949.888672,8851.240507,9043.192815,9108.189054,8813.617054,5644.206106,6049.521286,6665.741805,6629.667752,4755.392217,5029.848385,6084.438767,5494.074094,7430.702192
Suriname,SUR,Americas,South America,GDP per capita growth (annual %),NY.GDP.PCAP.KD.ZG,3.415384572,4.648145608,3.920062199,2.935932976,1.815402507,3.953477033,4.641822245,1.52880859,1.778058903,-0.851471419,-4.451603186,-5.903382464,0.54714937,3.932947026,0.122960023,-16.87387405,-3.316299424,1.540517695,1.606597344,1.940756204
Suriname,SUR,Americas,South America,GDP (current US$),NY.GDP.MKTP.CD,1793410397,2626380435,2936612022,3532969035,3875409836,4368370998,4422276622,4980000000,5145757576,5240606061,5126237646,3317421648,3591679431,3996198867,4016040575,2911807496,3107923198,3791603200,3455146281,4714267822
Sweden,SWE,Europe,Northern Europe,"Total reserves (includes gold, current US$)",FI.RES.TOTL.CD,24867578418,28017219694,31033035734,29727344092,47255415701,48246149256,50213891951,52245310612,65363359246,62579168751,58098544753,59361642625,62191481194,60566144401,55509629820,58260344659,62053165557,64288785008,60862760991,62569356007
Sweden,SWE,Europe,Northern Europe,Total reserves minus gold (current US$),FI.RES.XGLD.CD,22090103214,24777762720,27044352789,25896400629,42859612978,42564953184,44025410140,45519227181,60494628782,57704375110,53813900259,54729780243,56951028194,55385715101,49353663820,50616518459,54696321357,56963266308,52526540191,52023373807
Sweden,SWE,Europe,Northern Europe,GDP growth (annual %),NY.GDP.MKTP.KD.ZG,2.79317686,4.675998703,3.224911324,-0.923123086,-4.255573745,5.750735839,3.163910497,-0.414465737,1.137716508,2.295763792,4.410140687,2.349740807,1.825156018,1.902964573,2.549647872,-2.005337522,5.937508589,1.4592885,-0.114161935,0.973832213
Sweden,SWE,Europe,Northern Europe,GDP per capita (constant 2015 US$),NY.GDP.PCAP.KD,46188.84111,48077.44087,49261.23995,48427.75638,45973.55377,48204.65808,49355.68995,48788.86712,48927.59731,49556.7005,51197.95293,51746.69696,51985.93247,52363.38291,53156.86131,51715.78104,54458.35356,54878.29195,54557.13,54916.03039
Sweden,SWE,Europe,Northern Europe,GDP (constant 2015 US$),NY.GDP.MKTP.KD,4.17065E+11,4.36567E+11,4.50646E+11,4.46486E+11,4.27486E+11,4.52069E+11,4.66372E+11,4.64439E+11,4.69723E+11,4.80507E+11,5.01698E+11,5.13487E+11,5.22859E+11,5.32809E+11,5.46393E+11,5.35436E+11,5.67228E+11,5.75505E+11,5.74848E+11,5.80446E+11
Sweden,SWE,Europe,Northern Europe,Current account balance (% of GDP),BN.CAB.XOKA.GD.ZS,6.020914286,8.157714097,8.147638772,7.928804011,5.967619972,5.925039476,5.51025823,5.533018071,4.334774529,3.250466107,2.593839782,1.846795989,2.074325706,2.192064752,5.327120648,5.797583322,6.18068055,3.77354628,5.749689394,5.964483959
Sweden,SWE,Europe,Northern Europe,Access to electricity (% of population),EG.ELC.ACCS.ZS,100,100,100,100,100,100,100,100,100,100,100,100,100,100,100,100,100,100,100,..
Sweden,SWE,Europe,Northern Europe,External balance on goods and services (% of GDP),NE.RSB.GNFS.ZS,6.494186648,6.865309987,5.900063131,5.21871441,4.958800006,4.661454454,4.436391904,4.367927933,3.831175555,3.093335163,3.259860885,2.557094095,1.867220958,1.652194127,3.961344153,4.189104194,4.321305735,1.905540994,4.023571254,4.391622617
Sweden,SWE,Europe,Northern Europe,GDP per capita (current US$),NY.GDP.PCAP.CD,43378.61521,46531.60011,53568.56455,55817.43927,46707.86732,52542.82741,60379.77482,57749.82513,60844.27671,59583.714,51197.95293,51820.39725,53300.85873,54181.90698,51773.04646,52653.75659,61174.96802,55296.93715,55567.08901,57723.2345
Sweden,SWE,Europe,Northern Europe,GDP per capita growth (annual %),NY.GDP.PCAP.KD.ZG,2.382884004,4.088865868,2.462275566,-1.69196628,-5.067760299,4.853016846,2.387802168,-1.148444743,0.284348039,1.285783938,3.311867865,1.071808537,0.462320335,0.726062663,1.51533067,-2.710995801,5.3031637,0.771118404,-0.585225856,0.657843244
Sweden,SWE,Europe,Northern Europe,GDP (current US$),NY.GDP.MKTP.CD,3.9169E+11,4.2253E+11,4.9005E+11,5.14617E+11,4.34314E+11,4.92753E+11,5.70541E+11,5.49742E+11,5.84128E+11,5.7773E+11,5.01698E+11,5.14218E+11,5.36084E+11,5.51312E+11,5.32169E+11,5.45148E+11,6.37187E+11,5.79896E+11,5.8549E+11,6.10118E+11
Switzerland,CHE,Europe,Western Europe,"Total reserves (includes gold, current US$)",FI.RES.TOTL.CD,57575300181,64461048830,75172320982,74145636041,1.34566E+11,2.7048E+11,3.30586E+11,5.31302E+11,5.36235E+11,5.45787E+11,6.02403E+11,6.7891E+11,8.11031E+11,7.87021E+11,8.54929E+11,1.0834E+12,1.10982E+12,9.23628E+11,8.63892E+11,9.09366E+11
Switzerland,CHE,Europe,Western Europe,Total reserves minus gold (current US$),FI.RES.XGLD.CD,36297267163,38093708498,44474205416,45060945491,98199375893,2.23481E+11,2.7939E+11,4.75659E+11,4.95958E+11,5.05463E+11,5.6696E+11,6.40594E+11,7.6768E+11,7.44167E+11,8.04004E+11,1.02017E+12,1.04896E+12,8.63028E+11,7.94931E+11,8.2213E+11
Switzerland,CHE,Europe,Western Europe,GDP growth (annual %),NY.GDP.MKTP.KD.ZG,2.749699106,4.073628418,3.916375772,2.807983592,-2.297374526,3.243397157,1.813108305,1.179253853,1.792144007,2.349881415,1.644627508,2.06868969,1.362799655,2.860445794,1.14198219,-2.14173712,5.559620206,3.04406103,0.683328174,1.302333325
Switzerland,CHE,Europe,Western Europe,GDP per capita (constant 2015 US$),NY.GDP.PCAP.KD,76282.98407,78893.80782,81254.1701,82481.06806,79585.5217,81315.42283,81874.33624,81964.88649,82479.92157,83394.37129,83806.4476,84611.09987,84967.58865,86756.60223,87123.66042,84637.01329,88661.20298,90605.01943,90084.83417,89783.12814
Switzerland,CHE,Europe,Western Europe,GDP (constant 2015 US$),NY.GDP.MKTP.KD,5.67325E+11,5.90436E+11,6.1356E+11,6.30788E+11,6.16297E+11,6.36286E+11,6.47822E+11,6.55462E+11,6.67209E+11,6.82887E+11,6.94118E+11,7.08477E+11,7.18132E+11,7.38674E+11,7.4711E+11,7.31109E+11,7.71756E+11,7.95248E+11,8.00682E+11,8.1111E+11
Switzerland,CHE,Europe,Western Europe,Current account balance (% of GDP),BN.CAB.XOKA.GD.ZS,11.36364752,12.4839417,8.320406528,1.326441803,5.849950642,13.03328037,6.211198937,8.877328183,9.606768907,6.866976019,8.878979615,7.276412514,5.344109866,5.049918258,3.512294481,0.375066945,7.056914445,8.729478985,5.305626968,5.035620933
Switzerland,CHE,Europe,Western Europe,Access to electricity (% of population),EG.ELC.ACCS.ZS,100,100,100,100,100,100,100,100,100,100,100,100,100,100,100,100,100,100,100,..
Switzerland,CHE,Europe,Western Europe,External balance on goods and services (% of GDP),NE.RSB.GNFS.ZS,5.447175921,6.973215664,9.773771332,9.480637238,6.243353312,9.610132762,7.34357414,9.100885643,10.44271883,10.46111685,10.51942914,10.06952734,9.075172962,10.52786788,9.803175179,6.405136176,12.22220454,13.77883678,11.34631529,10.22274101
Switzerland,CHE,Europe,Western Europe,GDP per capita (current US$),NY.GDP.PCAP.CD,56242.89336,59011.03246,64989.15533,74175.19279,71568.31239,76531.37282,90476.75897,85836.20768,87304.33058,88724.99107,83806.4476,82153.07454,82254.37705,85217.36915,84121.93103,85897.78433,93664.77367,94394.51068,100631.8028,103669.872
Switzerland,CHE,Europe,Western Europe,GDP per capita growth (annual %),NY.GDP.PCAP.KD.ZG,2.093586728,3.422550628,2.991821978,1.509950755,-3.510558756,2.173637987,0.687339981,0.110596623,0.628360626,1.108693733,0.494129646,0.960131696,0.42132626,2.10552472,0.423089634,-2.854158236,4.754645193,2.192409289,-0.57412411,-0.334913231
Switzerland,CHE,Europe,Western Europe,GDP (current US$),NY.GDP.MKTP.CD,4.18285E+11,4.41635E+11,4.90741E+11,5.67268E+11,5.54213E+11,5.98851E+11,7.15888E+11,6.8642E+11,7.06235E+11,7.26538E+11,6.94118E+11,6.87895E+11,6.95201E+11,7.25569E+11,7.21369E+11,7.41999E+11,8.15309E+11,8.28509E+11,8.94425E+11,9.36564E+11
Syrian Arab Republic,SYR,Asia,Western Asia,"Total reserves (includes gold, current US$)",FI.RES.TOTL.CD,17774179270,16996900531,17707471674,17783782584,18300334790,20631907297,..,..,..,..,..,..,..,..,..,..,..,..,..,..
Syrian Arab Republic,SYR,Asia,Western Asia,Total reserves minus gold (current US$),FI.RES.XGLD.CD,17346850270,16467362431,17012957924,17061890084,17397709790,19465342297,..,..,..,..,..,..,..,..,..,..,..,..,..,..
Syrian Arab Republic,SYR,Asia,Western Asia,GDP growth (annual %),NY.GDP.MKTP.KD.ZG,6.215077835,5.046195556,5.674591777,4.476672736,5.912042793,5.191905841,2.850002844,-26.33901708,-26.30008766,-10.31033991,-4.179791613,-6.405590739,-0.723281777,1.393176078,1.220705221,-0.697154504,1.854215901,0.732781302,-1.207264203,..
Syrian Arab Republic,SYR,Asia,Western Asia,GDP per capita (constant 2015 US$),NY.GDP.PCAP.KD,1411.631849,1420.722931,1411.689914,1423.595594,1484.405237,1526.368944,1542.719572,1142.290802,884.3298133,847.6598772,847.7316319,802.9694983,795.883217,792.4138117,771.5186953,740.811397,734.3342363,712.2722782,669.8996939,..
Syrian Arab Republic,SYR,Asia,Western Asia,GDP (constant 2015 US$),NY.GDP.MKTP.KD,26558570073,27898767456,29481908620,30801717185,32622727886,34316469201,35294489549,25998267919,19160700666,17185167298,16466863117,15412063258,15300590613,15513754781,15703131996,15593656904,15882796970,15999183136,15806030725,..
Syrian Arab Republic,SYR,Asia,Western Asia,Current account balance (% of GDP),BN.CAB.XOKA.GD.ZS,1.036073174,2.72518889,1.13572801,0.897965594,-1.902591436,-0.59844193,..,..,..,..,..,..,..,..,..,..,..,..,..,..
Syrian Arab Republic,SYR,Asia,Western Asia,Access to electricity (% of population),EG.ELC.ACCS.ZS,92,99.5,91.5,91.3,91.1,92.7,91.5,90.7,90.4,90.2,90,89.8,89.6,86,89.2,89,88.8,89,88.4,..
Syrian Arab Republic,SYR,Asia,Western Asia,External balance on goods and services (% of GDP),NE.RSB.GNFS.ZS,1.951756395,3.817646391,0.809416688,0.896179015,-1.825005306,0.323406069,-11.9574387,-19.93945469,-29.14921884,-40.23286338,-22.50399851,-23.75173873,-22.371501,-20.82504369,-15.9793382,-17.44632036,-30.19454395,-21.98921432,..,..
Syrian Arab Republic,SYR,Asia,Western Asia,GDP per capita (current US$),NY.GDP.PCAP.CD,1533.901665,1718.783472,1937.611386,2429.124771,2462.201936,2730.614771,2952.143494,1897.66115,985.8926692,1060.591059,847.7316319,656.3490586,851.5020053,1098.066864,1109.53926,572.3552898,663.6142457,1051.671496,847.3727234,..
Syrian Arab Republic,SYR,Asia,Western Asia,GDP per capita growth (annual %),NY.GDP.PCAP.KD.ZG,3.520951684,0.644012233,-0.635804298,0.843363715,4.271553201,2.826971068,1.071210718,-25.956031,-22.58277733,-4.146635743,0.008465039,-5.280224533,-0.882509408,-0.435918888,-2.636894526,-3.980110715,-0.874333294,-3.004348297,-5.948930711,..
Syrian Arab Republic,SYR,Asia,Western Asia,GDP (current US$),NY.GDP.MKTP.CD,28858965517,33751788856,40465318382,52557913569,54111735629,61390830875,67539428159,43190318033,21361254635,21502061466,16466863117,12597854877,16369843352,21497782868,22583045060,12047752036,14353205678,23622827080,19993439950,..
Tajikistan,TJK,Asia,Central Asia,"Total reserves (includes gold, current US$)",FI.RES.TOTL.CD,188914218.3,203823197.2,85217536.02,163514355,254940310.8,403106833.9,518942135.2,630690451.2,661311872.5,512645031.2,493391433,644763434.4,1291955731,1284070863,1466304531,2238305810,2498779540,3847356746,3303825210,..
Tajikistan,TJK,Asia,Central Asia,Total reserves minus gold (current US$),FI.RES.XGLD.CD,168219798.3,175114985.2,40086648.52,103849505,174563185.8,324188008.9,289292135.2,297890451.2,460726487.5,177442155.2,64442293.04,107303103.3,641772480.8,366793958.4,519592242.3,1394586288,2382718716,3354506559,3303825210,..
Tajikistan,TJK,Asia,Central Asia,GDP growth (annual %),NY.GDP.MKTP.KD.ZG,6.699998517,7.000003211,7.800000119,7.899998272,3.900001148,6.499999086,7.4000006,7.499999463,7.399999747,6.70000069,6.019303318,6.9,7.100000419,7.59999889,7.400000163,4.400001116,9.39999955,8.000000338,8.299999217,8.39999981
Tajikistan,TJK,Asia,Central Asia,GDP per capita (constant 2015 US$),NY.GDP.PCAP.KD,618.3337026,649.1633288,686.4809019,726.1854913,739.2128785,770.6041054,809.3682292,849.5190808,889.8823831,925.9709615,956.9163109,997.3526146,1042.263918,1094.800202,1148.346767,1171.901275,1254.069996,1325.755453,1407.107544,1496.338134
Tajikistan,TJK,Asia,Central Asia,GDP (constant 2015 US$),NY.GDP.MKTP.KD,4281787757,4581513037,4938871060,5329041788,5536874479,5896771270,6333132379,6808117273,7311917934,7801816486,8271431485,8842160258,9469953673,10189670047,10943705647,11425228817,12499200275,13499136339,14619564550,15847607944
Tajikistan,TJK,Asia,Central Asia,Current account balance (% of GDP),BN.CAB.XOKA.GD.ZS,-12.80987764,-13.15841183,-32.09625939,-20.51385491,-14.40853187,-10.29875658,-6.336558673,-8.926954867,-10.47288215,-3.472712279,-5.767738651,-4.159173766,2.109352619,-4.889664631,-2.232249185,4.349180926,8.229378666,15.25736343,4.769800544,6.244580897
Tajikistan,TJK,Asia,Central Asia,Access to electricity (% of population),EG.ELC.ACCS.ZS,99.3,98.6,98.6,98.6,99,98.8,98.9,99.1,99,99.1,98,99.3,99.3,99.3,99.4,99.5,99.6,100,100,..
Tajikistan,TJK,Asia,Central Asia,External balance on goods and services (% of GDP),NE.RSB.GNFS.ZS,-18.51080954,-24.84146028,-53.80962794,-46.45055628,-37.03613932,-43.61499326,-46.88887337,-48.62138478,-49.56745557,-36.26697723,-30.33241921,-29.32398618,-23.92902538,-27.09515446,-26.08513737,-21.10047488,-23.46207766,-32.7292635,-31.25102612,..
Tajikistan,TJK,Asia,Central Asia,GDP per capita (current US$),NY.GDP.PCAP.CD,333.9271509,401.0184033,516.9972106,703.3273759,664.7956557,737.3388832,833.6019782,952.4528197,1028.197043,1081.544029,956.9163109,788.7104817,829.4571476,834.2884046,871.0223729,834.3117155,896.7480534,1052.179495,1178.479901,1341.20229
Tajikistan,TJK,Asia,Central Asia,GDP per capita growth (annual %),NY.GDP.PCAP.KD.ZG,4.632585119,4.985920392,5.748564578,5.783786454,1.793947599,4.246574671,5.03035521,4.960764487,4.751312028,4.055432388,3.341935194,4.225688617,4.503051615,5.040593209,4.890989718,2.051166804,7.011573661,5.71622455,6.136281811,6.34141937
Tajikistan,TJK,Asia,Central Asia,GDP (current US$),NY.GDP.MKTP.CD,2312352021,2830213849,3719524541,5161299725,4979472364,5642221099,6522756255,7633036903,8448411318,9112605459,8271431485,6992416097,7536402853,7764999999,8300813599,8133963551,8937805347,10713525200,12244169293,14204575549
Tanzania,TZA,Africa,Eastern Africa,"Total reserves (includes gold, current US$)",FI.RES.TOTL.CD,2048775519,2259345786,2886381414,2862895993,3470413229,3904676572,3726158402,4052224338,4673729809,4390430241,4080762378,4350687048,5887869885,5049646420,..,..,..,..,..,..
Tanzania,TZA,Africa,Eastern Africa,Total reserves minus gold (current US$),FI.RES.XGLD.CD,2048775519,2259345786,2886381414,2862895993,3470413229,3904676572,3726158402,4052224338,4673729809,4390430241,4080762378,4350687048,5887869885,5049646420,..,..,..,..,..,..
Tanzania,TZA,Africa,Eastern Africa,GDP growth (annual %),NY.GDP.MKTP.KD.ZG,7.47631926,6.532221388,6.768535203,5.686416859,5.269105249,6.336523427,7.672155435,4.50015356,6.781585601,6.732461868,6.160628774,6.867116196,6.762277168,5.468081815,5.8,1.991964606,4.321384295,4.566005764,5.069523532,5.526313831
Tanzania,TZA,Africa,Eastern Africa,GDP per capita (constant 2015 US$),NY.GDP.PCAP.KD,680.0512085,704.5027466,731.5200195,752.5404663,772.9295654,801.2993164,838.9992676,851.9107056,882.8115234,913.8112183,939.1273193,970.1561279,1001.887451,1024.015259,1051.766602,1041.259644,1054.317261,1070.585327,1092.864136,1120.77417
Tanzania,TZA,Africa,Eastern Africa,GDP (constant 2015 US$),NY.GDP.MKTP.KD,25882267435,27572954444,29439239572,31113277454,32752668790,34828049321,37500111399,39187673998,41845219655,44662433112,47413919817,50669888784,54096327105,57054358530,60363511325,61565931105,64226431583,67159014151,70563656178,74463225268
Tanzania,TZA,Africa,Eastern Africa,Current account balance (% of GDP),BN.CAB.XOKA.GD.ZS,-5.939310267,-5.918702846,-7.844016668,-9.221063417,-6.156052481,-6.905905149,-12.64083342,-9.493817086,-10.92678992,-9.975750008,-5.522795323,-2.446517272,-2.773406654,-4.050309222,-2.196155064,-2.20762106,-3.360232682,-7.235341534,-3.741731926,..
Tanzania,TZA,Africa,Eastern Africa,Access to electricity (% of population),EG.ELC.ACCS.ZS,13.8,14.9,15.9,11.5,11.2,14.8,14.2,15.3,16.4,23.5,26.2,32.8,32.1,34.9,37.7,39.9,42.7,45.8,48.3,..
Tanzania,TZA,Africa,Eastern Africa,External balance on goods and services (% of GDP),NE.RSB.GNFS.ZS,-2.992539176,-5.938183573,-8.397143606,-10.09732184,-7.144068983,-8.425381956,-12.89755953,-9.624725712,-10.60605233,-9.217603791,-6.547857772,-2.720520272,-1.785608854,-3.164323118,-0.945096953,-0.955267505,-1.675139354,-4.17603067,-3.821175054,-1.85215498
Tanzania,TZA,Africa,Eastern Africa,GDP per capita (current US$),NY.GDP.PCAP.CD,483.3348694,475.7467346,543.1983032,675.9772339,693.8235474,736.5301514,775.3927612,861.9699097,963.0571289,1022.748413,939.1273193,953.0107422,986.6740112,1023.106262,1063.32251,1117.415283,1159.856567,1207.853027,1224.489624,1185.745483
Tanzania,TZA,Africa,Eastern Africa,GDP per capita growth (annual %),NY.GDP.PCAP.KD.ZG,4.540186498,3.595549271,3.834933117,2.873538987,2.709365897,3.67041498,4.704850043,1.538920327,3.627227942,3.511479463,2.77038212,3.304006659,3.270742717,2.208610067,2.71005882,-0.998987837,1.254017611,1.542997924,2.080992431,2.553848269
Tanzania,TZA,Africa,Eastern Africa,GDP (current US$),NY.GDP.MKTP.CD,18395383647,18619859795,21860434823,27947821398,29400573554,32012892919,34657140096,39650394363,45648857242,49986726461,47413919817,49774409374,53274884533,57003712892,61026731926,66068737786,70655628148,75769974505,79062403837,78779864877
Thailand,THA,Asia,South-Eastern Asia,"Total reserves (includes gold, current US$)",FI.RES.TOTL.CD,52075784294,67007805168,87472466803,1.11009E+11,1.38419E+11,1.72028E+11,1.74891E+11,1.81481E+11,1.6723E+11,1.57163E+11,1.5646E+11,1.71772E+11,2.02538E+11,2.05641E+11,2.24356E+11,2.58104E+11,2.46025E+11,2.16501E+11,2.2447E+11,2.36934E+11
Thailand,THA,Asia,South-Eastern Asia,Total reserves minus gold (current US$),FI.RES.XGLD.CD,50690684294,65291415168,85221341803,1.08661E+11,1.35483E+11,1.6753E+11,1.67389E+11,1.73328E+11,1.61328E+11,1.51253E+11,1.51266E+11,1.66157E+11,1.96121E+11,1.99296E+11,2.16817E+11,2.48743E+11,2.31737E+11,2.02274E+11,2.08281E+11,2.17261E+11
Thailand,THA,Asia,South-Eastern Asia,GDP growth (annual %),NY.GDP.MKTP.KD.ZG,4.187638429,4.967810892,5.435151691,1.725698849,-0.690618232,7.513390533,0.840132083,7.242796202,2.687495563,0.984468864,3.134047249,3.435157717,4.177681032,4.222870287,2.114557796,-6.050038469,1.552166084,2.580378747,2.017750953,2.525961758
Thailand,THA,Asia,South-Eastern Asia,GDP per capita (constant 2015 US$),NY.GDP.PCAP.KD,4372.257302,4551.525002,4760.667085,4805.76394,4737.456798,5059.357478,5070.237402,5403.87846,5516.611642,5541.465994,5688.853354,5857.780529,6076.743077,6314.199484,6434.537705,6035.186277,6121.526965,6278.785514,6408.414326,6573.4443
Thailand,THA,Asia,South-Eastern Asia,GDP (constant 2015 US$),NY.GDP.MKTP.KD,2.88645E+11,3.02984E+11,3.19452E+11,3.24965E+11,3.22721E+11,3.46968E+11,3.49883E+11,3.75224E+11,3.85308E+11,3.89102E+11,4.01296E+11,4.15081E+11,4.32422E+11,4.50683E+11,4.60213E+11,4.3237E+11,4.39081E+11,4.50411E+11,4.59499E+11,4.71106E+11
Thailand,THA,Asia,South-Eastern Asia,Current account balance (% of GDP),BN.CAB.XOKA.GD.ZS,-4.036464315,1.043807624,5.926654231,0.319466151,7.876559503,3.367324672,2.542170963,-1.23233638,-2.101534589,2.858284099,6.915815172,10.50835439,9.631030192,5.619863146,7.032726403,4.182828615,-2.118253127,-3.462523753,1.436619083,2.153390244
Thailand,THA,Asia,South-Eastern Asia,Access to electricity (% of population),EG.ELC.ACCS.ZS,92.8,99.1,94.1,94.8,99,99.7,99.3,99.1,99.4,99.5,99.6,99.9,99.9,99.8,99.9,100,100,99.9,100,..
Thailand,THA,Asia,South-Eastern Asia,External balance on goods and services (% of GDP),NE.RSB.GNFS.ZS,-1.04843303,3.263737875,7.871323351,2.395824673,9.607806129,5.72182368,2.034411536,0.227532749,1.880007972,5.882774878,10.43371839,13.56654065,12.4542375,8.834329068,9.348266529,5.188109971,-0.134166251,-2.1131837,2.065011728,3.353032007
Thailand,THA,Asia,South-Eastern Asia,GDP per capita (current US$),NY.GDP.PCAP.CD,2867.703834,3331.320435,3918.528174,4309.135093,4135.43987,4973.862888,5373.623283,5725.528028,6018.082447,5801.197892,5688.853354,5833.577156,6413.091825,7099.776501,7605.696578,6985.643939,7057.207548,6909.352818,7195.101309,7345.13569
Thailand,THA,Asia,South-Eastern Asia,GDP per capita growth (annual %),NY.GDP.PCAP.KD.ZG,3.295375785,4.100117797,4.594989212,0.94728017,-1.421358667,6.794799286,0.21504556,6.580383363,2.08615316,0.450536554,2.659717853,2.969441553,3.737978003,3.907626242,1.905834958,-6.206373264,1.430621756,2.568943164,2.064552319,2.57520763
Thailand,THA,Asia,South-Eastern Asia,GDP (current US$),NY.GDP.MKTP.CD,1.89318E+11,2.21758E+11,2.62943E+11,2.91383E+11,2.81711E+11,3.41105E+11,3.70819E+11,3.97558E+11,4.20334E+11,4.07339E+11,4.01296E+11,4.13366E+11,4.56357E+11,5.06754E+11,5.43977E+11,5.00462E+11,5.06195E+11,4.95645E+11,5.15906E+11,5.26411E+11
Timor-Leste,TLS,Asia,South-Eastern Asia,"Total reserves (includes gold, current US$)",FI.RES.TOTL.CD,153299848.3,83755117.64,230271660.4,210423736.9,249928530.8,406188384,461610881,883551410.8,686998202.8,311471064.6,437752181,280953720.7,544434361,673903564.7,656221032.7,667685724.2,979959343.8,873769544.8,825304004.3,780435177.9
Timor-Leste,TLS,Asia,South-Eastern Asia,Total reserves minus gold (current US$),FI.RES.XGLD.CD,153299848.3,83755117.64,230271660.4,210423736.9,249928530.8,406188384,461610881,883551410.8,686998202.8,311471064.6,437752181,280953720.7,544434361,673903564.7,656221032.7,667685724.2,979959343.8,873769544.8,825304004.3,780435177.9
Timor-Leste,TLS,Asia,South-Eastern Asia,GDP growth (annual %),NY.GDP.MKTP.KD.ZG,2.984579638,-4.116092689,10.26538845,11.39480483,10.14695442,9.331511766,5.958539712,4.860621868,3.104366832,4.472498466,2.480040402,3.009930626,-3.182415225,0.000114755,23.41201358,31.96191857,5.315538537,-20.54158475,-18.12479096,-2.189121556
Timor-Leste,TLS,Asia,South-Eastern Asia,GDP per capita (constant 2015 US$),NY.GDP.PCAP.KD,964.0266142,897.5737637,961.8484621,1042.868354,1120.096984,1195.380862,1237.483833,1269.416293,1281.928641,1312.964941,1319.592974,1333.658547,1267.086601,1243.000692,1504.549886,1947.839941,2014.782267,1578.517784,1278.418647,1235.83411
Timor-Leste,TLS,Asia,South-Eastern Asia,GDP (constant 2015 US$),NY.GDP.MKTP.KD,914197042.5,876567844.9,966550939.2,1076687532,1185938525,1296604518,1373863214,1440641509,1485364307,1551797202,1590282400,1638148797,1586016100,1586017920,1957336651,2582938998,2720236116,2161456509,1769697035,1730956216
Timor-Leste,TLS,Asia,South-Eastern Asia,Current account balance (% of GDP),BN.CAB.XOKA.GD.ZS,..,119.2072662,216.8780563,311.7460573,176.762854,189.5182933,225.0328852,235.7506054,171.2394398,76.41671454,14.13694826,-32.49537357,-21.39471644,-12.28461334,21.87460646,23.81054216,46.81269615,12.71769762,-8.526133172,-30.04044336
Timor-Leste,TLS,Asia,South-Eastern Asia,Access to electricity (% of population),EG.ELC.ACCS.ZS,33.5,36.7,36.6,43.1,46.3,38,52.7,56,59.2,62.4,67.3,76.5,79.5,85.2,90.6,96,100,99.7,100,..
Timor-Leste,TLS,Asia,South-Eastern Asia,External balance on goods and services (% of GDP),NE.RSB.GNFS.ZS,-60.39831872,-80.41710262,-108.7669866,-116.5579325,-139.3537934,-117.2712545,-127.9547652,-114.2548436,-68.46493807,-73.59217931,-53.97630635,-53.997776,-53.81672815,-58.95611905,-28.18560873,-11.4178814,27.16287084,13.60218533,-43.44961551,..
Timor-Leste,TLS,Asia,South-Eastern Asia,GDP per capita (current US$),NY.GDP.PCAP.CD,487.4645554,464.6670018,540.1545842,628.1532193,686.5792958,813.0601773,939.0452411,1022.619032,1204.568415,1224.749578,1319.592974,1335.543901,1266.17768,1219.465997,1562.364581,1630.869385,2684.827024,2343.245234,1502.519645,1343.14886
Timor-Leste,TLS,Asia,South-Eastern Asia,GDP per capita growth (annual %),NY.GDP.PCAP.KD.ZG,0.895481907,-6.893258913,7.160937744,8.423353109,7.405405459,6.721192805,3.522138571,2.580434513,0.985677294,2.421062989,0.504814158,1.065902397,-4.991678385,-1.900888948,21.04175768,29.4633006,3.436746752,-21.65318262,-19.01145113,-3.331032232
Timor-Leste,TLS,Asia,South-Eastern Asia,GDP (current US$),NY.GDP.MKTP.CD,462268000,453792400,542795400,648523600,726937800,881909300,1042534600,1160555000,1395727400,1447535200,1590282400,1640464600,1584878400,1555988614,2032550389,2162619241,3624889673,3208593982,2079916909,1881265333
Togo,TGO,Africa,Western Africa,"Total reserves (includes gold, current US$)",FI.RES.TOTL.CD,..,..,..,..,..,..,..,..,..,..,..,..,..,..,..,..,..,..,..,..
Togo,TGO,Africa,Western Africa,Total reserves minus gold (current US$),FI.RES.XGLD.CD,..,..,..,..,..,..,..,..,..,..,..,..,..,..,..,..,..,..,..,..
Togo,TGO,Africa,Western Africa,GDP growth (annual %),NY.GDP.MKTP.KD.ZG,-4.666299384,2.650132099,-1.175120392,4.035645276,5.453823993,5.854352694,5.823252237,6.302695421,5.824265832,5.633240218,5.468031293,4.214895609,4.008133262,4.79506027,4.922925917,1.992155019,5.990876104,5.759542515,6.407922156,5.300005314
Togo,TGO,Africa,Western Africa,GDP per capita (constant 2015 US$),NY.GDP.PCAP.KD,630.2486283,629.0798559,603.8378964,610.4056557,625.7118367,644.5637303,663.9637781,687.4957957,709.0923042,730.2915254,751.0524051,763.2765491,774.2769091,791.5935324,810.5141328,806.9564904,835.1990513,862.7637127,896.8746869,923.4768814
Togo,TGO,Africa,Western Africa,GDP (constant 2015 US$),NY.GDP.MKTP.KD,3683570671,3781190160,3736756623,3887558865,4099579483,4339583325,4592288208,4881726147,5166050855,5457066909,5755461035,5998047710,6238457455,6537595250,6859436221,6996086824,7415213718,7842296104,8344824334,8787100467
Togo,TGO,Africa,Western Africa,Current account balance (% of GDP),BN.CAB.XOKA.GD.ZS,-6.330897062,-5.313248736,-5.74598286,-4.867210386,-3.756552616,-4.211675509,-5.571342457,-5.433021291,-9.439441135,-7.171078508,-8.01021155,-7.191802524,-1.513024936,-2.629729508,-0.792877889,-0.280228714,..,..,..,..
Togo,TGO,Africa,Western Africa,Access to electricity (% of population),EG.ELC.ACCS.ZS,26.5,27.9,30,31.8,33.7,30.8,39.7,39.1,41,45.7,44.7,46.8,48,50,52.5,54.1,55.7,57.2,59.2,..
Togo,TGO,Africa,Western Africa,External balance on goods and services (% of GDP),NE.RSB.GNFS.ZS,-11.08900283,-11.51746757,-13.03755918,-12.1823824,-11.03301966,-11.9308206,-15.39822056,-10.44716531,-14.64449565,-13.24861716,-16.24793831,-13.53601219,-7.856776942,-8.907898781,-8.517487979,-9.021481395,-10.32591661,-14.28944285,-13.61690883,-13.7078978
Togo,TGO,Africa,Western Africa,GDP per capita (current US$),NY.GDP.PCAP.CD,551.25985,552.5022713,607.5882245,718.9487864,720.6941688,704.9871642,783.9893805,762.3920476,826.5432595,855.5852849,751.0524051,772.5817871,792.7654872,851.1308069,826.2606541,853.5782203,939.6133738,898.7581544,985.6975126,1043.140929
Togo,TGO,Africa,Western Africa,GDP per capita growth (annual %),NY.GDP.PCAP.KD.ZG,-7.082382407,-0.18544624,-4.012520722,1.087669291,2.507542462,3.012871497,3.009795132,3.544171901,3.141329527,2.989627884,2.842820838,1.627602008,1.441202402,2.236489697,2.390191389,-0.438936507,3.499886452,3.300370299,3.953686708,2.966099374
Togo,TGO,Africa,Western Africa,GDP (current US$),NY.GDP.MKTP.CD,3221910408,3320907722,3759964943,4578849658,4721890900,4746389532,5422442166,5413544658,6021732977,6393318262,5755461035,6071170959,6387422518,7029300383,6992700101,7400284168,8342243646,8169476149,9171261838,9925732120
Tonga,TON,Oceania,Polynesia,"Total reserves (includes gold, current US$)",FI.RES.TOTL.CD,46864163.23,47972473.6,65238721.72,69753902.85,95702573.86,104527450.9,143294510.4,152403989.2,155520937.7,158784814.4,156107668.8,176497315.5,198522418.4,215149318.6,218448401.8,298947629.8,361811847.8,375564012.9,396530126.4,377298748.7
Tonga,TON,Oceania,Polynesia,Total reserves minus gold (current US$),FI.RES.XGLD.CD,46864163.23,47972473.6,65238721.72,69753902.85,95702573.86,104527450.9,143294510.4,152403989.2,155520937.7,158784814.4,156107668.8,176497315.5,198522418.4,215149318.6,218448401.8,298947629.8,361811847.8,375564012.9,396530126.4,377298748.7
Tonga,TON,Oceania,Polynesia,GDP growth (annual %),NY.GDP.MKTP.KD.ZG,-0.657650703,-2.165663427,-2.464307791,4.862841324,-5.129178192,0.824396914,6.703697462,0.919761025,0.39392253,1.990537699,1.113744024,6.598698794,3.202319762,0.687546507,-0.208433391,1.783395899,0.362604273,-2.309864445,2.084155836,..
Tonga,TON,Oceania,Polynesia,GDP per capita (constant 2015 US$),NY.GDP.PCAP.KD,3880.070542,3775.248486,3665.8955,3833.601691,3630.76097,3653.978173,3892.768078,3932.593672,3962.169809,4058.815844,4123.903472,4419.814747,4568.62485,4590.842037,4576.850985,4656.931875,4683.299549,4594.634392,4710.348657,..
Tonga,TON,Oceania,Polynesia,GDP (constant 2015 US$),NY.GDP.MKTP.KD,410010934.2,401131477.4,391246363.1,410272052.9,389228468.3,392437255.7,418745062.1,422596516,424261218.9,432706298.4,437525538.9,466396531.4,481332039.7,484641421.3,483631266.7,492256326.9,494041269.4,482629585.8,492688338.4,..
Tonga,TON,Oceania,Polynesia,Current account balance (% of GDP),BN.CAB.XOKA.GD.ZS,-9.293334057,-8.10879559,-16.49539834,-18.20747128,-30.0388556,-23.83210956,-20.25173977,-14.82002585,-9.473505983,-6.265564104,-10.92458377,-7.471056,-7.168865295,-7.007059132,-3.827185665,-5.727860108,-6.248633223,-5.35510128,-5.914070962,-3.91392676
Tonga,TON,Oceania,Polynesia,Access to electricity (% of population),EG.ELC.ACCS.ZS,89,92.3,90.5,91.2,92,92.8,92.2,92.8,95.1,95.9,100,97,98.2,99,98.4,99.9,100,100,100,..
Tonga,TON,Oceania,Polynesia,External balance on goods and services (% of GDP),NE.RSB.GNFS.ZS,-40.52437006,-37.23463946,-43.79006853,-40.67680758,-47.09832699,-45.79654124,-46.35202721,-43.85963858,-42.1243135,-40.87634431,-47.47394026,-41.5668481,-43.69122062,-44.69688444,-44.78343429,-43.27714726,-44.00921354,-52.19595031,-56.63573613,..
Tonga,TON,Oceania,Polynesia,GDP per capita (current US$),NY.GDP.PCAP.CD,2477.726201,2750.347786,2797.065601,3218.45304,2914.23774,3416.083566,3849.993758,4384.170587,4219.246701,4136.590109,4123.903472,3987.986188,4365.929298,4638.897854,4676.848025,4700.449405,4912.579663,4933.074669,4863.763846,..
Tonga,TON,Oceania,Polynesia,GDP per capita growth (annual %),NY.GDP.PCAP.KD.ZG,-1.221716621,-2.701550262,-2.896577176,4.574767362,-5.291126648,0.639458309,6.535066538,1.023066196,0.752077132,2.439219913,1.60361126,7.175514087,3.366885518,0.48629922,-0.304760032,1.749694063,0.566202693,-1.893219858,2.518465132,..
Tonga,TON,Oceania,Polynesia,GDP (current US$),NY.GDP.MKTP.CD,261823805.4,292232703.3,298519623.3,344438844.3,312415028.4,366887375,414143828.5,471122971.3,451788498.3,440997734.9,437525538.9,420828254.5,459976847.1,489714529.8,494197854,496856303.9,518228028.7,518180029.4,508735107,..
Trinidad and Tobago,TTO,Americas,Caribbean,"Total reserves (includes gold, current US$)",FI.RES.TOTL.CD,4992257912,6607231897,6745220698,9478682839,8823426554,9180991460,9980126114,9370784004,10176864834,11493196341,9927294619,9464961137,8369757249,7575050349,6928951714,6953756951,6879594622,6832392605,6255633382,5601120709
Trinidad and Tobago,TTO,Americas,Caribbean,Total reserves minus gold (current US$),FI.RES.XGLD.CD,4960843331,6568285101,6694140170,9425353248,8756542042,9094269299,9885602174,9268028077,10102458464,11418655024,9861511400,9393846996,8289174890,7495229884,6834004193,6835740984,6765928822,6719179192,6126381289,5437606534
Trinidad and Tobago,TTO,Americas,Caribbean,GDP growth (annual %),NY.GDP.MKTP.KD.ZG,6.20893788,13.20805861,4.754209701,3.391737078,-4.391729247,3.32322471,-0.294354409,6.710083663,3.344606475,3.695365151,-0.564816953,-7.403453266,-4.818588907,-0.985525083,0.471813384,-8.90279446,-0.911992867,1.08222234,1.427113398,1.650603346
Trinidad and Tobago,TTO,Americas,Caribbean,GDP per capita (constant 2015 US$),NY.GDP.PCAP.KD,15099.42613,17048.3311,17786.98091,18314.39352,17489.77292,17966.66203,17774.77123,18865.54677,19418.52774,20064.47989,19887.23374,18357.38489,17437.55378,17233.18287,17253.66145,15686.0929,15533.56936,15721.8301,15926.31685,16179.45999
Trinidad and Tobago,TTO,Americas,Caribbean,GDP (constant 2015 US$),NY.GDP.MKTP.KD,19546116532,22127779059,23179780078,23965977273,22913456440,23674922086,23605233909,25189164853,26031643292,26993607567,26841143095,24853971610,23656360891,23423221520,23533735415,21438575322,21243057044,21472954153,21779397559,22138889024
Trinidad and Tobago,TTO,Americas,Caribbean,Current account balance (% of GDP),BN.CAB.XOKA.GD.ZS,24.28514789,38.78644531,23.87280051,30.49352309,8.516388358,18.82995882,18.51283743,14.24267823,19.50711729,14.09539703,7.664168809,-3.286368863,5.909116197,6.805850436,4.324835998,-6.461763267,10.87510904,17.42155458,11.56755625,4.665134463
Trinidad and Tobago,TTO,Americas,Caribbean,Access to electricity (% of population),EG.ELC.ACCS.ZS,95,100,100,100,99,100,97.5,100,100,100,100,100,100,100,100,100,100,100,98.7,..
Trinidad and Tobago,TTO,Americas,Caribbean,External balance on goods and services (% of GDP),NE.RSB.GNFS.ZS,..,..,..,..,..,..,..,..,..,..,..,..,..,..,..,..,..,..,..,..
Trinidad and Tobago,TTO,Americas,Caribbean,GDP per capita (current US$),NY.GDP.PCAP.CD,12346.43731,14152.66074,16606.67536,21298.99453,14634.0565,16815.42474,19151.08702,20332.13895,21304.97765,21908.30178,19887.23374,17449.16235,17578.64178,17575.80428,17293.47301,15358.8613,17679.18126,20874.37683,18639.25924,19314.71634
Trinidad and Tobago,TTO,Americas,Caribbean,GDP per capita growth (annual %),NY.GDP.PCAP.KD.ZG,10.38396535,12.90714593,4.332681053,2.96516094,-4.502582082,2.726674098,-1.068038127,6.136650252,2.931168535,3.326473338,-0.883382741,-7.69261764,-5.010687067,-1.172015931,0.118832281,-9.085425453,-0.972348852,1.211960579,1.300654923,1.589464393
Trinidad and Tobago,TTO,Americas,Caribbean,GDP (current US$),NY.GDP.MKTP.CD,15982389018,18369361094,21641620050,27871587350,19172165226,22157920592,25433007437,27147349937,28560536917,29474180442,26841143095,23624333664,23847765529,23888910152,23588037787,20991339707,24177305760,28510328245,25489373405,26428963758
Tunisia,TUN,Africa,Northern Africa,"Total reserves (includes gold, current US$)",FI.RES.TOTL.CD,4548431874,6911623380,8032361912,9038905599,11294387681,9764265037,7785305507,8717830201,7550027500,7498010303,7559201960,6137077790,6143986080,5661370259,7919981405,9810630875,8845557076,8094326709,9239745488,9343597098
Tunisia,TUN,Africa,Northern Africa,Total reserves minus gold (current US$),FI.RES.XGLD.CD,4436695857,6773162199,7850771162,8849300099,11057312681,9459271537,7453548708,8357241401,7287446500,7235102303,7328121960,5887271590,5861349080,5381970559,7587967405,9394588875,8445135076,7695609709,8786017488,8769595098
Tunisia,TUN,Africa,Northern Africa,GDP growth (annual %),NY.GDP.MKTP.KD.ZG,3.486545543,5.244099832,6.709520975,4.237781475,3.043450124,2.971132751,-2.046633895,4.216677115,2.429930964,3.090328031,0.967703108,1.117425949,2.23783868,2.624930109,1.587846655,-9.011934124,4.736320748,2.673318218,0.039156567,1.350652535
Tunisia,TUN,Africa,Northern Africa,GDP per capita (constant 2015 US$),NY.GDP.PCAP.KD,3301.942459,3444.555825,3642.124503,3760.123167,3835.255099,3906.911331,3784.746204,3900.051265,3947.592761,4021.604769,4014.947737,4015.296641,4062.226775,4128.103938,4154.958616,3749.267224,3902.542583,3983.491305,3958.562229,3986.971095
Tunisia,TUN,Africa,Northern Africa,GDP (constant 2015 US$),NY.GDP.MKTP.KD,33862978438,35638786834,38029978712,39641606104,40848078614,42061729256,41200879648,42938187712,43981556030,45340730385,45779494042,46291045988,47326964920,48569264672,49340470116,44893939453,47020260422,48277261610,48296165329,48948478710
Tunisia,TUN,Africa,Northern Africa,Current account balance (% of GDP),BN.CAB.XOKA.GD.ZS,-0.927371929,-1.801723045,-2.356184649,-3.814688801,-2.839092527,-4.554471314,-7.035565856,-7.865725209,-7.966778479,-8.877945098,-8.57094815,-8.528873055,-10.01436113,-10.7946229,-8.049124533,-6.012340161,-5.884565625,-8.830590913,-2.304147247,-1.45160136
Tunisia,TUN,Africa,Northern Africa,Access to electricity (% of population),EG.ELC.ACCS.ZS,99.2,99.4,99.4,99.4,99.5,99.5,99.5,99.5,99.7,99.8,99.9,100,100,99.8,100,99.9,99.9,100,100,..
Tunisia,TUN,Africa,Northern Africa,External balance on goods and services (% of GDP),NE.RSB.GNFS.ZS,-0.386663801,-1.883897701,-1.902957014,-3.038000333,-2.93725672,-4.231552448,-7.997071761,-9.725028385,-9.175546037,-10.21217362,-10.44885315,-10.50207321,-12.36723311,-12.90077045,-10.43105881,-8.371401005,-10.1037975,-13.86995262,-5.568258256,-8.119619556
Tunisia,TUN,Africa,Northern Africa,GDP per capita (current US$),NY.GDP.PCAP.CD,3146.826074,3322.569336,3726.916729,4255.05008,4080.090324,4291.861209,4420.647722,4297.267825,4369.793458,4458.978955,4014.947737,3847.803544,3619.032473,3628.103665,3528.872133,3548.653637,3906.939263,3708.848124,3950.375342,4350.371797
Tunisia,TUN,Africa,Northern Africa,GDP per capita growth (annual %),NY.GDP.PCAP.KD.ZG,2.585340811,4.319074829,5.735679385,3.239830583,1.998124232,1.868356354,-3.126897864,3.046573125,1.218996687,1.874864311,-0.165531728,0.008690129,1.168783738,1.621700759,0.650532998,-9.764029659,4.088141749,2.074255953,-0.625809734,0.717656173
Tunisia,TUN,Africa,Northern Africa,GDP (current US$),NY.GDP.MKTP.CD,32272186695,34376664601,38915353867,44859439902,43455740497,46206091938,48123325825,47311401813,48685446414,50271812921,45779494042,44360072680,42163530591,42686504460,41905642419,42491780918,47073234359,44948769171,48196281784,53409988745
Turkiye,TUR,Asia,Western Asia,"Total reserves (includes gold, current US$)",FI.RES.TOTL.CD,52493941950,63264841174,76496127491,73674684816,74933099954,85959461666,87937253858,1.19183E+11,1.31054E+11,1.27422E+11,1.1049E+11,1.04811E+11,1.07657E+11,92997230041,1.0562E+11,93584577917,1.11185E+11,1.28735E+11,1.40868E+11,1.54774E+11
Turkiye,TUR,Asia,Western Asia,Total reserves minus gold (current US$),FI.RES.XGLD.CD,50579001445,60891882735,73383889195,70428065015,70873658698,80712981659,78322380031,99942631609,1.10927E+11,1.06906E+11,92920827379,90919204818,84115053501,72866830470,78532272033,50030653817,72697047782,82887985446,92703190402,90858657478
Turkiye,TUR,Asia,Western Asia,GDP growth (annual %),NY.GDP.MKTP.KD.ZG,8.992304936,6.947988086,5.043507932,0.815024573,-4.823153953,8.427104323,11.20011058,4.788492711,8.485816997,4.939715161,6.084486904,3.323084208,7.501997489,3.013170393,0.818514527,1.85987304,11.43939569,5.533427875,5.111168185,3.184024355
Turkiye,TUR,Asia,Western Asia,GDP per capita (constant 2015 US$),NY.GDP.PCAP.KD,7579.372032,8023.150993,8414.253504,8376.149246,7862.870765,8396.92342,9201.337261,9519.815089,10195.84758,10556.11704,11049.99511,11264.61457,11953.66642,12148.29313,12073.86907,12179.66265,13449.92913,14055.10315,14713.56707,15147.84149
Turkiye,TUR,Asia,Western Asia,GDP (constant 2015 US$),NY.GDP.MKTP.KD,5.25475E+11,5.61984E+11,5.90328E+11,5.95139E+11,5.66435E+11,6.14169E+11,6.82957E+11,7.1566E+11,7.7639E+11,8.14741E+11,8.64314E+11,8.93036E+11,9.60031E+11,9.88959E+11,9.97053E+11,1.0156E+12,1.13178E+12,1.1944E+12,1.25545E+12,1.29542E+12
Turkiye,TUR,Asia,Western Asia,Current account balance (% of GDP),BN.CAB.XOKA.GD.ZS,-4.143667815,-5.593849165,-5.422699911,-5.117274888,-1.749297204,-5.743485207,-8.870327236,-4.746547117,-5.150244865,-3.419833467,-2.470630429,-2.548860104,-4.091440141,-1.87464992,1.972915018,-4.300200588,-0.758783251,-5.102200356,-3.566008898,-0.770297598
Turkiye,TUR,Asia,Western Asia,Access to electricity (% of population),EG.ELC.ACCS.ZS,99.7,99.7,99.7,99.7,99.7,100,100,100,100,100,100,100,100,100,100,100,100,100,100,..
Turkiye,TUR,Asia,Western Asia,External balance on goods and services (% of GDP),NE.RSB.GNFS.ZS,-2.389821932,-3.973203186,-4.07176536,-3.415672043,-0.046668655,-4.306198595,-7.316773128,-4.109051615,-4.94127979,-3.355217771,-2.025988923,-2.161167972,-3.683324062,-0.148826073,2.955139214,-3.102175405,0.404948252,-4.001725333,-2.444933328,0.268353907
Turkiye,TUR,Asia,Western Asia,GDP per capita (current US$),NY.GDP.PCAP.CD,7303.013889,7953.07848,9711.223761,10843.50369,9012.999458,10622.70204,11300.78522,11713.28498,12578.18786,12165.22014,11049.99511,10970.04589,10695.5502,9568.835063,9215.440499,8638.739038,9743.212778,10674.50416,13105.6585,15473.28726
Turkiye,TUR,Asia,Western Asia,GDP per capita growth (annual %),NY.GDP.PCAP.KD.ZG,7.833768914,5.855088766,4.874674696,-0.452853692,-6.127857401,6.792082326,9.579863958,3.461212425,7.101319543,3.53349204,4.678595993,1.94225846,6.116958888,1.628175853,-0.612629741,0.876219398,10.42940607,4.499458772,4.684874384,2.951523652
Turkiye,TUR,Asia,Western Asia,GDP (current US$),NY.GDP.MKTP.CD,5.06315E+11,5.57076E+11,6.81321E+11,7.70449E+11,6.49289E+11,7.76967E+11,8.38785E+11,8.80556E+11,9.57799E+11,9.38935E+11,8.64314E+11,8.69683E+11,8.58988E+11,7.78972E+11,7.61006E+11,7.20338E+11,8.19865E+11,9.07118E+11,1.11825E+12,1.32325E+12
Turkmenistan,TKM,Asia,Central Asia,"Total reserves (includes gold, current US$)",FI.RES.TOTL.CD,..,..,..,..,..,..,..,..,..,..,..,..,..,..,..,..,..,..,..,..
Turkmenistan,TKM,Asia,Central Asia,Total reserves minus gold (current US$),FI.RES.XGLD.CD,..,..,..,..,..,..,..,..,..,..,..,..,..,..,..,..,..,..,..,..
Turkmenistan,TKM,Asia,Central Asia,GDP growth (annual %),NY.GDP.MKTP.KD.ZG,13.03403487,10.97330833,11.05929947,14.7,6.100000115,9.199999988,14.69999993,11.09999996,10.2000001,10.29999997,6.49999991,6.199999966,6.500000047,6.199999941,6.300000042,5.900000049,6.200000017,6.199999936,6.300157585,2.264117227
Turkmenistan,TKM,Asia,Central Asia,GDP per capita (constant 2015 US$),NY.GDP.PCAP.KD,2622.617963,2856.77457,3114.0633,3504.348433,3645.435224,3900.142379,4379.749434,4761.079276,5131.167365,5533.035288,5759.497904,5977.838281,6222.555906,6460.943568,6718.166081,6965.112269,7248.707632,7551.036501,7880.445286,7919.013695
Turkmenistan,TKM,Asia,Central Asia,GDP (constant 2015 US$),NY.GDP.MKTP.KD,13250139963,14704118675,16330291194,18730843999,19873425505,21701780649,24891942389,27654947984,30475752707,33614755226,35799714286,38019296559,40490550854,43000964983,45710025795,48406917339,51408146222,54595451255,58035050719,59349032300
Turkmenistan,TKM,Asia,Central Asia,Current account balance (% of GDP),BN.CAB.XOKA.GD.ZS,..,..,..,..,..,..,..,..,..,..,..,..,..,..,..,..,..,..,..,..
Turkmenistan,TKM,Asia,Central Asia,Access to electricity (% of population),EG.ELC.ACCS.ZS,99.5,99.8,99.6,99.6,99.7,100,99.8,99.9,99.9,100,100,100,100,100,99.9,100,100,100,100,..
Turkmenistan,TKM,Asia,Central Asia,External balance on goods and services (% of GDP),NE.RSB.GNFS.ZS,7.401601254,17.78506899,17.27777778,20.02425713,-10.78613459,-5.054224542,8.531476925,8.331836596,1.085818123,2.466866596,-9.949001987,-17.74505699,-8.638562023,8.899697923,5.181442062,-0.29869733,8.062973501,12.39181306,9.14976838,..
Turkmenistan,TKM,Asia,Central Asia,GDP per capita (current US$),NY.GDP.PCAP.CD,1604.016185,1996.593107,2414.96072,3605.503951,3707.978507,4058.53937,5143.619293,6053.874847,6599.645291,7164.145362,5759.497904,5686.98041,5828.481662,6125.051697,6648.034896,6592.60146,7051.202111,8156.35212,8232.65226,8571.607029
Turkmenistan,TKM,Asia,Central Asia,GDP per capita growth (annual %),NY.GDP.PCAP.KD.ZG,10.92730577,8.928353667,9.006266459,12.53298648,4.026049182,6.987016347,12.29716785,8.706658858,7.773197361,7.831900526,4.092918327,3.790962007,4.093747822,3.831024848,3.981191127,3.675797612,4.071655307,4.170796844,4.362431359,0.489419163
Turkmenistan,TKM,Asia,Central Asia,GDP (current US$),NY.GDP.MKTP.CD,8103901996,10276674365,12664165103,19271523179,20214385965,22583157895,29233333333,35164210526,39197543860,43524210526,35799714286,36169428571,37926285714,40765428571,45232857143,45818000000,50007428571,58972000000,60628857143,64239891739
Turks and Caicos Islands,TCA,Americas,Caribbean,"Total reserves (includes gold, current US$)",FI.RES.TOTL.CD,..,..,..,..,..,..,..,..,..,..,..,..,..,..,..,..,..,..,..,..
Turks and Caicos Islands,TCA,Americas,Caribbean,Total reserves minus gold (current US$),FI.RES.XGLD.CD,..,..,..,..,..,..,..,..,..,..,..,..,..,..,..,..,..,..,..,..
Turks and Caicos Islands,TCA,Americas,Caribbean,GDP growth (annual %),NY.GDP.MKTP.KD.ZG,..,..,..,8.271893125,-19.55024676,0.984924854,4.62049893,-2.666555621,1.070880496,8.711295808,11.31482939,7.251186276,-2.490222604,91.13703887,4.981705494,-33.81709734,29.62937817,14.08712342,13.73114811,5.636825174
Turks and Caicos Islands,TCA,Americas,Caribbean,GDP per capita (constant 2015 US$),NY.GDP.PCAP.KD,..,..,32733.57822,33946.1854,26200.53915,25434.55757,25654.791,23975.03524,23132.98579,24145.82934,25736.10163,26370.38368,24684.20084,45311.99754,45798.37982,29477.57294,37487.78449,42205.2888,47635.86415,49956.59675
Turks and Caicos Islands,TCA,Americas,Caribbean,GDP (constant 2015 US$),NY.GDP.MKTP.KD,..,..,859911099.9,931042027,749021013.3,756398307.4,791347683.1,770245957,778494370.7,846311318.2,942070000,1010381251,985220508.3,1883121306,1976932863,1308391553,1696059834,1934985876,2200681652,2324730230
Turks and Caicos Islands,TCA,Americas,Caribbean,Current account balance (% of GDP),BN.CAB.XOKA.GD.ZS,..,..,..,..,..,..,..,..,..,12.81382252,16.30008862,23.93149051,3.424993295,13.1404891,..,..,..,..,..,..
Turks and Caicos Islands,TCA,Americas,Caribbean,Access to electricity (% of population),EG.ELC.ACCS.ZS,96,96.2,96.6,96.9,100,100,100,93.1,100,100,100,100,100,100,100,99.4,100,99.9,100,..
Turks and Caicos Islands,TCA,Americas,Caribbean,External balance on goods and services (% of GDP),NE.RSB.GNFS.ZS,..,..,..,..,..,..,..,..,..,..,..,..,..,..,..,..,..,..,..,..
Turks and Caicos Islands,TCA,Americas,Caribbean,GDP per capita (current US$),NY.GDP.PCAP.CD,24122.30282,28734.28731,29443.8523,31453.82288,24596.8938,23093.84983,23626.72632,22633.95275,22412.20694,24014.26534,25736.10163,26946.41785,25614.83727,31625.61659,31780.52171,20690.91605,27329.28851,31280.5418,35470.21516,37506.77984
Turks and Caicos Islands,TCA,Americas,Caribbean,GDP per capita growth (annual %),NY.GDP.PCAP.KD.ZG,..,..,..,3.704474875,-22.81742752,-2.923533686,0.865882697,-6.547532439,-3.512192741,4.378352007,6.586115837,2.464561493,-6.394229426,83.56679979,1.073407279,-35.63621015,27.17391817,12.58411073,12.86704939,4.871817974
Turks and Caicos Islands,TCA,Americas,Caribbean,GDP (current US$),NY.GDP.MKTP.CD,578645800,721891500,773490000,862684000,703176000,686788000,728790000,727161000,754238000,841700000,942070000,1032452000,1022365000,1314329000,1371838000,918387000,1236459000,1434119000,1638653000,1745378000
Tuvalu,TUV,Oceania,Polynesia,"Total reserves (includes gold, current US$)",FI.RES.TOTL.CD,..,..,..,..,..,..,..,..,..,..,..,..,..,..,..,..,..,..,..,..
Tuvalu,TUV,Oceania,Polynesia,Total reserves minus gold (current US$),FI.RES.XGLD.CD,..,..,..,..,..,..,..,..,..,..,..,..,..,..,..,..,..,..,..,..
Tuvalu,TUV,Oceania,Polynesia,GDP growth (annual %),NY.GDP.MKTP.KD.ZG,-4.651162791,2.43902439,7.142857143,6.666666667,-6.25,-2.222222222,6.818181818,-2.127659574,4.347826087,0,10.41666667,5.660377358,2.448392857,1.387283842,13.82209844,-4.274932069,1.804135911,0.677309361,3.852809195,..
Tuvalu,TUV,Oceania,Polynesia,GDP per capita (constant 2015 US$),NY.GDP.PCAP.KD,2864.905242,2900.927102,3069.673682,3230.221095,2987.803979,2879.296457,3028.251122,2922.0763,3030.552852,3035.243256,3357.834177,3558.61213,3666.201897,3757.859973,4345.996065,4233.018321,4396.048945,4515.297015,4773.340855,..
Tuvalu,TUV,Oceania,Polynesia,GDP (constant 2015 US$),NY.GDP.MKTP.KD,28477158.1,29171722.93,31255417.43,33339111.92,31255417.43,30560852.6,32644547.09,31949982.26,33339111.92,33339111.92,36811936.08,38895630.58,39847948.42,40400752.57,45984984.36,44019157.52,44813322.94,45116847.78,46855113.84,..
Tuvalu,TUV,Oceania,Polynesia,Current account balance (% of GDP),BN.CAB.XOKA.GD.ZS,-18.67213681,27.17884927,-15.33986498,-11.63491553,-60.21572827,-43.64919172,-60.87775447,16.33824802,2.846220267,-0.47989504,-33.59907473,29.64460041,2.072881163,60.92242098,-22.17436447,16.34972125,24.14207127,4.59319167,..,..
Tuvalu,TUV,Oceania,Polynesia,Access to electricity (% of population),EG.ELC.ACCS.ZS,95.5,95.7,96.7,96.2,96.5,96.7,97,97.7,97.6,97.9,98.1,97.3,98.7,99,99.7,99.4,99.7,100,100,..
Tuvalu,TUV,Oceania,Polynesia,External balance on goods and services (% of GDP),NE.RSB.GNFS.ZS,..,..,..,..,..,..,..,..,..,..,..,..,..,..,..,..,..,..,..,..
Tuvalu,TUV,Oceania,Polynesia,GDP per capita (current US$),NY.GDP.PCAP.CD,2304.826943,2396.268443,2794.163101,3088.308774,2683.967495,3024.817079,3636.0814,3598.461631,3510.216401,3528.858581,3357.834177,3808.69755,4165.663387,4466.120349,5115.13076,4976.112541,5905.081981,5911.327271,6344.775019,..
Tuvalu,TUV,Oceania,Polynesia,GDP per capita growth (annual %),NY.GDP.PCAP.KD.ZG,-5.840625146,1.257349089,5.816987962,5.230113361,-7.504660166,-3.631681427,5.173300725,-3.506143242,3.712310739,0.154770575,10.62817355,5.979388562,3.023363136,2.500082604,15.6508251,-2.599582289,3.851403702,2.712619258,5.714880754,..
Tuvalu,TUV,Oceania,Polynesia,GDP (current US$),NY.GDP.MKTP.CD,22909979.82,24096875.46,28450168.69,31874434.86,28076983.97,32105408.48,39196957.49,39345579.47,38615890.63,38760982.65,36811936.08,41629064.22,45276595.35,48015259.88,54123198.57,51746594.31,60196405.71,59065982.09,62280311.59,..
Uganda,UGA,Africa,Eastern Africa,"Total reserves (includes gold, current US$)",FI.RES.TOTL.CD,1344201157,1810879486,2559789964,2300539405,2994459465,2706005010,2617450463,3167158060,3337539363,3316363815,2908876773,3097848070,3720863721,3358514650,..,..,..,..,..,..
Uganda,UGA,Africa,Eastern Africa,Total reserves minus gold (current US$),FI.RES.XGLD.CD,1344201157,1810879486,2559789964,2300539405,2994459465,2706005010,2617450463,3167158060,3337539363,3316363815,2908876773,3097848070,3720863721,3358514650,..,..,..,..,..,..
Uganda,UGA,Africa,Eastern Africa,GDP growth (annual %),NY.GDP.MKTP.KD.ZG,6.332565116,10.78474439,8.412425966,8.708751902,6.801517349,5.637611637,9.391655493,3.837455606,3.586905826,5.106307325,5.18785986,4.781000293,3.131405517,6.303923783,6.438745033,2.951306422,3.536580341,4.588021922,5.336972955,6.136452018
Uganda,UGA,Africa,Eastern Africa,GDP per capita (constant 2015 US$),NY.GDP.PCAP.KD,604.4048131,650.2705409,684.5422418,722.565167,749.3428655,768.6240917,816.5163666,823.5804683,828.9886697,845.9786648,862.9346104,874.6483706,871.09388,895.0751279,920.9391015,917.0350318,919.4016752,933.0940564,955.7457973,986.8420752
Uganda,UGA,Africa,Eastern Africa,GDP (constant 2015 US$),NY.GDP.MKTP.KD,16901146461,18723891905,20299025449,22066817214,23567695615,24896350765,27234530260,28279643268,29294007440,30789849488,32387183730,33935615079,34998276802,37204541497,39600047064,40768765796,42210585953,44147216890,46503341915,49356997179
Uganda,UGA,Africa,Eastern Africa,Current account balance (% of GDP),BN.CAB.XOKA.GD.ZS,0.532773078,-3.189036042,-4.728752217,-8.475103279,-4.170849232,-6.035118146,-7.48878446,-6.063126387,-6.0571939,-6.641608433,-5.09288758,-2.725639686,-4.884544303,-6.331336246,-7.446452515,-9.569552179,-8.89444338,-8.91894768,-7.396542897,-7.825941947
Uganda,UGA,Africa,Eastern Africa,Access to electricity (% of population),EG.ELC.ACCS.ZS,8.9,9,14.8,15.9,10,12.1,14.6,20.5,13.9,20.4,18.5,26.7,32.4,41.9,41.3,42.1,45.2,47.1,51.5,..
Uganda,UGA,Africa,Eastern Africa,External balance on goods and services (% of GDP),NE.RSB.GNFS.ZS,-10.63488552,-13.08245902,-13.3272796,-7.697983517,-9.836745458,-10.62028329,-14.04377768,-12.5186796,-10.08308353,-6.117979267,-11.9346477,-6.355033192,-3.514794091,-6.464299478,-5.142937931,-6.171095312,-10.1516144,-10.46131106,-10.13827848,-7.657858737
Uganda,UGA,Africa,Eastern Africa,GDP per capita (current US$),NY.GDP.PCAP.CD,330.4054027,346.5182553,401.3891309,472.8426815,798.9470899,823.4881443,835.6200606,795.2228676,818.2854274,896.0547955,862.9346104,752.6965717,765.2183323,792.1657002,822.1711501,845.7664639,882.7917174,963.0673142,1002.309139,1072.713698
Uganda,UGA,Africa,Eastern Africa,GDP per capita growth (annual %),NY.GDP.PCAP.KD.ZG,3.257139546,7.588577526,5.270375754,5.554503856,3.705921591,2.573084633,6.23090994,0.865151268,0.656669464,2.049484593,2.004299431,1.357433129,-0.406390813,2.753003825,2.889586902,-0.423922683,0.258075577,1.489270851,2.427594598,3.253613878
Uganda,UGA,Africa,Eastern Africa,GDP (current US$),NY.GDP.MKTP.CD,9239221763,9977647683,11902564495,14440404132,25127805567,26673441431,27871725241,27305915911,28915786517,32612397257,32387183730,29203988696,30744473841,32927025620,35353061008,37600368240,40529788744,45565333216,48768955859,53651874314
Ukraine,UKR,Europe,Eastern Europe,"Total reserves (includes gold, current US$)",FI.RES.TOTL.CD,19388177691,22359564313,32483841813,31543343237,26500887342,34571298928,31788750907,24552796497,20413621999,7538804512,13300880765,15537256304,18810931197,20817897004,25317002927,29137541200,30966674654,28505931892,40510106308,43780549773
Ukraine,UKR,Europe,Eastern Europe,Total reserves minus gold (current US$),FI.RES.XGLD.CD,18988037691,21844647313,31785993063,30800576737,25556937342,33327431428,30409319907,22655836497,18775501999,6622244512,12368080765,14597618304,17747801197,19818210004,24083372927,27549017200,29383187654,26929187392,38715818308,41484541773
Ukraine,UKR,Europe,Eastern Europe,GDP growth (annual %),NY.GDP.MKTP.KD.ZG,3.071230392,7.571420763,8.215844452,2.243491596,-15.13646791,4.092004367,5.44528081,0.152314967,0.045439094,-10.07889498,-9.772987213,2.440981945,2.359972281,3.48836234,3.199503864,-3.75281794,3.445620659,-28.75858422,5.534733547,2.913822215
Ukraine,UKR,Europe,Eastern Europe,GDP per capita (constant 2015 US$),NY.GDP.PCAP.KD,2122.601563,2298.132324,2498.352051,2567.694092,2188.170166,2285.933838,2418.12085,2426.929443,2432.41626,2308.643555,2094.473877,2156.083008,2217.75293,2308.666992,2398.078369,2324.107422,2426.612305,1874.662964,2164.26123,2219.04248
Ukraine,UKR,Europe,Eastern Europe,GDP (constant 2015 US$),NY.GDP.MKTP.KD,1.01005E+11,1.08653E+11,1.17579E+11,1.20217E+11,1.02021E+11,1.06195E+11,1.11978E+11,1.12149E+11,1.122E+11,1.00891E+11,91030967789,93253017277,95453762636,98783535744,1.01944E+11,98118341608,1.01499E+11,72309415410,76311548882,78535131746
Ukraine,UKR,Europe,Eastern Europe,Current account balance (% of GDP),BN.CAB.XOKA.GD.ZS,2.839569953,-1.447024697,-3.530467071,-6.794414681,-1.428193537,-2.135838622,-6.043092326,-7.850847423,-8.67092024,-3.442596785,5.531084775,-1.998803087,-3.098389108,-4.914009108,-2.679957323,3.362965527,-1.943274996,4.923775294,-5.277518979,-8.352676127
Ukraine,UKR,Europe,Eastern Europe,Access to electricity (% of population),EG.ELC.ACCS.ZS,99.9,99.5,99.8,99.8,99.9,100,100,99.9,100,100,100,100,100,100,100,100,100,100,100,..
Ukraine,UKR,Europe,Eastern Europe,External balance on goods and services (% of GDP),NE.RSB.GNFS.ZS,0.81189526,-2.743806392,-5.466738383,-7.65215443,-1.618513223,-2.816653801,-5.992760036,-7.857125234,-8.206904116,-3.505858852,-2.611257282,-6.923965998,-7.785150208,-8.729343747,-8.047851779,-1.513159796,-1.32128041,-16.50628331,-20.90867765,-18.93258337
Ukraine,UKR,Europe,Eastern Europe,GDP per capita (current US$),NY.GDP.PCAP.CD,1875.335083,2366.494141,3160.327637,4017.806641,2607.087646,3039.632324,3656.697998,3951.342285,4129.896973,3054.908203,2094.473877,2158.461182,2604.287598,3059.051758,3619.861572,3709.769287,4775.945801,4199.670898,5139.598145,5389.473145
Ukraine,UKR,Europe,Eastern Europe,GDP per capita growth (annual %),NY.GDP.PCAP.KD.ZG,3.924534289,8.269613045,8.712272964,2.775509046,-14.78072012,4.467825135,5.782622065,0.364275558,0.226082936,-5.088468796,-9.276866638,2.94151229,2.860278697,4.099379754,3.872846983,-3.084585764,4.410508833,-22.7456813,15.44802199,2.531181661
Ukraine,UKR,Europe,Eastern Europe,GDP (current US$),NY.GDP.MKTP.CD,89238865119,1.11885E+11,1.48734E+11,1.8811E+11,1.21552E+11,1.41209E+11,1.69334E+11,1.82592E+11,1.90499E+11,1.33504E+11,91030967789,93355869404,1.12091E+11,1.30891E+11,1.53883E+11,1.56618E+11,1.99766E+11,1.6199E+11,1.81222E+11,1.90741E+11
United Arab Emirates,ARE,Asia,Western Asia,"Total reserves (includes gold, current US$)",FI.RES.TOTL.CD,21010295842,27617445823,77238765358,31694454694,26104201598,32785291883,37269318423,47035150431,68202650660,78424381665,93929134196,85390832746,95377648626,99503335479,1.08359E+11,1.06702E+11,1.31117E+11,1.38433E+11,1.89491E+11,2.37931E+11
United Arab Emirates,ARE,Asia,Western Asia,Total reserves minus gold (current US$),FI.RES.XGLD.CD,21010295842,27617445823,77238765358,31694454694,26104201598,32785291883,37269318423,47035150431,68202650660,78424381665,93673676442,85117639747,95059913967,99194475479,1.07258E+11,1.03199E+11,1.27873E+11,1.34064E+11,1.84551E+11,2.3169E+11
United Arab Emirates,ARE,Asia,Western Asia,GDP growth (annual %),NY.GDP.MKTP.KD.ZG,4.855141196,9.837319769,3.184390173,3.191836273,-5.242921904,1.602850047,6.216121817,1.824480785,5.055559658,4.165691841,6.786772877,5.56149076,0.735068714,1.313913882,1.108348135,-4.957052433,4.354755297,7.509697035,3.618706531,3.761615446
United Arab Emirates,ARE,Asia,Western Asia,GDP per capita (constant 2015 US$),NY.GDP.PCAP.KD,55777.90183,57053.78956,52428.06807,48281.3478,42991.55352,42645.63596,43800.1593,42868.0975,43269.84047,43023.19042,43534.99727,43745.28817,42690.21478,42679.75191,42700.12979,40776.63087,41778.58388,42687.72072,42507.78734,42512.19717
United Arab Emirates,ARE,Asia,Western Asia,GDP (constant 2015 US$),NY.GDP.MKTP.KD,2.60192E+11,2.85788E+11,2.94889E+11,3.04301E+11,2.88347E+11,2.92969E+11,3.1118E+11,3.16857E+11,3.32876E+11,3.46743E+11,3.70275E+11,3.90868E+11,3.93741E+11,3.98915E+11,4.03336E+11,3.83343E+11,4.00036E+11,4.30078E+11,4.45641E+11,4.62404E+11
United Arab Emirates,ARE,Asia,Western Asia,Current account balance (% of GDP),BN.CAB.XOKA.GD.ZS,..,..,..,..,..,..,..,..,..,..,..,..,..,..,..,..,..,..,..,..
United Arab Emirates,ARE,Asia,Western Asia,Access to electricity (% of population),EG.ELC.ACCS.ZS,100,100,100,100,100,100,100,100,100,100,100,100,100,100,100,100,100,100,100,..
United Arab Emirates,ARE,Asia,Western Asia,External balance on goods and services (% of GDP),NE.RSB.GNFS.ZS,15.61775114,17.78492577,7.970042135,9.222233377,5.844691366,19.89325001,27.68454287,35.29945614,34.91468972,30.8175563,24.17937457,24.349413,24.78780518,27.79118475,23.65108104,15.17976545,18.69723562,18.67904292,14.88920679,..
United Arab Emirates,ARE,Asia,Western Asia,GDP per capita (current US$),NY.GDP.PCAP.CD,38719.31383,44342.60483,45854.73252,50054.17007,37803.06637,43696.67126,50789.05054,52034.47625,52023.5171,51381.40699,43534.99727,41326.40182,42340.59172,45689.857,44251.45414,37173.87541,43360.0211,49899.0653,49040.69475,49377.56434
United Arab Emirates,ARE,Asia,Western Asia,GDP per capita growth (annual %),NY.GDP.PCAP.KD.ZG,-0.445687773,2.287443031,-8.107649862,-7.909351662,-10.95618603,-0.804617485,2.707248504,-2.127987227,0.937160701,-0.570027636,1.18960692,0.483038735,-2.411856071,-0.024508823,0.047746018,-4.504667625,2.457174573,2.176083438,-0.421510863,0.010374174
United Arab Emirates,ARE,Asia,Western Asia,GDP (current US$),NY.GDP.MKTP.CD,1.80617E+11,2.22117E+11,2.57916E+11,3.15475E+11,2.53547E+11,3.00189E+11,3.60833E+11,3.8461E+11,4.00219E+11,4.14105E+11,3.70275E+11,3.69255E+11,3.90517E+11,4.27049E+11,4.1799E+11,3.49473E+11,4.15179E+11,5.02732E+11,5.1413E+11,5.37079E+11
United Kingdom,GBR,Europe,Northern Europe,"Total reserves (includes gold, current US$)",FI.RES.TOTL.CD,59135108205,63823577314,77715465907,64785716443,79453490100,98025460114,1.09734E+11,1.17157E+11,1.1875E+11,1.24487E+11,1.48109E+11,1.34932E+11,1.50858E+11,1.72658E+11,1.73569E+11,1.80054E+11,1.94181E+11,1.7641E+11,1.77915E+11,1.74598E+11
United Kingdom,GBR,Europe,Northern Europe,Total reserves minus gold (current US$),FI.RES.XGLD.CD,54008878382,57482629544,69398715812,56109864469,68605677600,84005597614,94462174591,1.00559E+11,1.06735E+11,1.12458E+11,1.37535E+11,1.235E+11,1.37924E+11,1.59872E+11,1.58376E+11,1.61188E+11,1.76024E+11,1.5833E+11,1.57341E+11,1.48569E+11
United Kingdom,GBR,Europe,Northern Europe,GDP growth (annual %),NY.GDP.MKTP.KD.ZG,2.732660767,2.380694035,2.624879953,-0.248797261,-4.620553708,2.233315088,1.138362398,1.508998347,1.799921497,3.194637319,2.222888423,1.921710099,2.656504876,1.40519026,1.62447518,-10.29691886,8.575950874,4.839085179,0.397082346,1.100667866
United Kingdom,GBR,Europe,Northern Europe,GDP per capita (constant 2015 US$),NY.GDP.PCAP.KD,43023.22771,43724.89574,44524.5707,44065.61567,41712.83192,42311.43298,42459.96302,42794.77526,43274.33775,44324.39232,44983.88552,45485.651,46439.86168,46862.96736,47379.80148,42429.1858,45902.8332,47682.76153,47251.43872,47265.00095
United Kingdom,GBR,Europe,Northern Europe,GDP (constant 2015 US$),NY.GDP.MKTP.KD,2.59865E+12,2.66052E+12,2.73036E+12,2.72356E+12,2.59772E+12,2.65573E+12,2.68597E+12,2.7265E+12,2.77557E+12,2.86424E+12,2.92791E+12,2.98418E+12,3.06345E+12,3.1065E+12,3.15696E+12,2.83189E+12,3.07476E+12,3.22355E+12,3.23635E+12,3.27197E+12
United Kingdom,GBR,Europe,Northern Europe,Current account balance (% of GDP),BN.CAB.XOKA.GD.ZS,-1.98153178,-3.122182458,-3.733429241,-3.88657976,-3.039193189,-2.771841075,-1.630970089,-3.147189147,-4.651193731,-5.011417068,-4.946677011,-5.498797343,-3.49784869,-3.92206515,-2.685148885,-2.958399491,-0.440671239,-2.278774112,-3.512132753,-2.651996659
United Kingdom,GBR,Europe,Northern Europe,Access to electricity (% of population),EG.ELC.ACCS.ZS,100,100,100,100,100,100,100,100,100,100,100,100,100,100,100,100,100,100,100,..
United Kingdom,GBR,Europe,Northern Europe,External balance on goods and services (% of GDP),NE.RSB.GNFS.ZS,-2.137695898,-1.890168596,-1.941232795,-1.686684237,-1.241281971,-1.559289622,-0.790212861,-0.98884587,-1.420262372,-1.942374661,-1.511648354,-1.895719368,-1.340947965,-1.382425531,-1.395573075,0.558453919,-0.223987048,-1.746141192,-1.073515824,-1.132063295
United Kingdom,GBR,Europe,Northern Europe,GDP per capita (current US$),NY.GDP.PCAP.CD,42104.78844,44512.45903,50397.6855,47396.12021,38744.13169,39598.95712,42109.64188,42490.14655,43419.03526,47426.62098,44983.88552,40988.10442,40629.23403,43315.48745,42794.00226,40404.80622,46926.47574,46062.99141,49200.81015,52636.78659
United Kingdom,GBR,Europe,Northern Europe,GDP per capita growth (annual %),NY.GDP.PCAP.KD.ZG,2.029702759,1.630905129,1.828877911,-1.03079046,-5.339273529,1.43505257,0.351039955,0.788536355,1.120609902,2.426506392,1.487878716,1.115433825,2.097827902,0.911082995,1.10286256,-10.44878941,8.186929194,3.877600166,-0.904567615,0.028702272
United Kingdom,GBR,Europe,Northern Europe,GDP (current US$),NY.GDP.MKTP.CD,2.54318E+12,2.70844E+12,3.09051E+12,2.92941E+12,2.41284E+12,2.48548E+12,2.66381E+12,2.70709E+12,2.78485E+12,3.06471E+12,2.92791E+12,2.68911E+12,2.68015E+12,2.87134E+12,2.85141E+12,2.69678E+12,3.14332E+12,3.11404E+12,3.36986E+12,3.64383E+12
United States,USA,Americas,Northern America,"Total reserves (includes gold, current US$)",FI.RES.TOTL.CD,1.88259E+11,2.21089E+11,2.77549E+11,2.94046E+11,4.04099E+11,4.88929E+11,5.37267E+11,5.74268E+11,4.48509E+11,4.34416E+11,3.83728E+11,4.05942E+11,4.51285E+11,4.49907E+11,5.16701E+11,6.2837E+11,7.16152E+11,7.06644E+11,7.73426E+11,9.10037E+11
United States,USA,Americas,Northern America,Total reserves minus gold (current US$),FI.RES.XGLD.CD,54083715802,54853874761,59524234464,66607006100,1.19719E+11,1.21392E+11,1.36912E+11,1.39134E+11,1.33533E+11,1.19048E+11,1.0654E+11,1.06291E+11,1.12252E+11,1.14757E+11,1.18438E+11,1.33849E+11,2.40197E+11,2.32717E+11,2.34111E+11,2.2776E+11
United States,USA,Americas,Northern America,GDP growth (annual %),NY.GDP.MKTP.KD.ZG,3.483549935,2.784539638,2.003858299,0.113587248,-2.576500232,2.695192582,1.564406855,2.289113386,2.117830098,2.523819814,2.945550456,1.819451476,2.457622302,2.966505069,2.58382533,-2.163029139,6.055052933,2.51237532,2.887556009,2.796190356
United States,USA,Americas,Northern America,GDP per capita (constant 2015 US$),NY.GDP.PCAP.KD,52649.57131,53596.31524,54152.82927,53703.9629,51863.61834,52812.68299,53215.53623,54000.84108,54728.86018,55665.24112,56849.46979,57430.84993,58435.97075,59817.65568,61047.96482,59484.03355,62986.65631,64198.43249,65505.2557,66682.6147
United States,USA,Americas,Northern America,GDP (constant 2015 US$),NY.GDP.MKTP.KD,1.55588E+13,1.59921E+13,1.63125E+13,1.63311E+13,1.59103E+13,1.63391E+13,1.65947E+13,1.69746E+13,1.73341E+13,1.77715E+13,1.8295E+13,1.86279E+13,1.90857E+13,1.96519E+13,2.01596E+13,1.97236E+13,2.09179E+13,2.14434E+13,2.20626E+13,2.26795E+13
United States,USA,Americas,Northern America,Current account balance (% of GDP),BN.CAB.XOKA.GD.ZS,-5.745982671,-5.91102091,-5.088727357,-4.715859904,-2.622836322,-2.870641454,-2.918620653,-2.572368474,-2.010907971,-2.101176172,-2.23255849,-2.106997251,-1.874424271,-2.125184131,-2.051821585,-2.779343831,-3.625808876,-3.81876451,-3.34773905,-4.061327625
United States,USA,Americas,Northern America,Access to electricity (% of population),EG.ELC.ACCS.ZS,100,100,100,100,100,100,100,100,100,100,100,100,100,100,100,100,100,100,100,..
United States,USA,Americas,Northern America,External balance on goods and services (% of GDP),NE.RSB.GNFS.ZS,-5.674444523,-5.692506787,-5.084436973,-5.016099676,-2.895089517,-3.537172076,-3.715551011,-3.393737038,-2.834322521,-2.890140911,-2.865916674,-2.676279332,-2.770376169,-2.871137611,-2.680085805,-2.932466615,-3.631699632,-3.687233996,-2.876340573,-3.094241575
United States,USA,Americas,Northern America,GDP per capita (current US$),NY.GDP.PCAP.CD,44123.39965,46301.98765,48050.22741,48570.05943,47194.95009,48642.63121,50024.88123,51708.39406,53297.38629,55153.39402,56849.46979,57976.6282,60047.71907,62875.66614,65227.95659,64401.50744,71307.40173,77860.91129,82304.62043,85809.90038
United States,USA,Americas,Northern America,GDP per capita growth (annual %),NY.GDP.PCAP.KD.ZG,2.534110705,1.798198746,1.038343823,-0.828888121,-3.426831941,1.829923699,0.762796403,1.475705969,1.348162527,1.710945439,2.127411382,1.02266589,1.750140952,2.3644425,2.056765899,-2.561807384,5.88834104,1.923861729,2.035599877,1.797350443
United States,USA,Americas,Northern America,GDP (current US$),NY.GDP.MKTP.CD,1.30392E+13,1.38156E+13,1.44742E+13,1.47699E+13,1.44781E+13,1.5049E+13,1.55997E+13,1.6254E+13,1.68807E+13,1.76081E+13,1.8295E+13,1.88049E+13,1.96121E+13,2.06565E+13,2.154E+13,2.13541E+13,2.36812E+13,2.60069E+13,2.77207E+13,2.91849E+13
Uruguay,URY,Americas,South America,"Total reserves (includes gold, current US$)",FI.RES.TOTL.CD,3078376702,3090608692,4121414263,6360194479,8037871916,7655538209,10301678593,13604619914,16280547229,17554713318,15633854333,13471669447,15959345501,15556520867,14504021741,16250371651,16962770287,15126762058,16256769467,17377698943
Uruguay,URY,Americas,South America,Total reserves minus gold (current US$),FI.RES.XGLD.CD,3074054425,3085255596,4114322852,6352808823,8028641890,7643649478,10288750278,13590869948,16270614982,17544792292,15630229738,13467888236,15955048731,15552280400,14499003258,16244164853,16956810478,15120865214,16250083310,17369289710
Uruguay,URY,Americas,South America,GDP growth (annual %),NY.GDP.MKTP.KD.ZG,7.46013213,4.098577354,6.541510845,7.176144665,4.243494195,7.803409651,5.162133025,3.538178721,4.637538629,3.23879123,0.370741258,1.68979823,1.740376434,0.164777609,0.928351141,-7.357327065,5.844273126,4.486227031,0.742128785,3.108254781
Uruguay,URY,Americas,South America,GDP per capita (constant 2015 US$),NY.GDP.PCAP.KD,11131.39849,11574.47054,12310.48274,13165.83628,13691.71421,14722.37801,15443.99619,15949.3177,16639.40548,17122.03646,17125.90168,17357.235,17611.60367,17608.94412,17758.43844,16443.3635,17416.00522,18228.35584,18378.98336,18958.60333
Uruguay,URY,Americas,South America,GDP (constant 2015 US$),NY.GDP.MKTP.KD,36575226345,38074290289,40564924117,43475921755,45320819971,48857389210,51379472634,53197370201,55664418794,57467273108,57680327999,58655009160,59675827117,59774159518,60329073610,55890466349,59156857854,61810768801,62269484309,64204978532
Uruguay,URY,Americas,South America,Current account balance (% of GDP),BN.CAB.XOKA.GD.ZS,0.243497121,-1.985069024,-0.926356078,-5.555950546,-1.165714031,-1.742156794,-2.611328611,-3.755056952,-3.287209356,-2.989425222,-0.255015059,0.82506215,0.011326175,-0.459786698,1.290768534,-0.641294428,-2.433511368,-3.789436934,-3.402914675,-1.034382231
Uruguay,URY,Americas,South America,Access to electricity (% of population),EG.ELC.ACCS.ZS,98,98.5,98.7,98.8,99.1,99.3,99.2,99.6,99.6,99.7,99.7,99.7,99.8,99.8,99.9,100,100,100,100,..
Uruguay,URY,Americas,South America,External balance on goods and services (% of GDP),NE.RSB.GNFS.ZS,1.930343315,-1.376565712,-1.029473342,-4.802047064,0.804012241,0.986951881,-0.402735169,-3.221895315,-3.011573625,-2.002300835,-0.372538306,5.392756825,5.484357918,5.051777406,6.065905051,4.644687928,7.57416938,5.632430922,3.369615402,5.056627048
Uruguay,URY,Americas,South America,GDP per capita (current US$),NY.GDP.PCAP.CD,5284.25678,6001.332948,7222.054036,9423.965626,9881.395731,12641.05768,15132.26757,16259.59408,18335.25948,18322.42768,17125.90168,17009.75842,19184.65026,19249.94047,18315.7317,15757.5356,17881.81872,20818.61461,23019.42216,23906.5133
Uruguay,URY,Americas,South America,GDP per capita growth (annual %),NY.GDP.PCAP.KD.ZG,7.37434772,3.980380827,6.358927544,6.948172257,3.994261466,7.527646178,4.901505614,3.271960829,4.32675422,2.900530202,0.022574556,1.350780377,1.465490735,-0.015101127,0.848968097,-7.405352345,5.915101985,4.664391249,0.826336249,3.153710745
Uruguay,URY,Americas,South America,GDP (current US$),NY.GDP.MKTP.CD,17362857684,19741420740,23797773024,31119602539,32708319078,41950361212,50342406067,54232266359,61337621934,61496186974,57680327999,57480787465,65005997963,65344577416,62222313619,53559359262,60739084241,70594110920,77991666838,80961511074
Uzbekistan,UZB,Asia,Central Asia,"Total reserves (includes gold, current US$)",FI.RES.TOTL.CD,..,..,..,..,..,..,..,..,22501939341,24195780634,24287333270,26284410687,28070940955,27077105981,29291325502,34903111839,35375443900,35773956818,34557511091,41236890133
Uzbekistan,UZB,Asia,Central Asia,Total reserves minus gold (current US$),FI.RES.XGLD.CD,..,..,..,..,..,..,..,..,14082484341,13546800634,13666133270,14172247687,14042810955,12440662981,12842925502,14687252839,14189479900,12702741318,9932455091,9144960133
Uzbekistan,UZB,Asia,Central Asia,GDP growth (annual %),NY.GDP.MKTP.KD.ZG,6.950007196,7.451418476,9.473005305,9.029161018,8.050933327,7.597167961,7.525139894,7.102444887,7.29655037,6.873838441,7.218773508,5.9321508,4.395274633,5.559195729,6.779923997,1.563342773,8.034683126,6.001342322,6.291416351,6.5
Uzbekistan,UZB,Asia,Central Asia,GDP per capita (constant 2015 US$),NY.GDP.PCAP.KD,1549.045775,1643.146456,1773.758037,1904.458555,2025.042986,2144.640006,2271.009362,2395.840368,2530.684479,2659.990751,2803.19018,2918.677259,2995.767614,3108.161879,3259.369646,3249.051911,3442.724845,3576.715527,3725.674146,3890.415931
Uzbekistan,UZB,Asia,Central Asia,GDP (constant 2015 US$),NY.GDP.MKTP.KD,40828160774,43870437889,48026286798,52362657564,56578340213,60876691748,65457747965,70106848439,75222229948,80392884506,86196264755,91309557165,95322862969,1.00622E+11,1.07444E+11,1.09124E+11,1.17892E+11,1.24967E+11,1.32829E+11,1.41463E+11
Uzbekistan,UZB,Asia,Central Asia,Current account balance (% of GDP),BN.CAB.XOKA.GD.ZS,8.021475992,9.982780953,8.108275728,10.775516,5.227677289,4.578738377,4.625385509,1.790632118,1.797982492,2.567776598,1.039128672,0.247551115,2.120252106,-6.12166434,-5.009722244,-4.557098019,-6.332463723,-3.15905928,-7.596995178,-4.972417442
Uzbekistan,UZB,Asia,Central Asia,Access to electricity (% of population),EG.ELC.ACCS.ZS,99.4,99.5,99.5,99.5,99.5,99.6,99.7,99.7,99.8,99.8,99.9,99.9,100,100,100,100,99.9,100,100,..
Uzbekistan,UZB,Asia,Central Asia,External balance on goods and services (% of GDP),NE.RSB.GNFS.ZS,6.092800533,5.556083106,4.927665839,2.589053575,0.65211967,-0.677562261,-2.280167542,-5.672242202,-5.086482311,-4.26609321,-3.209168973,-4.526165622,-5.60089113,-15.7841847,-14.26365617,-12.22069786,-14.84420051,-16.30719046,-17.25565137,-15.19585739
Uzbekistan,UZB,Asia,Central Asia,GDP per capita (current US$),NY.GDP.PCAP.CD,542.8358087,649.118167,824.0281923,1074.729288,1205.799355,1753.207302,2087.863861,2307.346491,2461.979474,2674.962838,2803.19018,2753.379514,2190.604116,1813.085308,2041.384807,1978.280519,2258.519641,2578.666894,2878.968793,3161.700106
Uzbekistan,UZB,Asia,Central Asia,GDP per capita growth (annual %),NY.GDP.PCAP.KD.ZG,5.620586953,6.074751462,7.948870306,7.368565239,6.331691024,5.905900269,5.892334203,5.496719098,5.628259431,5.10953748,5.383455909,4.119844566,2.641277162,3.751768451,4.864861407,-0.31655616,5.9609061,3.891995112,4.164676153,4.421798003
Uzbekistan,UZB,Asia,Central Asia,GDP (current US$),NY.GDP.MKTP.CD,14307509839,17330833853,22311393928,29549438884,33689223673,49765676402,60178909297,67517349212,73180037915,80845385809,86196264755,86138288644,69703222283,58695899092,67293639798,66443265418,77340060003,90095926567,1.02642E+11,1.14965E+11
Vanuatu,VUT,Oceania,Melanesia,"Total reserves (includes gold, current US$)",FI.RES.TOTL.CD,67197553.93,104661394.5,119623134.4,115230050,148612899.9,161382135.4,173789321.6,182228490.8,179199339.3,183998594.9,269167136.2,267345975.9,395101633.9,420592370.2,511546284.1,613636752.1,664751367.3,638537154.3,643768389.6,614649778.9
Vanuatu,VUT,Oceania,Melanesia,Total reserves minus gold (current US$),FI.RES.XGLD.CD,67197553.93,104661394.5,119623134.4,115230050,148612899.9,161382135.4,173789321.6,182228490.8,179199339.3,183998594.9,269167136.2,267345975.9,395101633.9,420592370.2,511546284.1,613636752.1,664751367.3,638537154.3,643768389.6,614649778.9
Vanuatu,VUT,Oceania,Melanesia,GDP growth (annual %),NY.GDP.MKTP.KD.ZG,5.305326473,8.460697472,2.875892288,5.600991821,3.037303541,1.258867203,3.1398029,1.010047687,0.463390415,2.575040316,3.965919464,3.471544715,4.412665986,2.900230273,3.241187655,-4.992491429,-1.552294891,5.186228624,-0.964792282,3.967258306
Vanuatu,VUT,Oceania,Melanesia,GDP per capita (constant 2015 US$),NY.GDP.PCAP.KD,2626.850579,2780.974759,2791.741841,2875.085241,2888.137158,2856.773776,2883.226896,2849.054483,2799.282627,2807.83423,2854.894123,2889.014048,2946.961862,2960.653767,2986.203691,2771.870988,2666.302698,2740.275455,2651.473494,2694.698074
Vanuatu,VUT,Oceania,Melanesia,GDP (constant 2015 US$),NY.GDP.MKTP.KD,553635028,600476412.8,617745467.6,652345340.7,672159048.9,680620638.7,701990785.3,709081226.9,712367041.4,730710779.9,759690181,786063165.3,820749507.2,844553132.9,871926684.8,828395819.8,815536673.8,857832270.2,849555970.6,883260050.5
Vanuatu,VUT,Oceania,Melanesia,Current account balance (% of GDP),BN.CAB.XOKA.GD.ZS,-8.620455322,-6.858258159,-6.664420972,-23.96609235,1.734688726,-6.288499496,-7.91488481,-9.175023862,-0.679551097,0.547350762,-15.08944018,-8.761109214,-8.047603404,3.236471666,7.825805513,-6.362022284,-7.680567037,-12.36417908,..,..
Vanuatu,VUT,Oceania,Melanesia,Access to electricity (% of population),EG.ELC.ACCS.ZS,31,26.4,33.6,36.5,33.3,44.1,42,43.9,31.7,49.1,52.3,57.8,62.8,61.6,64.5,67.3,70,71.6,61.6,..
Vanuatu,VUT,Oceania,Melanesia,External balance on goods and services (% of GDP),NE.RSB.GNFS.ZS,-9.407156763,-6.996358849,-6.996483799,-12.81927067,-7.377839607,-6.386546864,-5.786227415,-1.83030688,-3.046365006,-2.531089394,-20.18406242,-11.46718014,-10.20476988,2.541405762,1.307584923,-32.96800694,-39.51563401,-45.80704853,..,..
Vanuatu,VUT,Oceania,Melanesia,GDP per capita (current US$),NY.GDP.PCAP.CD,1873.991426,2034.792896,2333.705067,2603.608831,2546.383246,2815.18829,3163.186165,3004.784167,2979.796081,2973.090265,2854.894123,2956.126448,3159.860558,3206.657487,3207.446505,3042.987116,3211.719473,3292.341088,3515.236336,3542.810716
Vanuatu,VUT,Oceania,Melanesia,GDP per capita growth (annual %),NY.GDP.PCAP.KD.ZG,2.782615363,5.867261011,0.387169374,2.985354816,0.453966271,-1.085938085,0.925978796,-1.185214135,-1.746960505,0.30549266,1.676021065,1.195138027,2.005798957,0.464610871,0.862982514,-7.177430786,-3.808557112,2.774357049,-3.24062172,1.630209766
Vanuatu,VUT,Oceania,Melanesia,GDP (current US$),NY.GDP.MKTP.CD,394962433,439358586.5,516392922.5,590748429.4,592622319.1,670712979.7,770153588.2,747839697.7,758304466.2,773717010.5,759690181,804323576.9,880043284.4,914727908.1,936526267.6,909421043.5,982362211.9,1030654208,1126313359,1161251868
"Venezuela, RB",VEN,Americas,South America,"Total reserves (includes gold, current US$)",FI.RES.TOTL.CD,29802940548,36715128120,33759218865,43065463087,34317956994,29665473906,27934651459,29468789163,20275216409,21454894042,15625329212,10150000484,9794062065,..,..,..,..,..,..,..
"Venezuela, RB",VEN,Americas,South America,Total reserves minus gold (current US$),FI.RES.XGLD.CD,23918830548,29417292120,24196106365,33098128087,21702956994,13136793906,9930091459,9900149163,6038026409,7456598782,6324285012,3264516564,3034370365,..,..,..,..,..,..,..
"Venezuela, RB",VEN,Americas,South America,GDP growth (annual %),NY.GDP.MKTP.KD.ZG,10.3179138,9.872149109,8.753578808,5.277854124,-3.202302657,-1.488791251,4.176425359,5.625956975,1.343094036,-3.894386475,..,..,..,..,..,..,..,..,..,..
"Venezuela, RB",VEN,Americas,South America,GDP per capita (constant 2015 US$),NY.GDP.PCAP.KD,..,..,..,..,..,..,..,..,..,..,..,..,..,..,..,..,..,..,..,..
"Venezuela, RB",VEN,Americas,South America,GDP (constant 2015 US$),NY.GDP.MKTP.KD,..,..,..,..,..,..,..,..,..,..,..,..,..,..,..,..,..,..,..,..
"Venezuela, RB",VEN,Americas,South America,Current account balance (% of GDP),BN.CAB.XOKA.GD.ZS,17.48772575,14.42247513,5.84466291,9.905575043,0.130083715,1.420424364,5.163639685,0.678230616,1.240952356,1.0197792,..,..,..,..,..,..,..,..,..,..
"Venezuela, RB",VEN,Americas,South America,Access to electricity (% of population),EG.ELC.ACCS.ZS,98.8,99.3,98.9,98.9,99,99.1,98.8,99.3,99.4,100,100,99.4,99.2,99.9,99.8,99.9,100,100,100,..
"Venezuela, RB",VEN,Americas,South America,External balance on goods and services (% of GDP),NE.RSB.GNFS.ZS,19.18997573,14.37165166,6.061982238,9.814325632,-2.377891919,10.92392045,10.24790762,1.938461124,-4.747804661,-14.70315882,..,..,..,..,..,..,..,..,..,..
"Venezuela, RB",VEN,Americas,South America,GDP per capita (current US$),NY.GDP.PCAP.CD,5432.485418,6739.380653,8331.62097,11262.45143,11596.60219,13646.30466,10843.92297,12901.41716,12403.1467,15943.61272,..,..,..,..,..,..,..,..,..,..
"Venezuela, RB",VEN,Americas,South America,GDP per capita growth (annual %),NY.GDP.PCAP.KD.ZG,8.485311698,8.100929101,7.083191552,3.760502878,-4.511403082,-2.770232515,2.848177553,4.308523269,0.128922904,-4.980411379,..,..,..,..,..,..,..,..,..,..
"Venezuela, RB",VEN,Americas,South America,GDP (current US$),NY.GDP.MKTP.CD,1.45513E+11,1.83478E+11,2.30364E+11,3.15953E+11,3.29788E+11,3.93192E+11,3.16482E+11,3.81286E+11,3.71005E+11,4.82359E+11,..,..,..,..,..,..,..,..,..,..
Viet Nam,VNM,Asia,South-Eastern Asia,"Total reserves (includes gold, current US$)",FI.RES.TOTL.CD,9050561631,13384067982,23479392780,23890250550,16447104124,12466600611,13539119001,25573282232,25893489673,34189368833,28250254960,36527291044,49075567812,55452622583,78334835183,94833616150,1.09371E+11,86539530967,92237540812,83081854928
Viet Nam,VNM,Asia,South-Eastern Asia,Total reserves minus gold (current US$),FI.RES.XGLD.CD,9050561631,13384067982,23479392780,23890250550,16447104124,12466600611,13539119001,25573282232,25893489673,34189368833,28250254960,36527291044,49075567812,55452622583,78334835183,94833616150,1.09371E+11,86539530967,92237540812,83081854928
Viet Nam,VNM,Asia,South-Eastern Asia,GDP growth (annual %),NY.GDP.MKTP.KD.ZG,7.547247729,6.977954811,7.129504486,5.661771209,5.39789754,6.423244822,6.413168897,5.504544704,5.55351081,6.422243121,6.987154306,6.690008927,6.940190374,7.465006856,7.359262701,2.865413209,2.553728526,8.537500468,5.065023915,7.091187466
Viet Nam,VNM,Asia,South-Eastern Asia,GDP per capita (constant 2015 US$),NY.GDP.PCAP.KD,1609.962683,1699.676203,1788.948503,1856.005199,1927.134271,2027.581844,2132.904538,2224.114043,2320.084314,2439.286557,2577.568853,2715.578874,2868.1368,3048.283276,3241.07649,3303.169498,3358.217348,3617.663115,3775.463756,4017.746041
Viet Nam,VNM,Asia,South-Eastern Asia,GDP (constant 2015 US$),NY.GDP.MKTP.KD,1.30549E+11,1.39659E+11,1.49616E+11,1.58087E+11,1.6662E+11,1.77322E+11,1.88694E+11,1.99081E+11,2.10137E+11,2.23633E+11,2.39258E+11,2.55265E+11,2.72981E+11,2.93359E+11,3.14948E+11,3.23972E+11,3.32246E+11,3.60611E+11,3.78876E+11,4.05743E+11
Viet Nam,VNM,Asia,South-Eastern Asia,Current account balance (% of GDP),BN.CAB.XOKA.GD.ZS,-0.971989163,-0.246704374,-8.981659364,-10.91795299,-6.23310024,-2.904868152,0.136736251,4.820782314,3.624090153,4.008970264,-0.853052855,0.243099853,-0.586095207,1.902363675,3.918243955,4.344869066,-1.262842792,0.339101747,5.945037073,5.887425049
Viet Nam,VNM,Asia,South-Eastern Asia,Access to electricity (% of population),EG.ELC.ACCS.ZS,96.1,96,93.1,93.8,96.1,97.4,99,97.9,98.5,99.2,99.3,99.2,100,100,99.4,99.8,100,100,99.8,..
Viet Nam,VNM,Asia,South-Eastern Asia,External balance on goods and services (% of GDP),NE.RSB.GNFS.ZS,-3.315860705,-2.879993218,-13.56963479,-13.64409575,-9.488549589,-5.625995606,-2.900266498,3.723733062,2.754537117,3.786630446,0.931475479,2.805064538,2.544960012,4.182975391,5.610959783,5.517333203,1.024581418,3.686638939,8.116767204,..
Viet Nam,VNM,Asia,South-Eastern Asia,GDP per capita (current US$),NY.GDP.PCAP.CD,710.74676,807.7566451,925.6403383,1163.831958,1226.169761,1683.161824,1950.925042,2185.117677,2359.517365,2546.384645,2577.568853,2735.060438,2956.109921,3222.310031,3440.900254,3534.039535,3704.193559,4147.697772,4323.35032,4717.290287
Viet Nam,VNM,Asia,South-Eastern Asia,GDP per capita growth (annual %),NY.GDP.PCAP.KD.ZG,6.553397114,5.572397499,5.252312133,3.74838604,3.832374596,5.212276836,5.19449778,4.276305071,4.314988804,5.137840994,5.668964785,5.354270972,5.617878651,6.280958282,6.324648866,1.915814348,1.666516042,7.725699088,4.361949576,6.417285432
Viet Nam,VNM,Asia,South-Eastern Asia,GDP (current US$),NY.GDP.MKTP.CD,57633255738,66371664817,77414425532,99130304099,1.06015E+11,1.47201E+11,1.72595E+11,1.95591E+11,2.13709E+11,2.33451E+11,2.39258E+11,2.57096E+11,2.81354E+11,3.10106E+11,3.34365E+11,3.46616E+11,3.66475E+11,4.13445E+11,4.33858E+11,4.76388E+11
Virgin Islands (U.S.),VIR,Americas,Caribbean,"Total reserves (includes gold, current US$)",FI.RES.TOTL.CD,..,..,..,..,..,..,..,..,..,..,..,..,..,..,..,..,..,..,..,..
Virgin Islands (U.S.),VIR,Americas,Caribbean,Total reserves minus gold (current US$),FI.RES.XGLD.CD,..,..,..,..,..,..,..,..,..,..,..,..,..,..,..,..,..,..,..,..
Virgin Islands (U.S.),VIR,Americas,Caribbean,GDP growth (annual %),NY.GDP.MKTP.KD.ZG,3.485309017,3.504993147,4.010594022,1.218624955,-6.594788859,0.596383224,-8.204245554,-14.8125,-6.285155295,-1.774530271,-0.425079702,1.600853789,-0.735294118,1.878306878,2.908335497,-1.614938178,3.667607079,-1.311232063,..,..
Virgin Islands (U.S.),VIR,Americas,Caribbean,GDP per capita (constant 2015 US$),NY.GDP.PCAP.KD,46021.59057,47671.56718,49598.12591,50174.75289,46862.8076,47162.73756,43320.17677,36938.16821,34663.64606,34098.711,34007.35294,34614.74826,34435.49445,35174.10199,36309.74384,35850.74331,37313.04849,36983.43106,..,..
Virgin Islands (U.S.),VIR,Americas,Caribbean,GDP (constant 2015 US$),NY.GDP.MKTP.KD,4991179562,5166120064,5373312166,5438792689,5080115795,5110412753,4691141942,3996266542,3745094984,3678637140,3663000000,3721639274,3694274280,3763664088,3873124066,3810575507,3950332444,3898534418,..,..
Virgin Islands (U.S.),VIR,Americas,Caribbean,Current account balance (% of GDP),BN.CAB.XOKA.GD.ZS,..,..,..,..,..,..,..,..,..,..,..,..,..,..,..,..,..,..,..,..
Virgin Islands (U.S.),VIR,Americas,Caribbean,Access to electricity (% of population),EG.ELC.ACCS.ZS,100,100,100,100,100,100,100,100,100,100,100,100,100,100,100,100,100,100,100,..
Virgin Islands (U.S.),VIR,Americas,Caribbean,External balance on goods and services (% of GDP),NE.RSB.GNFS.ZS,22.1770551,15.6779661,30.81103679,4.476908577,1.809093073,12.34967623,1.37343121,3.154805576,-7.142857143,-7.545582048,-1.501501502,-19.24697209,-31.02266737,-52.99515677,-45.49866537,-36.98273824,0.266252496,-10.89469178,..,..
Virgin Islands (U.S.),VIR,Americas,Caribbean,GDP per capita (current US$),NY.GDP.PCAP.CD,40828.74609,41377.1466,44158.5054,39152.37507,38753.18254,39905.12842,38997.13732,37795.31926,34597.97669,33045.36438,34007.35294,35324.97489,35365.0693,36663.20876,38633.52989,39787.37417,42571.07774,44320.90919,..,..
Virgin Islands (U.S.),VIR,Americas,Caribbean,GDP per capita growth (annual %),NY.GDP.PCAP.KD.ZG,3.497713552,3.585222912,4.041316111,1.162598335,-6.600820338,0.640017046,-8.147450692,-14.73218495,-6.157647384,-1.62976238,-0.267922316,1.786070569,-0.517853882,2.144901825,3.228630685,-1.264124946,4.078869901,-0.883383819,..,..
Virgin Islands (U.S.),VIR,Americas,Caribbean,GDP (current US$),NY.GDP.MKTP.CD,4428000000,4484000000,4784000000,4244000000,4201000000,4324000000,4223000000,4089000000,3738000000,3565000000,3663000000,3798000000,3794000000,3923000000,4121000000,4229000000,4507000000,4672000000,..,..
West Bank and Gaza,PSE,Asia,Western Asia,"Total reserves (includes gold, current US$)",FI.RES.TOTL.CD,..,314081277.7,354784633.9,509535838.8,498173298.1,531755697.1,498047447.6,664041719.5,685224934.3,672378108.5,580939642.2,312800333.7,446349334.4,537846124.6,658352116.3,697074683.3,872540971,896900000,1323200000,1328000000
West Bank and Gaza,PSE,Asia,Western Asia,Total reserves minus gold (current US$),FI.RES.XGLD.CD,..,314081277.7,354784633.9,509535838.8,498173298.1,531755697.1,498047447.6,664041719.5,685224934.3,672378108.5,580939642.2,312800333.7,446349334.4,537846124.6,658352116.3,697074683.3,872540971,896900000,1323200000,1328000000
West Bank and Gaza,PSE,Asia,Western Asia,GDP growth (annual %),NY.GDP.MKTP.KD.ZG,11.29065118,-0.996556103,3.788281521,7.429182255,8.593490879,5.777362056,9.600808489,6.096456563,4.698569866,-0.157866651,3.721299671,8.86461882,1.419367563,1.227077378,1.362687466,-11.31846611,7.011982276,4.082760273,-4.555804285,-26.55752645
West Bank and Gaza,PSE,Asia,Western Asia,GDP per capita (constant 2015 US$),NY.GDP.PCAP.KD,2632.246274,2540.267631,2569.984341,2685.986018,2840.01595,2927.08102,3128.108111,3237.9162,3309.631202,3227.849345,3272.154324,3483.099035,3462.979861,3417.794408,3378.434621,2922.468011,3051.48607,3099.960901,2888.763061,2072.090195
West Bank and Gaza,PSE,Asia,Western Asia,GDP (constant 2015 US$),NY.GDP.MKTP.KD,8740100000,8653000000,8980800000,9648000000,10477100000,11082400000,12146400000,12886900000,13492400000,13471100000,13972400000,15211000000,15426900000,15616200000,15829000000,14037400000,15021700000,15635000000,14922700000,10959600000
West Bank and Gaza,PSE,Asia,Western Asia,Current account balance (% of GDP),BN.CAB.XOKA.GD.ZS,-26.63725924,-23.06333525,-7.196506793,5.206271287,-14.14070428,-13.49939323,-18.50070576,-14.91707514,-14.77239262,-13.5869104,-13.87891759,-13.90776227,-13.20656079,-13.15003055,-10.38548043,-12.2511115,-9.818047385,-10.62652299,-16.22246569,-21.14379677
West Bank and Gaza,PSE,Asia,Western Asia,Access to electricity (% of population),EG.ELC.ACCS.ZS,99.6,99.7,98.8,99.8,99.9,99.9,99.7,99.8,99.9,99.9,99.9,100,99.9,100,100,100,100,100,100,..
West Bank and Gaza,PSE,Asia,Western Asia,External balance on goods and services (% of GDP),NE.RSB.GNFS.ZS,-55.61386737,-55.10349083,-55.32953901,-47.60751806,-47.11898784,-40.25202706,-35.07746221,-36.27666197,-35.03163035,-36.09369751,-38.65620795,-36.76892518,-37.00024802,-39.47814654,-37.9513818,-36.57294437,-38.4013474,-45.5224231,-44.04215622,-39.23390538
West Bank and Gaza,PSE,Asia,Western Asia,GDP per capita (current US$),NY.GDP.PCAP.CD,1543.701414,1570.1044,1664.245717,2035.202341,2191.781787,2557.075624,2880.798437,3067.438727,3315.297539,3352.112595,3272.154324,3527.613824,3620.360487,3562.330943,3656.858271,3233.568638,3678.635657,3799.95527,3455.028529,2592.305912
West Bank and Gaza,PSE,Asia,Western Asia,GDP per capita growth (annual %),NY.GDP.PCAP.KD.ZG,8.482908417,-3.49430235,1.169825962,4.513711439,5.734576813,3.065654256,6.867834875,3.510367464,2.214850479,-2.471026305,1.372585088,6.446661461,-0.577622802,-1.304814192,-1.151613665,-13.49638697,4.414695345,1.588564714,-6.812919487,-28.2706767
West Bank and Gaza,PSE,Asia,Western Asia,GDP (current US$),NY.GDP.MKTP.CD,5125700000,5348300000,5815700000,7310400000,8085700000,9681500000,11186100000,12208400000,13515500000,13989700000,13972400000,15405400000,16128000000,16276600000,17133500000,15531700000,18109000000,19165500000,17847900000,13711100000
"Yemen, Rep.",YEM,Asia,Western Asia,"Total reserves (includes gold, current US$)",FI.RES.TOTL.CD,6141048032,7543297619,7757119856,8154861549,6989929591,5938628775,4525488820,6150781008,5344296755,4357504077,1442757094,877442199.5,920558927.7,2983208349,1653643446,969612981.6,1687999721,1250826379,..,..
"Yemen, Rep.",YEM,Asia,Western Asia,Total reserves minus gold (current US$),FI.RES.XGLD.CD,6115398032,7511512619,7715432356,8111374049,6935554591,5868353775,4448938820,6067581008,5284071755,4357504077,1442757094,877442199.5,920558927.7,2983208349,1653643446,969612981.6,1687999721,1250826379,..,..
"Yemen, Rep.",YEM,Asia,Western Asia,GDP growth (annual %),NY.GDP.MKTP.KD.ZG,5.591748076,3.170409359,3.338427956,3.64756947,3.866229516,7.702307045,-12.7148969,2.392990203,4.823519081,-0.188690238,-27.99454624,-9.375123824,-5.071795643,0.752447592,..,..,..,..,..,..
"Yemen, Rep.",YEM,Asia,Western Asia,GDP per capita (constant 2015 US$),NY.GDP.PCAP.KD,2237.616415,2234.721484,2235.729565,2244.023644,2257.447621,2356.199604,1994.836633,1981.458,2014.728906,1950.162545,1362.173812,1197.958659,1103.456349,1079.329384,..,..,..,..,..,..
"Yemen, Rep.",YEM,Asia,Western Asia,GDP (constant 2015 US$),NY.GDP.MKTP.KD,50995468285,52612233385,54368654892,56351789349,58530478862,63038676059,55023373391,56340077326,59057651706,58946215682,42444490074,38465266573,36514386859,36789138484,..,..,..,..,..,..
"Yemen, Rep.",YEM,Asia,Western Asia,Current account balance (% of GDP),BN.CAB.XOKA.GD.ZS,3.730349512,1.079150463,-6.966712096,-4.649759223,-10.05726135,-3.410699235,-1.611439956,-0.945211099,-3.786913564,-3.442752752,-7.129369539,-7.723910585,..,..,..,..,..,..,..,..
"Yemen, Rep.",YEM,Asia,Western Asia,Access to electricity (% of population),EG.ELC.ACCS.ZS,54.8,55.8,57.2,58.4,59.6,60.8,62,52.4,75.6,66.1,67.4,68.9,79.2,62,72.8,73.9,74.9,76,83.6,..
"Yemen, Rep.",YEM,Asia,Western Asia,External balance on goods and services (% of GDP),NE.RSB.GNFS.ZS,5.020353402,0.440937988,-7.316573514,-5.57081186,-11.42107478,-4.395481653,-2.378609615,-11.63420325,-7.792681158,-5.274866355,-12.26450399,-21.46313877,-23.5934095,-38.56561796,..,..,..,..,..,..
"Yemen, Rep.",YEM,Asia,Western Asia,GDP per capita (current US$),NY.GDP.PCAP.CD,734.1599085,809.7131276,890.3057681,1071.635833,969.2435099,1155.203053,1186.475006,1245.050683,1378.75003,1430.16421,1362.173812,975.359417,811.1659704,633.8872025,..,..,..,..,..,..
"Yemen, Rep.",YEM,Asia,Western Asia,GDP per capita growth (annual %),NY.GDP.PCAP.KD.ZG,2.372031853,-0.129375631,0.045109909,0.37097863,0.598210144,4.374497208,-15.33668753,-0.670663095,1.67911232,-3.204717053,-30.15075509,-12.05537438,-7.888612016,-2.186490193,..,..,..,..,..,..
"Yemen, Rep.",YEM,Asia,Western Asia,GDP (current US$),NY.GDP.MKTP.CD,16731566717,19063143370,21650528674,26910855807,25130278213,30906749533,32726417878,35401331609,40415233436,43228585321,42444490074,31317825274,26842229045,21606160663,..,..,..,..,..,..
Zambia,ZMB,Africa,Eastern Africa,"Total reserves (includes gold, current US$)",FI.RES.TOTL.CD,559788508.3,719716911.6,1089952023,1095608609,1892077713,2093753266,2324018127,3042223849,2683813403,3078362297,2967626716,2352719004,2082083920,1569229906,1448624290,1203448374,2753875454,2967565317,3173177777,4089834508
Zambia,ZMB,Africa,Eastern Africa,Total reserves minus gold (current US$),FI.RES.XGLD.CD,559788508.3,719716911.6,1089952023,1095608609,1892077713,2093753266,2324018127,3042223849,2683813403,3078362297,2967626716,2352719004,2082083920,1569229906,1448624290,1203448374,2753875454,2967565317,3173177777,4089834508
Zambia,ZMB,Africa,Eastern Africa,GDP growth (annual %),NY.GDP.MKTP.KD.ZG,7.235599007,7.903694445,8.352436244,7.773895815,9.220348406,10.29822332,5.569252193,7.597381049,5.05753695,4.693283164,2.920375112,3.755100317,3.525862771,4.034493897,1.441306026,-2.785055065,6.234922047,5.211223604,5.367942855,4.043148299
Zambia,ZMB,Africa,Eastern Africa,GDP per capita (constant 2015 US$),NY.GDP.PCAP.KD,929.0792559,968.563565,1013.085674,1053.586123,1110.719181,1183.417124,1208.464246,1258.789386,1280.770122,1299.012418,1295.877887,1303.575139,1308.768292,1321.250457,1301.18133,1228.735001,1269.108218,1298.84805,1330.859982,1346.276489
Zambia,ZMB,Africa,Eastern Africa,GDP (constant 2015 US$),NY.GDP.MKTP.KD,10887711636,11748243096,12729507610,13719086270,14984033822,16527123088,17447560253,18773117889,19722575263,20648211567,21251216799,22049221308,22826646594,23747586257,24089861649,23418945737,24879098748,26175604214,27580695690,28695824119
Zambia,ZMB,Africa,Eastern Africa,Current account balance (% of GDP),BN.CAB.XOKA.GD.ZS,-2.784984149,4.644745062,-1.238020399,-3.330579053,5.953428185,7.525491477,4.658236558,5.378984862,-0.575955751,-1.42709396,-3.612272079,-4.551688275,-1.681270576,-1.301166776,0.603690809,11.79095711,11.90035135,3.747846616,-2.112975524,..
Zambia,ZMB,Africa,Eastern Africa,Access to electricity (% of population),EG.ELC.ACCS.ZS,23.3,24.1,18.5,25.7,26.6,22,28.3,29.2,30.1,27.9,31.1,35.4,40.3,40.2,43,44.6,46.7,47.8,51.1,..
Zambia,ZMB,Africa,Eastern Africa,External balance on goods and services (% of GDP),NE.RSB.GNFS.ZS,-0.978857563,7.3290985,1.410927719,-1.61616971,2.380614383,9.037164094,8.147012908,4.798112133,0.509192366,1.451080136,-5.588217154,-3.309209757,-1.599979127,1.026439569,0.48118027,14.23352353,18.22366884,11.09068,3.450360892,..
Zambia,ZMB,Africa,Eastern Africa,GDP per capita (current US$),NY.GDP.PCAP.CD,710.9820682,1051.717149,1118.731626,1375.50211,1136.241683,1451.10616,1624.868178,1710.050613,1820.718548,1707.485731,1295.877887,1239.085279,1483.465773,1463.899979,1258.986198,951.6443167,1127.160779,1447.123101,1330.727806,1235.084665
Zambia,ZMB,Africa,Eastern Africa,GDP per capita growth (annual %),NY.GDP.PCAP.KD.ZG,3.752643862,4.249832177,4.596715271,3.997731851,5.422723095,6.545123584,2.116508296,4.164388005,1.746180594,1.424322409,-0.241301067,0.593979724,0.398377781,0.953733735,-1.518949511,-5.567735025,3.285754611,2.343364502,2.464640311,1.158386808
Zambia,ZMB,Africa,Eastern Africa,GDP (current US$),NY.GDP.MKTP.CD,8331870169,12756858899,14056957976,17910858638,15328342304,20265559484,23459515276,25503060420,28037239463,27141023558,21251216799,20958412538,25873601261,26311507274,23308667781,18137764931,22096416932,29163782140,27577956471,26325775287
Zimbabwe,ZWE,Africa,Eastern Africa,"Total reserves (includes gold, current US$)",FI.RES.TOTL.CD,97191584.48,154593586.7,163198334.2,81875982.84,821891030,731779021.6,660229297.3,575552811.1,474968710.1,363832802.4,434586085.9,407193244.1,292621249.1,86951094.03,151240506.9,33405021.01,838780244.6,598621573.6,115529709.9,484972804.7
Zimbabwe,ZWE,Africa,Eastern Africa,Total reserves minus gold (current US$),FI.RES.XGLD.CD,97191584.48,154593586.7,144518471.5,75505354.75,821891030,731779021.6,659175718.2,574407706.2,474482653.4,363346140.4,418149725.9,406731446.4,292098759.6,86434589.08,150626737.9,31937527.41,836730965.4,588776316.5,73941518.84,261372934.7
Zimbabwe,ZWE,Africa,Eastern Africa,GDP growth (annual %),NY.GDP.MKTP.KD.ZG,-5.711083707,-3.461495188,-3.653326835,-17.66894633,13.27207858,19.67540766,14.19391573,16.66542898,1.98948554,2.376985704,1.779853541,0.755794054,4.734411226,5.009921382,-6.332449751,-7.816932841,8.468039169,6.139176174,5.336770373,2.029484143
Zimbabwe,ZWE,Africa,Eastern Africa,GDP per capita (constant 2015 US$),NY.GDP.PCAP.KD,1088.076995,1037.69395,986.6958163,802.6350294,896.457891,1055.669926,1184.32961,1359.458296,1367.120401,1380.549271,1386.418559,1377.639277,1422.19346,1471.39489,1356.838211,1230.191557,1311.531,1368.498418,1417.557759,1420.803172
Zimbabwe,ZWE,Africa,Eastern Africa,GDP (constant 2015 US$),NY.GDP.MKTP.KD,13582935180,13112762532,12633710460,10401466939,11781957805,14100106033,16101463201,18784841116,19158562814,19613959113,19963058858,20113938470,21066215031,22121615842,20720775635,19101046520,20718530621,21990477716,23164059016,23634169921
Zimbabwe,ZWE,Africa,Eastern Africa,Current account balance (% of GDP),BN.CAB.XOKA.GD.ZS,..,..,..,..,-7.557247465,-13.74722042,-19.49763694,-13.30768968,-13.8743939,-11.9711357,-7.998120106,-3.394124481,-0.530969792,-4.039184742,3.579422458,4.080082574,1.27830009,0.930066849,0.379995075,..
Zimbabwe,ZWE,Africa,Eastern Africa,Access to electricity (% of population),EG.ELC.ACCS.ZS,36.1,37.2,37.2,37.7,43.4,38.9,36.9,44,40.6,32.3,33.7,42.5,44,45.4,46.7,52.7,49,50.1,62,..
Zimbabwe,ZWE,Africa,Eastern Africa,External balance on goods and services (% of GDP),NE.RSB.GNFS.ZS,-8.9464109,-10.90831172,-8.602157832,-26.58793975,-22.82397953,-23.84262622,-19.8649798,-23.83712442,-14.68136068,-12.81177104,-18.42839798,-11.33188224,-5.711966089,-2.222214246,-0.687644192,-2.727239612,-5.296647477,-9.019266401,-7.636163197,-8.46165857
Zimbabwe,ZWE,Africa,Eastern Africa,GDP per capita (current US$),NY.GDP.PCAP.CD,461.0283184,430.809214,413.302605,340.7402103,735.4462486,901.5505175,1037.246137,1238.594795,1362.299529,1372.214746,1386.418559,1407.420964,3448.086991,2271.852504,1683.913136,1730.45391,1724.387271,2040.546587,2156.034093,2656.409377
Zimbabwe,ZWE,Africa,Eastern Africa,GDP per capita growth (annual %),NY.GDP.PCAP.KD.ZG,-6.59884775,-4.63046686,-4.914564088,-18.65425836,11.68935545,17.76012417,12.18749167,14.78715763,0.56361457,0.982274135,0.425141517,-0.633234617,3.234096474,3.459545469,-7.785583572,-9.33395398,6.611933105,4.343581555,3.584903011,0.228943955
Zimbabwe,ZWE,Africa,Eastern Africa,GDP (current US$),NY.GDP.MKTP.CD,5755215663,5443896938,5291950526,4415703156,9665815601,12041602762,14101801031,17114762914,19091004042,19495547523,19963058858,20548759858,51074726484,34156057417,25715657177,26868564055,27240507842,32789657378,35231369343,44187704410
,,,,,,,,,,,,,,,,,,,,,,,,,
,,,,,,,,,,,,,,,,,,,,,,,,,
,,,,,,,,,,,,,,,,,,,,,,,,,
Data from database: World Development Indicators,,,,,,,,,,,,,,,,,,,,,,,,,
Last Updated: 10/07/2025,,,,,,,,,,,,,,,,,,,,,,,,,
